
===== PUBLIC SOCIAL COLLECTOR RUN Thu Jun 11 14:22:22 MDT 2026 =====
--- Reddit public finance RSS ---
Fetching https://www.reddit.com/r/stocks/new/.rss
Fetching https://www.reddit.com/r/StockMarket/new/.rss
Failed StockMarket: 429 Client Error: Too Many Requests for url: https://www.reddit.com/r/StockMarket/new/.rss
Fetching https://www.reddit.com/r/investing/new/.rss
Failed investing: 429 Client Error: Too Many Requests for url: https://www.reddit.com/r/investing/new/.rss
Fetching https://www.reddit.com/r/SecurityAnalysis/new/.rss
Failed SecurityAnalysis: 429 Client Error: Too Many Requests for url: https://www.reddit.com/r/SecurityAnalysis/new/.rss
{'seen': 15, 'kept': 15, 'upserted': 1, 'modified': 14}
--- Bluesky public search API ---
Fetching Bluesky query: stocks
status: 200
Fetching Bluesky query: earnings
status: 200
Fetching Bluesky query: stock market
status: 200
Fetching Bluesky query: short squeeze
status: 200
Fetching Bluesky query: IPO
status: 200
Fetching Bluesky query: merger acquisition
status: 200
Fetching Bluesky query: FDA approval stock
status: 200
Fetching Bluesky query: SEC investigation stock
status: 200
Fetching Bluesky query: options trading
status: 200
Fetching Bluesky query: $AAPL
status: 200
Fetching Bluesky query: $TSLA
status: 403
<html><body><h1>403 Forbidden</h1>
Request forbidden by administrative rules.
</body></html>


Fetching Bluesky query: $NVDA
status: 403
<html><body><h1>403 Forbidden</h1>
Request forbidden by administrative rules.
</body></html>


Fetching Bluesky query: $AMD
status: 403
<html><body><h1>403 Forbidden</h1>
Request forbidden by administrative rules.
</body></html>


{'seen': 194, 'kept': 167, 'upserted': 3, 'modified': 164}
--- StockTwits public symbol streams ---
Fetching StockTwits symbol: AAPL
status: 200
Fetching StockTwits symbol: MSFT
status: 200
Fetching StockTwits symbol: NVDA
status: 200
Fetching StockTwits symbol: AMZN
status: 200
Fetching StockTwits symbol: META
status: 200
Fetching StockTwits symbol: GOOGL
status: 200
Fetching StockTwits symbol: GOOG
status: 200
Fetching StockTwits symbol: TSLA
status: 200
Fetching StockTwits symbol: AVGO
status: 200
Fetching StockTwits symbol: AMD
status: 200
Fetching StockTwits symbol: ORCL
status: 200
Fetching StockTwits symbol: ADBE
status: 200
Fetching StockTwits symbol: CRM
status: 200
Fetching StockTwits symbol: NFLX
status: 200
Fetching StockTwits symbol: INTC
status: 200
Fetching StockTwits symbol: QCOM
status: 200
Fetching StockTwits symbol: TXN
status: 200
Fetching StockTwits symbol: MU
status: 200
Fetching StockTwits symbol: AMAT
status: 200
Fetching StockTwits symbol: LRCX
status: 200
{'seen': 600, 'kept': 550, 'upserted': 25, 'modified': 525}
===== 5m rolling social counts =====
{"ok":true,"counts":{"StockTwits":643,"Bluesky":192,"Reddit":17},"rows":[{"_id":"StockTwits","count":643},{"_id":"Bluesky","count":192},{"_id":"Reddit","count":17}],"total":852,"window_minutes":5,"since_sec":1781209056,"now_sec":1781209356}

===== PUBLIC SOCIAL COLLECTOR RUN Thu Jun 11 14:23:36 MDT 2026 =====
--- Reddit public finance RSS ---
Fetching https://www.reddit.com/r/stocks/new/.rss
Fetching https://www.reddit.com/r/StockMarket/new/.rss
Failed StockMarket: 429 Client Error: Too Many Requests for url: https://www.reddit.com/r/StockMarket/new/.rss
Fetching https://www.reddit.com/r/investing/new/.rss
Failed investing: 429 Client Error: Too Many Requests for url: https://www.reddit.com/r/investing/new/.rss
Fetching https://www.reddit.com/r/SecurityAnalysis/new/.rss
Failed SecurityAnalysis: 429 Client Error: Too Many Requests for url: https://www.reddit.com/r/SecurityAnalysis/new/.rss
{'seen': 15, 'kept': 15, 'upserted': 0, 'modified': 15}
--- Bluesky public search API ---
Fetching Bluesky query: stocks
status: 200
Fetching Bluesky query: earnings
status: 200
Fetching Bluesky query: stock market
status: 200
Fetching Bluesky query: short squeeze
status: 200
Fetching Bluesky query: IPO
status: 200
Fetching Bluesky query: merger acquisition
status: 200
Fetching Bluesky query: FDA approval stock
status: 200
Fetching Bluesky query: SEC investigation stock
status: 200
Fetching Bluesky query: options trading
status: 200
Fetching Bluesky query: $AAPL
status: 200
Fetching Bluesky query: $TSLA
status: 403
<html><body><h1>403 Forbidden</h1>
Request forbidden by administrative rules.
</body></html>


Fetching Bluesky query: $NVDA
status: 403
<html><body><h1>403 Forbidden</h1>
Request forbidden by administrative rules.
</body></html>


Fetching Bluesky query: $AMD
status: 403
<html><body><h1>403 Forbidden</h1>
Request forbidden by administrative rules.
</body></html>


{'seen': 195, 'kept': 167, 'upserted': 4, 'modified': 163}
--- StockTwits public symbol streams ---
Fetching StockTwits symbol: AAPL
status: 200
Fetching StockTwits symbol: MSFT
status: 200
Fetching StockTwits symbol: NVDA
status: 200
Fetching StockTwits symbol: AMZN
status: 200
Fetching StockTwits symbol: META
status: 200
Fetching StockTwits symbol: GOOGL
status: 200
Fetching StockTwits symbol: GOOG
status: 200
Fetching StockTwits symbol: TSLA
status: 200
Fetching StockTwits symbol: AVGO
status: 200
Fetching StockTwits symbol: AMD
status: 200
Fetching StockTwits symbol: ORCL
status: 200
Fetching StockTwits symbol: ADBE
status: 200
Fetching StockTwits symbol: CRM
status: 200
Fetching StockTwits symbol: NFLX
status: 200
Fetching StockTwits symbol: INTC
status: 200
Fetching StockTwits symbol: QCOM
status: 200
Fetching StockTwits symbol: TXN
status: 200
Fetching StockTwits symbol: MU
status: 200
Fetching StockTwits symbol: AMAT
status: 200
Fetching StockTwits symbol: LRCX
status: 200
{'seen': 600, 'kept': 551, 'upserted': 31, 'modified': 520}
===== 5m rolling social counts =====
{"ok":true,"counts":{"StockTwits":644,"Bluesky":190,"Reddit":17},"rows":[{"_id":"StockTwits","count":644},{"_id":"Bluesky","count":190},{"_id":"Reddit","count":17}],"total":851,"window_minutes":5,"since_sec":1781209133,"now_sec":1781209433}

===== PUBLIC SOCIAL COLLECTOR RUN Thu Jun 11 14:24:53 MDT 2026 =====
--- Reddit public finance RSS ---
Fetching https://www.reddit.com/r/stocks/new/.rss
Fetching https://www.reddit.com/r/StockMarket/new/.rss
Failed StockMarket: 429 Client Error: Too Many Requests for url: https://www.reddit.com/r/StockMarket/new/.rss
Fetching https://www.reddit.com/r/investing/new/.rss
Failed investing: 429 Client Error: Too Many Requests for url: https://www.reddit.com/r/investing/new/.rss
Fetching https://www.reddit.com/r/SecurityAnalysis/new/.rss
Failed SecurityAnalysis: 429 Client Error: Too Many Requests for url: https://www.reddit.com/r/SecurityAnalysis/new/.rss
{'seen': 15, 'kept': 15, 'upserted': 0, 'modified': 15}
--- Bluesky public search API ---
Fetching Bluesky query: stocks
status: 200
Fetching Bluesky query: earnings
status: 200
Fetching Bluesky query: stock market
status: 200
Fetching Bluesky query: short squeeze
status: 200
Fetching Bluesky query: IPO
status: 200
Fetching Bluesky query: merger acquisition
status: 200
Fetching Bluesky query: FDA approval stock
status: 200
Fetching Bluesky query: SEC investigation stock
status: 200
Fetching Bluesky query: options trading
status: 200
Fetching Bluesky query: $AAPL
status: 200
Fetching Bluesky query: $TSLA
status: 403
<html><body><h1>403 Forbidden</h1>
Request forbidden by administrative rules.
</body></html>


Fetching Bluesky query: $NVDA
status: 403
<html><body><h1>403 Forbidden</h1>
Request forbidden by administrative rules.
</body></html>


Fetching Bluesky query: $AMD
status: 403
<html><body><h1>403 Forbidden</h1>
Request forbidden by administrative rules.
</body></html>


{'seen': 195, 'kept': 168, 'upserted': 3, 'modified': 165}
--- StockTwits public symbol streams ---
Fetching StockTwits symbol: AAPL
status: 200
Fetching StockTwits symbol: MSFT
status: 200
Fetching StockTwits symbol: NVDA
status: 200
Fetching StockTwits symbol: AMZN
status: 200
Fetching StockTwits symbol: META
status: 200
Fetching StockTwits symbol: GOOGL
status: 200
Fetching StockTwits symbol: GOOG
status: 200
Fetching StockTwits symbol: TSLA
status: 200
Fetching StockTwits symbol: AVGO
status: 200
Fetching StockTwits symbol: AMD
status: 200
Fetching StockTwits symbol: ORCL
status: 200
Fetching StockTwits symbol: ADBE
status: 200
Fetching StockTwits symbol: CRM
status: 200
Fetching StockTwits symbol: NFLX
status: 200
Fetching StockTwits symbol: INTC
status: 200
Fetching StockTwits symbol: QCOM
status: 200
Fetching StockTwits symbol: TXN
status: 200
Fetching StockTwits symbol: MU
status: 200
Fetching StockTwits symbol: AMAT
status: 200
Fetching StockTwits symbol: LRCX
status: 200
{'seen': 600, 'kept': 552, 'upserted': 32, 'modified': 520}
===== 5m rolling social counts =====
{"ok":true,"counts":{"StockTwits":670,"Bluesky":178,"Reddit":16},"rows":[{"_id":"StockTwits","count":670},{"_id":"Bluesky","count":178},{"_id":"Reddit","count":16}],"total":864,"window_minutes":5,"since_sec":1781209208,"now_sec":1781209509}

===== PUBLIC SOCIAL COLLECTOR RUN Thu Jun 11 14:26:09 MDT 2026 =====
--- Reddit public finance RSS ---
Fetching https://www.reddit.com/r/stocks/new/.rss
Fetching https://www.reddit.com/r/StockMarket/new/.rss
Failed StockMarket: 429 Client Error: Too Many Requests for url: https://www.reddit.com/r/StockMarket/new/.rss
Fetching https://www.reddit.com/r/investing/new/.rss
Failed investing: 429 Client Error: Too Many Requests for url: https://www.reddit.com/r/investing/new/.rss
Fetching https://www.reddit.com/r/SecurityAnalysis/new/.rss
Failed SecurityAnalysis: 429 Client Error: Too Many Requests for url: https://www.reddit.com/r/SecurityAnalysis/new/.rss
{'seen': 15, 'kept': 15, 'upserted': 0, 'modified': 15}
--- Bluesky public search API ---
Fetching Bluesky query: stocks
status: 200
Fetching Bluesky query: earnings
status: 200
Fetching Bluesky query: stock market
status: 200
Fetching Bluesky query: short squeeze
status: 200
Fetching Bluesky query: IPO
status: 200
Fetching Bluesky query: merger acquisition
status: 200
Fetching Bluesky query: FDA approval stock
status: 200
Fetching Bluesky query: SEC investigation stock
status: 200
Fetching Bluesky query: options trading
status: 200
Fetching Bluesky query: $AAPL
status: 200
Fetching Bluesky query: $TSLA
status: 403
<html><body><h1>403 Forbidden</h1>
Request forbidden by administrative rules.
</body></html>


Fetching Bluesky query: $NVDA
status: 403
<html><body><h1>403 Forbidden</h1>
Request forbidden by administrative rules.
</body></html>


Fetching Bluesky query: $AMD
status: 403
<html><body><h1>403 Forbidden</h1>
Request forbidden by administrative rules.
</body></html>


{'seen': 195, 'kept': 166, 'upserted': 11, 'modified': 155}
--- StockTwits public symbol streams ---
Fetching StockTwits symbol: AAPL
status: 200
Fetching StockTwits symbol: MSFT
status: 200
Fetching StockTwits symbol: NVDA
status: 200
Fetching StockTwits symbol: AMZN
status: 200
Fetching StockTwits symbol: META
status: 200
Fetching StockTwits symbol: GOOGL
status: 200
Fetching StockTwits symbol: GOOG
status: 200
Fetching StockTwits symbol: TSLA
status: 200
Fetching StockTwits symbol: AVGO
status: 200
Fetching StockTwits symbol: AMD
status: 200
Fetching StockTwits symbol: ORCL
status: 200
Fetching StockTwits symbol: ADBE
status: 200
Fetching StockTwits symbol: CRM
status: 200
Fetching StockTwits symbol: NFLX
status: 200
Fetching StockTwits symbol: INTC
status: 200
Fetching StockTwits symbol: QCOM
status: 200
Fetching StockTwits symbol: TXN
status: 200
Fetching StockTwits symbol: MU
status: 200
Fetching StockTwits symbol: AMAT
status: 200
Fetching StockTwits symbol: LRCX
status: 200
{'seen': 600, 'kept': 551, 'upserted': 30, 'modified': 521}
===== 5m rolling social counts =====
{"ok":true,"counts":{"StockTwits":668,"Bluesky":189,"Reddit":16},"rows":[{"_id":"StockTwits","count":668},{"_id":"Bluesky","count":189},{"_id":"Reddit","count":16}],"total":873,"window_minutes":5,"since_sec":1781209283,"now_sec":1781209583}

===== PUBLIC SOCIAL COLLECTOR RUN Thu Jun 11 14:27:23 MDT 2026 =====
--- Reddit public finance RSS ---
Fetching https://www.reddit.com/r/stocks/new/.rss
Fetching https://www.reddit.com/r/StockMarket/new/.rss
Failed StockMarket: 429 Client Error: Too Many Requests for url: https://www.reddit.com/r/StockMarket/new/.rss
Fetching https://www.reddit.com/r/investing/new/.rss
Failed investing: 429 Client Error: Too Many Requests for url: https://www.reddit.com/r/investing/new/.rss
Fetching https://www.reddit.com/r/SecurityAnalysis/new/.rss
Failed SecurityAnalysis: 429 Client Error: Too Many Requests for url: https://www.reddit.com/r/SecurityAnalysis/new/.rss
{'seen': 15, 'kept': 15, 'upserted': 1, 'modified': 14}
--- Bluesky public search API ---
Fetching Bluesky query: stocks
status: 200
Fetching Bluesky query: earnings
status: 200
Fetching Bluesky query: stock market
status: 200
Fetching Bluesky query: short squeeze
status: 200
Fetching Bluesky query: IPO
status: 200
Fetching Bluesky query: merger acquisition
status: 200
Fetching Bluesky query: FDA approval stock
status: 200
Fetching Bluesky query: SEC investigation stock
status: 200
Fetching Bluesky query: options trading
status: 200
Fetching Bluesky query: $AAPL
status: 200
Fetching Bluesky query: $TSLA
status: 403
<html><body><h1>403 Forbidden</h1>
Request forbidden by administrative rules.
</body></html>


Fetching Bluesky query: $NVDA
status: 403
<html><body><h1>403 Forbidden</h1>
Request forbidden by administrative rules.
</body></html>


Fetching Bluesky query: $AMD
status: 403
<html><body><h1>403 Forbidden</h1>
Request forbidden by administrative rules.
</body></html>


{'seen': 195, 'kept': 168, 'upserted': 11, 'modified': 157}
--- StockTwits public symbol streams ---
Fetching StockTwits symbol: AAPL
status: 200
Fetching StockTwits symbol: MSFT
status: 200
Fetching StockTwits symbol: NVDA
status: 200
Fetching StockTwits symbol: AMZN
status: 200
Fetching StockTwits symbol: META
status: 200
Fetching StockTwits symbol: GOOGL
status: 200
Fetching StockTwits symbol: GOOG
status: 200
Fetching StockTwits symbol: TSLA
status: 200
Fetching StockTwits symbol: AVGO
status: 200
Fetching StockTwits symbol: AMD
status: 200
Fetching StockTwits symbol: ORCL
status: 200
Fetching StockTwits symbol: ADBE
status: 200
Fetching StockTwits symbol: CRM
status: 200
Fetching StockTwits symbol: NFLX
status: 200
Fetching StockTwits symbol: INTC
status: 200
Fetching StockTwits symbol: QCOM
status: 200
Fetching StockTwits symbol: TXN
status: 200
Fetching StockTwits symbol: MU
status: 200
Fetching StockTwits symbol: AMAT
status: 200
Fetching StockTwits symbol: LRCX
status: 200
{'seen': 600, 'kept': 553, 'upserted': 27, 'modified': 526}
===== 5m rolling social counts =====
{"ok":true,"counts":{"StockTwits":641,"Bluesky":192,"Reddit":17},"rows":[{"_id":"StockTwits","count":641},{"_id":"Bluesky","count":192},{"_id":"Reddit","count":17}],"total":850,"window_minutes":5,"since_sec":1781209359,"now_sec":1781209659}

===== PUBLIC SOCIAL COLLECTOR RUN Thu Jun 11 14:28:39 MDT 2026 =====
--- Reddit public finance RSS ---
Fetching https://www.reddit.com/r/stocks/new/.rss
Fetching https://www.reddit.com/r/StockMarket/new/.rss
Failed StockMarket: 429 Client Error: Too Many Requests for url: https://www.reddit.com/r/StockMarket/new/.rss
Fetching https://www.reddit.com/r/investing/new/.rss
Failed investing: 429 Client Error: Too Many Requests for url: https://www.reddit.com/r/investing/new/.rss
Fetching https://www.reddit.com/r/SecurityAnalysis/new/.rss
Failed SecurityAnalysis: 429 Client Error: Too Many Requests for url: https://www.reddit.com/r/SecurityAnalysis/new/.rss
{'seen': 15, 'kept': 15, 'upserted': 0, 'modified': 15}
--- Bluesky public search API ---
Fetching Bluesky query: stocks
status: 200
Fetching Bluesky query: earnings
status: 200
Fetching Bluesky query: stock market
status: 200
Fetching Bluesky query: short squeeze
status: 200
Fetching Bluesky query: IPO
status: 200
Fetching Bluesky query: merger acquisition
status: 200
Fetching Bluesky query: FDA approval stock
status: 200
Fetching Bluesky query: SEC investigation stock
status: 200
Fetching Bluesky query: options trading
status: 200
Fetching Bluesky query: $AAPL
status: 200
Fetching Bluesky query: $TSLA
status: 403
<html><body><h1>403 Forbidden</h1>
Request forbidden by administrative rules.
</body></html>


Fetching Bluesky query: $NVDA
status: 403
<html><body><h1>403 Forbidden</h1>
Request forbidden by administrative rules.
</body></html>


Fetching Bluesky query: $AMD
status: 403
<html><body><h1>403 Forbidden</h1>
Request forbidden by administrative rules.
</body></html>


{'seen': 195, 'kept': 170, 'upserted': 9, 'modified': 161}
--- StockTwits public symbol streams ---
Fetching StockTwits symbol: AAPL
status: 200
Fetching StockTwits symbol: MSFT
status: 200
Fetching StockTwits symbol: NVDA
status: 200
Fetching StockTwits symbol: AMZN
status: 200
Fetching StockTwits symbol: META
status: 200
Fetching StockTwits symbol: GOOGL
status: 200
Fetching StockTwits symbol: GOOG
status: 200
Fetching StockTwits symbol: TSLA
status: 200
Fetching StockTwits symbol: AVGO
status: 200
Fetching StockTwits symbol: AMD
status: 200
Fetching StockTwits symbol: ORCL
status: 200
Fetching StockTwits symbol: ADBE
status: 200
Fetching StockTwits symbol: CRM
status: 200
Fetching StockTwits symbol: NFLX
status: 200
Fetching StockTwits symbol: INTC
status: 200
Fetching StockTwits symbol: QCOM
status: 200
Fetching StockTwits symbol: TXN
status: 200
Fetching StockTwits symbol: MU
status: 200
Fetching StockTwits symbol: AMAT
status: 200
Fetching StockTwits symbol: LRCX
status: 200
{'seen': 600, 'kept': 550, 'upserted': 35, 'modified': 515}
===== 5m rolling social counts =====
{"ok":true,"counts":{"StockTwits":645,"Bluesky":199,"Reddit":16},"rows":[{"_id":"StockTwits","count":645},{"_id":"Bluesky","count":199},{"_id":"Reddit","count":16}],"total":860,"window_minutes":5,"since_sec":1781209435,"now_sec":1781209735}

===== PUBLIC SOCIAL COLLECTOR RUN Thu Jun 11 14:29:55 MDT 2026 =====
--- Reddit public finance RSS ---
Fetching https://www.reddit.com/r/stocks/new/.rss
Fetching https://www.reddit.com/r/StockMarket/new/.rss
Failed StockMarket: 429 Client Error: Too Many Requests for url: https://www.reddit.com/r/StockMarket/new/.rss
Fetching https://www.reddit.com/r/investing/new/.rss
Failed investing: 429 Client Error: Too Many Requests for url: https://www.reddit.com/r/investing/new/.rss
Fetching https://www.reddit.com/r/SecurityAnalysis/new/.rss
Failed SecurityAnalysis: 429 Client Error: Too Many Requests for url: https://www.reddit.com/r/SecurityAnalysis/new/.rss
{'seen': 15, 'kept': 15, 'upserted': 0, 'modified': 15}
--- Bluesky public search API ---
Fetching Bluesky query: stocks
status: 200
Fetching Bluesky query: earnings
status: 200
Fetching Bluesky query: stock market
status: 200
Fetching Bluesky query: short squeeze
status: 200
Fetching Bluesky query: IPO
status: 200
Fetching Bluesky query: merger acquisition
status: 200
Fetching Bluesky query: FDA approval stock
status: 200
Fetching Bluesky query: SEC investigation stock
status: 200
Fetching Bluesky query: options trading
status: 200
Fetching Bluesky query: $AAPL
status: 200
Fetching Bluesky query: $TSLA
status: 403
<html><body><h1>403 Forbidden</h1>
Request forbidden by administrative rules.
</body></html>


Fetching Bluesky query: $NVDA
status: 403
<html><body><h1>403 Forbidden</h1>
Request forbidden by administrative rules.
</body></html>


Fetching Bluesky query: $AMD
status: 403
<html><body><h1>403 Forbidden</h1>
Request forbidden by administrative rules.
</body></html>


{'seen': 195, 'kept': 171, 'upserted': 6, 'modified': 165}
--- StockTwits public symbol streams ---
Fetching StockTwits symbol: AAPL
status: 200
Fetching StockTwits symbol: MSFT
status: 200
Fetching StockTwits symbol: NVDA
status: 200
Fetching StockTwits symbol: AMZN
status: 200
Fetching StockTwits symbol: META
status: 200
Fetching StockTwits symbol: GOOGL
status: 200
Fetching StockTwits symbol: GOOG
status: 200
Fetching StockTwits symbol: TSLA
status: 200
Fetching StockTwits symbol: AVGO
status: 200
Fetching StockTwits symbol: AMD
status: 200
Fetching StockTwits symbol: ORCL
status: 200
Fetching StockTwits symbol: ADBE
status: 200
Fetching StockTwits symbol: CRM
status: 200
Fetching StockTwits symbol: NFLX
status: 200
Fetching StockTwits symbol: INTC
status: 200
Fetching StockTwits symbol: QCOM
status: 200
Fetching StockTwits symbol: TXN
status: 200
Fetching StockTwits symbol: MU
status: 200
Fetching StockTwits symbol: AMAT
status: 200
Fetching StockTwits symbol: LRCX
status: 200
{'seen': 600, 'kept': 553, 'upserted': 20, 'modified': 533}
===== 5m rolling social counts =====
{"ok":true,"counts":{"StockTwits":633,"Bluesky":192,"Reddit":16},"rows":[{"_id":"StockTwits","count":633},{"_id":"Bluesky","count":192},{"_id":"Reddit","count":16}],"total":841,"window_minutes":5,"since_sec":1781209510,"now_sec":1781209810}

===== PUBLIC SOCIAL COLLECTOR RUN Thu Jun 11 14:31:10 MDT 2026 =====
--- Reddit public finance RSS ---
Fetching https://www.reddit.com/r/stocks/new/.rss
Fetching https://www.reddit.com/r/StockMarket/new/.rss
Failed StockMarket: 429 Client Error: Too Many Requests for url: https://www.reddit.com/r/StockMarket/new/.rss
Fetching https://www.reddit.com/r/investing/new/.rss
Failed investing: 429 Client Error: Too Many Requests for url: https://www.reddit.com/r/investing/new/.rss
Fetching https://www.reddit.com/r/SecurityAnalysis/new/.rss
Failed SecurityAnalysis: 429 Client Error: Too Many Requests for url: https://www.reddit.com/r/SecurityAnalysis/new/.rss
{'seen': 15, 'kept': 15, 'upserted': 0, 'modified': 15}
--- Bluesky public search API ---
Fetching Bluesky query: stocks
status: 200
Fetching Bluesky query: earnings
status: 200
Fetching Bluesky query: stock market
status: 200
Fetching Bluesky query: short squeeze
status: 200
Fetching Bluesky query: IPO
status: 200
Fetching Bluesky query: merger acquisition
status: 200
Fetching Bluesky query: FDA approval stock
status: 200
Fetching Bluesky query: SEC investigation stock
status: 200
Fetching Bluesky query: options trading
status: 200
Fetching Bluesky query: $AAPL
status: 200
Fetching Bluesky query: $TSLA
status: 403
<html><body><h1>403 Forbidden</h1>
Request forbidden by administrative rules.
</body></html>


Fetching Bluesky query: $NVDA
status: 403
<html><body><h1>403 Forbidden</h1>
Request forbidden by administrative rules.
</body></html>


Fetching Bluesky query: $AMD
status: 403
<html><body><h1>403 Forbidden</h1>
Request forbidden by administrative rules.
</body></html>


{'seen': 196, 'kept': 170, 'upserted': 9, 'modified': 161}
--- StockTwits public symbol streams ---
Fetching StockTwits symbol: AAPL
status: 200
Fetching StockTwits symbol: MSFT
status: 200
Fetching StockTwits symbol: NVDA
status: 200
Fetching StockTwits symbol: AMZN
status: 200
Fetching StockTwits symbol: META
status: 200
Fetching StockTwits symbol: GOOGL
status: 200
Fetching StockTwits symbol: GOOG
status: 200
Fetching StockTwits symbol: TSLA
status: 200
Fetching StockTwits symbol: AVGO
status: 200
Fetching StockTwits symbol: AMD
status: 200
Fetching StockTwits symbol: ORCL
status: 200
Fetching StockTwits symbol: ADBE
status: 200
Fetching StockTwits symbol: CRM
status: 200
Fetching StockTwits symbol: NFLX
status: 200
Fetching StockTwits symbol: INTC
status: 200
Fetching StockTwits symbol: QCOM
status: 200
Fetching StockTwits symbol: TXN
status: 200
Fetching StockTwits symbol: MU
status: 200
Fetching StockTwits symbol: AMAT
status: 200
Fetching StockTwits symbol: LRCX
status: 200
{'seen': 600, 'kept': 553, 'upserted': 28, 'modified': 525}
===== 5m rolling social counts =====
{"ok":true,"counts":{"StockTwits":636,"Bluesky":192,"Reddit":15},"rows":[{"_id":"StockTwits","count":636},{"_id":"Bluesky","count":192},{"_id":"Reddit","count":15}],"total":843,"window_minutes":5,"since_sec":1781209587,"now_sec":1781209887}

===== PUBLIC SOCIAL COLLECTOR RUN Thu Jun 11 14:32:27 MDT 2026 =====
--- Reddit public finance RSS ---
Fetching https://www.reddit.com/r/stocks/new/.rss
Fetching https://www.reddit.com/r/StockMarket/new/.rss
Failed StockMarket: 429 Client Error: Too Many Requests for url: https://www.reddit.com/r/StockMarket/new/.rss
Fetching https://www.reddit.com/r/investing/new/.rss
Failed investing: 429 Client Error: Too Many Requests for url: https://www.reddit.com/r/investing/new/.rss
Fetching https://www.reddit.com/r/SecurityAnalysis/new/.rss
Failed SecurityAnalysis: 429 Client Error: Too Many Requests for url: https://www.reddit.com/r/SecurityAnalysis/new/.rss
{'seen': 15, 'kept': 15, 'upserted': 1, 'modified': 14}
--- Bluesky public search API ---
Fetching Bluesky query: stocks
status: 200
Fetching Bluesky query: earnings
status: 200
Fetching Bluesky query: stock market
status: 200
Fetching Bluesky query: short squeeze
status: 200
Fetching Bluesky query: IPO
status: 200
Fetching Bluesky query: merger acquisition
status: 200
Fetching Bluesky query: FDA approval stock
status: 200
Fetching Bluesky query: SEC investigation stock
status: 200
Fetching Bluesky query: options trading
status: 200
Fetching Bluesky query: $AAPL
status: 200
Fetching Bluesky query: $TSLA
status: 403
<html><body><h1>403 Forbidden</h1>
Request forbidden by administrative rules.
</body></html>


Fetching Bluesky query: $NVDA
status: 403
<html><body><h1>403 Forbidden</h1>
Request forbidden by administrative rules.
</body></html>


Fetching Bluesky query: $AMD
status: 403
<html><body><h1>403 Forbidden</h1>
Request forbidden by administrative rules.
</body></html>


{'seen': 197, 'kept': 171, 'upserted': 9, 'modified': 162}
--- StockTwits public symbol streams ---
Fetching StockTwits symbol: AAPL
status: 200
Fetching StockTwits symbol: MSFT
status: 200
Fetching StockTwits symbol: NVDA
status: 200
Fetching StockTwits symbol: AMZN
status: 200
Fetching StockTwits symbol: META
status: 200
Fetching StockTwits symbol: GOOGL
status: 200
Fetching StockTwits symbol: GOOG
status: 200
Fetching StockTwits symbol: TSLA
status: 200
Fetching StockTwits symbol: AVGO
status: 200
Fetching StockTwits symbol: AMD
status: 200
Fetching StockTwits symbol: ORCL
status: 200
Fetching StockTwits symbol: ADBE
status: 200
Fetching StockTwits symbol: CRM
status: 200
Fetching StockTwits symbol: NFLX
status: 200
Fetching StockTwits symbol: INTC
status: 200
Fetching StockTwits symbol: QCOM
status: 200
Fetching StockTwits symbol: TXN
status: 200
Fetching StockTwits symbol: MU
status: 200
Fetching StockTwits symbol: AMAT
status: 200
Fetching StockTwits symbol: LRCX
status: 200
{'seen': 600, 'kept': 553, 'upserted': 19, 'modified': 534}
===== 5m rolling social counts =====
{"ok":true,"counts":{"StockTwits":619,"Bluesky":194,"Reddit":16},"rows":[{"_id":"StockTwits","count":619},{"_id":"Bluesky","count":194},{"_id":"Reddit","count":16}],"total":829,"window_minutes":5,"since_sec":1781209664,"now_sec":1781209964}

===== PUBLIC SOCIAL COLLECTOR RUN Thu Jun 11 14:33:44 MDT 2026 =====
--- Reddit public finance RSS ---
Fetching https://www.reddit.com/r/stocks/new/.rss
Fetching https://www.reddit.com/r/StockMarket/new/.rss
Failed StockMarket: 429 Client Error: Too Many Requests for url: https://www.reddit.com/r/StockMarket/new/.rss
Fetching https://www.reddit.com/r/investing/new/.rss
Failed investing: 429 Client Error: Too Many Requests for url: https://www.reddit.com/r/investing/new/.rss
Fetching https://www.reddit.com/r/SecurityAnalysis/new/.rss
Failed SecurityAnalysis: 429 Client Error: Too Many Requests for url: https://www.reddit.com/r/SecurityAnalysis/new/.rss
{'seen': 15, 'kept': 15, 'upserted': 0, 'modified': 15}
--- Bluesky public search API ---
Fetching Bluesky query: stocks
status: 200
Fetching Bluesky query: earnings
status: 200
Fetching Bluesky query: stock market
status: 200
Fetching Bluesky query: short squeeze
status: 200
Fetching Bluesky query: IPO
status: 200
Fetching Bluesky query: merger acquisition
status: 200
Fetching Bluesky query: FDA approval stock
status: 200
Fetching Bluesky query: SEC investigation stock
status: 200
Fetching Bluesky query: options trading
status: 200
Fetching Bluesky query: $AAPL
status: 200
Fetching Bluesky query: $TSLA
status: 403
<html><body><h1>403 Forbidden</h1>
Request forbidden by administrative rules.
</body></html>


Fetching Bluesky query: $NVDA
status: 403
<html><body><h1>403 Forbidden</h1>
Request forbidden by administrative rules.
</body></html>


Fetching Bluesky query: $AMD
status: 403
<html><body><h1>403 Forbidden</h1>
Request forbidden by administrative rules.
</body></html>


{'seen': 197, 'kept': 171, 'upserted': 0, 'modified': 171}
--- StockTwits public symbol streams ---
Fetching StockTwits symbol: AAPL
status: 200
Fetching StockTwits symbol: MSFT
status: 200
Fetching StockTwits symbol: NVDA
status: 200
Fetching StockTwits symbol: AMZN
status: 200
Fetching StockTwits symbol: META
status: 200
Fetching StockTwits symbol: GOOGL
status: 200
Fetching StockTwits symbol: GOOG
status: 200
Fetching StockTwits symbol: TSLA
status: 200
Fetching StockTwits symbol: AVGO
status: 200
Fetching StockTwits symbol: AMD
status: 200
Fetching StockTwits symbol: ORCL
status: 200
Fetching StockTwits symbol: ADBE
status: 200
Fetching StockTwits symbol: CRM
status: 200
Fetching StockTwits symbol: NFLX
status: 200
Fetching StockTwits symbol: INTC
status: 200
Fetching StockTwits symbol: QCOM
status: 200
Fetching StockTwits symbol: TXN
status: 200
Fetching StockTwits symbol: MU
status: 200
Fetching StockTwits symbol: AMAT
status: 200
Fetching StockTwits symbol: LRCX
status: 200
{'seen': 600, 'kept': 552, 'upserted': 22, 'modified': 530}
===== 5m rolling social counts =====
{"ok":true,"counts":{"StockTwits":622,"Bluesky":189,"Reddit":16},"rows":[{"_id":"StockTwits","count":622},{"_id":"Bluesky","count":189},{"_id":"Reddit","count":16}],"total":827,"window_minutes":5,"since_sec":1781209741,"now_sec":1781210041}

===== PUBLIC SOCIAL COLLECTOR RUN Thu Jun 11 14:35:01 MDT 2026 =====
--- Reddit public finance RSS ---
Fetching https://www.reddit.com/r/stocks/new/.rss
Fetching https://www.reddit.com/r/StockMarket/new/.rss
Failed StockMarket: 429 Client Error: Too Many Requests for url: https://www.reddit.com/r/StockMarket/new/.rss
Fetching https://www.reddit.com/r/investing/new/.rss
Failed investing: 429 Client Error: Too Many Requests for url: https://www.reddit.com/r/investing/new/.rss
Fetching https://www.reddit.com/r/SecurityAnalysis/new/.rss
Failed SecurityAnalysis: 429 Client Error: Too Many Requests for url: https://www.reddit.com/r/SecurityAnalysis/new/.rss
{'seen': 15, 'kept': 15, 'upserted': 0, 'modified': 15}
--- Bluesky public search API ---
Fetching Bluesky query: stocks
status: 200
Fetching Bluesky query: earnings
status: 200
Fetching Bluesky query: stock market
status: 200
Fetching Bluesky query: short squeeze
status: 200
Fetching Bluesky query: IPO
status: 200
Fetching Bluesky query: merger acquisition
status: 200
Fetching Bluesky query: FDA approval stock
status: 200
Fetching Bluesky query: SEC investigation stock
status: 200
Fetching Bluesky query: options trading
status: 200
Fetching Bluesky query: $AAPL
status: 200
Fetching Bluesky query: $TSLA
status: 403
<html><body><h1>403 Forbidden</h1>
Request forbidden by administrative rules.
</body></html>


Fetching Bluesky query: $NVDA
status: 403
<html><body><h1>403 Forbidden</h1>
Request forbidden by administrative rules.
</body></html>


Fetching Bluesky query: $AMD
status: 403
<html><body><h1>403 Forbidden</h1>
Request forbidden by administrative rules.
</body></html>


{'seen': 196, 'kept': 170, 'upserted': 4, 'modified': 166}
--- StockTwits public symbol streams ---
Fetching StockTwits symbol: AAPL
status: 200
Fetching StockTwits symbol: MSFT
status: 200
Fetching StockTwits symbol: NVDA
status: 200
Fetching StockTwits symbol: AMZN
status: 200
Fetching StockTwits symbol: META
status: 200
Fetching StockTwits symbol: GOOGL
status: 200
Fetching StockTwits symbol: GOOG
status: 200
Fetching StockTwits symbol: TSLA
status: 200
Fetching StockTwits symbol: AVGO
status: 200
Fetching StockTwits symbol: AMD
status: 200
Fetching StockTwits symbol: ORCL
status: 200
Fetching StockTwits symbol: ADBE
status: 200
Fetching StockTwits symbol: CRM
status: 200
Fetching StockTwits symbol: NFLX
status: 200
Fetching StockTwits symbol: INTC
status: 200
Fetching StockTwits symbol: QCOM
status: 200
Fetching StockTwits symbol: TXN
status: 200
Fetching StockTwits symbol: MU
status: 200
Fetching StockTwits symbol: AMAT
status: 200
Fetching StockTwits symbol: LRCX
status: 200
{'seen': 600, 'kept': 549, 'upserted': 17, 'modified': 532}
===== 5m rolling social counts =====
{"ok":true,"counts":{"StockTwits":611,"Bluesky":183,"Reddit":16},"rows":[{"_id":"StockTwits","count":611},{"_id":"Bluesky","count":183},{"_id":"Reddit","count":16}],"total":810,"window_minutes":5,"since_sec":1781209816,"now_sec":1781210116}

===== PUBLIC SOCIAL COLLECTOR RUN Thu Jun 11 14:36:17 MDT 2026 =====
--- Reddit public finance RSS ---
Fetching https://www.reddit.com/r/stocks/new/.rss
Fetching https://www.reddit.com/r/StockMarket/new/.rss
Failed StockMarket: 429 Client Error: Too Many Requests for url: https://www.reddit.com/r/StockMarket/new/.rss
Fetching https://www.reddit.com/r/investing/new/.rss
Failed investing: 429 Client Error: Too Many Requests for url: https://www.reddit.com/r/investing/new/.rss
Fetching https://www.reddit.com/r/SecurityAnalysis/new/.rss
Failed SecurityAnalysis: 429 Client Error: Too Many Requests for url: https://www.reddit.com/r/SecurityAnalysis/new/.rss
{'seen': 15, 'kept': 15, 'upserted': 0, 'modified': 15}
--- Bluesky public search API ---
Fetching Bluesky query: stocks
status: 200
Fetching Bluesky query: earnings
status: 200
Fetching Bluesky query: stock market
status: 200
Fetching Bluesky query: short squeeze
status: 200
Fetching Bluesky query: IPO
status: 200
Fetching Bluesky query: merger acquisition
status: 200
Fetching Bluesky query: FDA approval stock
status: 200
Fetching Bluesky query: SEC investigation stock
status: 200
Fetching Bluesky query: options trading
status: 200
Fetching Bluesky query: $AAPL
status: 200
Fetching Bluesky query: $TSLA
status: 403
<html><body><h1>403 Forbidden</h1>
Request forbidden by administrative rules.
</body></html>


Fetching Bluesky query: $NVDA
status: 403
<html><body><h1>403 Forbidden</h1>
Request forbidden by administrative rules.
</body></html>


Fetching Bluesky query: $AMD
status: 403
<html><body><h1>403 Forbidden</h1>
Request forbidden by administrative rules.
</body></html>


{'seen': 196, 'kept': 170, 'upserted': 8, 'modified': 162}
--- StockTwits public symbol streams ---
Fetching StockTwits symbol: AAPL
status: 200
Fetching StockTwits symbol: MSFT
status: 200
Fetching StockTwits symbol: NVDA
status: 200
Fetching StockTwits symbol: AMZN
status: 200
Fetching StockTwits symbol: META
status: 200
Fetching StockTwits symbol: GOOGL
status: 200
Fetching StockTwits symbol: GOOG
status: 200
Fetching StockTwits symbol: TSLA
status: 200
Fetching StockTwits symbol: AVGO
status: 200
Fetching StockTwits symbol: AMD
status: 200
Fetching StockTwits symbol: ORCL
status: 200
Fetching StockTwits symbol: ADBE
status: 200
Fetching StockTwits symbol: CRM
status: 200
Fetching StockTwits symbol: NFLX
status: 200
Fetching StockTwits symbol: INTC
status: 200
Fetching StockTwits symbol: QCOM
status: 200
Fetching StockTwits symbol: TXN
status: 200
Fetching StockTwits symbol: MU
status: 200
Fetching StockTwits symbol: AMAT
status: 200
Fetching StockTwits symbol: LRCX
status: 200
{'seen': 600, 'kept': 549, 'upserted': 15, 'modified': 534}
===== 5m rolling social counts =====
{"ok":true,"counts":{"StockTwits":607,"Bluesky":183,"Reddit":16},"rows":[{"_id":"StockTwits","count":607},{"_id":"Bluesky","count":183},{"_id":"Reddit","count":16}],"total":806,"window_minutes":5,"since_sec":1781209893,"now_sec":1781210193}

===== PUBLIC SOCIAL COLLECTOR RUN Thu Jun 11 14:37:33 MDT 2026 =====
--- Reddit public finance RSS ---
Fetching https://www.reddit.com/r/stocks/new/.rss
Fetching https://www.reddit.com/r/StockMarket/new/.rss
Failed StockMarket: 429 Client Error: Too Many Requests for url: https://www.reddit.com/r/StockMarket/new/.rss
Fetching https://www.reddit.com/r/investing/new/.rss
Failed investing: 429 Client Error: Too Many Requests for url: https://www.reddit.com/r/investing/new/.rss
Fetching https://www.reddit.com/r/SecurityAnalysis/new/.rss
Failed SecurityAnalysis: 429 Client Error: Too Many Requests for url: https://www.reddit.com/r/SecurityAnalysis/new/.rss
{'seen': 15, 'kept': 15, 'upserted': 1, 'modified': 14}
--- Bluesky public search API ---
Fetching Bluesky query: stocks
status: 200
Fetching Bluesky query: earnings
status: 200
Fetching Bluesky query: stock market
status: 200
Fetching Bluesky query: short squeeze
status: 200
Fetching Bluesky query: IPO
status: 200
Fetching Bluesky query: merger acquisition
status: 200
Fetching Bluesky query: FDA approval stock
status: 200
Fetching Bluesky query: SEC investigation stock
status: 200
Fetching Bluesky query: options trading
status: 200
Fetching Bluesky query: $AAPL
status: 200
Fetching Bluesky query: $TSLA
status: 403
<html><body><h1>403 Forbidden</h1>
Request forbidden by administrative rules.
</body></html>


Fetching Bluesky query: $NVDA
status: 403
<html><body><h1>403 Forbidden</h1>
Request forbidden by administrative rules.
</body></html>


Fetching Bluesky query: $AMD
status: 403
<html><body><h1>403 Forbidden</h1>
Request forbidden by administrative rules.
</body></html>


{'seen': 197, 'kept': 170, 'upserted': 2, 'modified': 168}
--- StockTwits public symbol streams ---
Fetching StockTwits symbol: AAPL
status: 200
Fetching StockTwits symbol: MSFT
status: 200
Fetching StockTwits symbol: NVDA
status: 200
Fetching StockTwits symbol: AMZN
status: 200
Fetching StockTwits symbol: META
status: 200
Fetching StockTwits symbol: GOOGL
status: 200
Fetching StockTwits symbol: GOOG
status: 200
Fetching StockTwits symbol: TSLA
status: 200
Fetching StockTwits symbol: AVGO
status: 200
Fetching StockTwits symbol: AMD
status: 200
Fetching StockTwits symbol: ORCL
status: 200
Fetching StockTwits symbol: ADBE
status: 200
Fetching StockTwits symbol: CRM
status: 200
Fetching StockTwits symbol: NFLX
status: 200
Fetching StockTwits symbol: INTC
status: 200
Fetching StockTwits symbol: QCOM
status: 200
Fetching StockTwits symbol: TXN
status: 200
Fetching StockTwits symbol: MU
status: 200
Fetching StockTwits symbol: AMAT
status: 200
Fetching StockTwits symbol: LRCX
status: 200
{'seen': 600, 'kept': 551, 'upserted': 20, 'modified': 531}
===== 5m rolling social counts =====
{"ok":true,"counts":{"StockTwits":604,"Bluesky":185,"Reddit":16},"rows":[{"_id":"StockTwits","count":604},{"_id":"Bluesky","count":185},{"_id":"Reddit","count":16}],"total":805,"window_minutes":5,"since_sec":1781209969,"now_sec":1781210269}

===== PUBLIC SOCIAL COLLECTOR RUN Thu Jun 11 14:38:50 MDT 2026 =====
--- Reddit public finance RSS ---
Fetching https://www.reddit.com/r/stocks/new/.rss
Fetching https://www.reddit.com/r/StockMarket/new/.rss
Failed StockMarket: 429 Client Error: Too Many Requests for url: https://www.reddit.com/r/StockMarket/new/.rss
Fetching https://www.reddit.com/r/investing/new/.rss
Failed investing: 429 Client Error: Too Many Requests for url: https://www.reddit.com/r/investing/new/.rss
Fetching https://www.reddit.com/r/SecurityAnalysis/new/.rss
Failed SecurityAnalysis: 429 Client Error: Too Many Requests for url: https://www.reddit.com/r/SecurityAnalysis/new/.rss
{'seen': 15, 'kept': 15, 'upserted': 0, 'modified': 15}
--- Bluesky public search API ---
Fetching Bluesky query: stocks
status: 200
Fetching Bluesky query: earnings
status: 200
Fetching Bluesky query: stock market
status: 200
Fetching Bluesky query: short squeeze
status: 200
Fetching Bluesky query: IPO
status: 200
Fetching Bluesky query: merger acquisition
status: 200
Fetching Bluesky query: FDA approval stock
status: 200
Fetching Bluesky query: SEC investigation stock
status: 200
Fetching Bluesky query: options trading
status: 200
Fetching Bluesky query: $AAPL
status: 200
Fetching Bluesky query: $TSLA
status: 403
<html><body><h1>403 Forbidden</h1>
Request forbidden by administrative rules.
</body></html>


Fetching Bluesky query: $NVDA
status: 403
<html><body><h1>403 Forbidden</h1>
Request forbidden by administrative rules.
</body></html>


Fetching Bluesky query: $AMD
status: 403
<html><body><h1>403 Forbidden</h1>
Request forbidden by administrative rules.
</body></html>


{'seen': 197, 'kept': 170, 'upserted': 2, 'modified': 168}
--- StockTwits public symbol streams ---
Fetching StockTwits symbol: AAPL
status: 200
Fetching StockTwits symbol: MSFT
status: 200
Fetching StockTwits symbol: NVDA
status: 200
Fetching StockTwits symbol: AMZN
status: 200
Fetching StockTwits symbol: META
status: 200
Fetching StockTwits symbol: GOOGL
status: 200
Fetching StockTwits symbol: GOOG
status: 200
Fetching StockTwits symbol: TSLA
status: 200
Fetching StockTwits symbol: AVGO
status: 200
Fetching StockTwits symbol: AMD
status: 200
Fetching StockTwits symbol: ORCL
status: 200
Fetching StockTwits symbol: ADBE
status: 200
Fetching StockTwits symbol: CRM
status: 200
Fetching StockTwits symbol: NFLX
status: 200
Fetching StockTwits symbol: INTC
status: 200
Fetching StockTwits symbol: QCOM
status: 200
Fetching StockTwits symbol: TXN
status: 200
Fetching StockTwits symbol: MU
status: 200
Fetching StockTwits symbol: AMAT
status: 200
Fetching StockTwits symbol: LRCX
status: 200
{'seen': 600, 'kept': 552, 'upserted': 22, 'modified': 530}
===== 5m rolling social counts =====
{"ok":true,"counts":{"StockTwits":606,"Bluesky":182,"Reddit":16},"rows":[{"_id":"StockTwits","count":606},{"_id":"Bluesky","count":182},{"_id":"Reddit","count":16}],"total":804,"window_minutes":5,"since_sec":1781210045,"now_sec":1781210345}

===== PUBLIC SOCIAL COLLECTOR RUN Thu Jun 11 14:40:05 MDT 2026 =====
--- Reddit public finance RSS ---
Fetching https://www.reddit.com/r/stocks/new/.rss
Fetching https://www.reddit.com/r/StockMarket/new/.rss
Failed StockMarket: 429 Client Error: Too Many Requests for url: https://www.reddit.com/r/StockMarket/new/.rss
Fetching https://www.reddit.com/r/investing/new/.rss
Failed investing: 429 Client Error: Too Many Requests for url: https://www.reddit.com/r/investing/new/.rss
Fetching https://www.reddit.com/r/SecurityAnalysis/new/.rss
Failed SecurityAnalysis: 429 Client Error: Too Many Requests for url: https://www.reddit.com/r/SecurityAnalysis/new/.rss
{'seen': 15, 'kept': 15, 'upserted': 0, 'modified': 15}
--- Bluesky public search API ---
Fetching Bluesky query: stocks
status: 200
Fetching Bluesky query: earnings
status: 200
Fetching Bluesky query: stock market
status: 200
Fetching Bluesky query: short squeeze
status: 200
Fetching Bluesky query: IPO
status: 200
Fetching Bluesky query: merger acquisition
status: 200
Fetching Bluesky query: FDA approval stock
status: 200
Fetching Bluesky query: SEC investigation stock
status: 200
Fetching Bluesky query: options trading
status: 200
Fetching Bluesky query: $AAPL
status: 200
Fetching Bluesky query: $TSLA
status: 403
<html><body><h1>403 Forbidden</h1>
Request forbidden by administrative rules.
</body></html>


Fetching Bluesky query: $NVDA
status: 403
<html><body><h1>403 Forbidden</h1>
Request forbidden by administrative rules.
</body></html>


Fetching Bluesky query: $AMD
status: 403
<html><body><h1>403 Forbidden</h1>
Request forbidden by administrative rules.
</body></html>


{'seen': 197, 'kept': 171, 'upserted': 7, 'modified': 164}
--- StockTwits public symbol streams ---
Fetching StockTwits symbol: AAPL
status: 200
Fetching StockTwits symbol: MSFT
status: 200
Fetching StockTwits symbol: NVDA
status: 200
Fetching StockTwits symbol: AMZN
status: 200
Fetching StockTwits symbol: META
status: 200
Fetching StockTwits symbol: GOOGL
status: 200
Fetching StockTwits symbol: GOOG
status: 200
Fetching StockTwits symbol: TSLA
status: 200
Fetching StockTwits symbol: AVGO
status: 200
Fetching StockTwits symbol: AMD
status: 200
Fetching StockTwits symbol: ORCL
status: 200
Fetching StockTwits symbol: ADBE
status: 200
Fetching StockTwits symbol: CRM
status: 200
Fetching StockTwits symbol: NFLX
status: 200
Fetching StockTwits symbol: INTC
status: 200
Fetching StockTwits symbol: QCOM
status: 200
Fetching StockTwits symbol: TXN
status: 200
Fetching StockTwits symbol: MU
status: 200
Fetching StockTwits symbol: AMAT
status: 200
Fetching StockTwits symbol: LRCX
status: 200
{'seen': 600, 'kept': 554, 'upserted': 23, 'modified': 531}
===== 5m rolling social counts =====
{"ok":true,"counts":{"StockTwits":614,"Bluesky":181,"Reddit":16},"rows":[{"_id":"StockTwits","count":614},{"_id":"Bluesky","count":181},{"_id":"Reddit","count":16}],"total":811,"window_minutes":5,"since_sec":1781210121,"now_sec":1781210421}

===== PUBLIC SOCIAL COLLECTOR RUN Thu Jun 11 14:41:21 MDT 2026 =====
--- Reddit public finance RSS ---
Fetching https://www.reddit.com/r/stocks/new/.rss
Fetching https://www.reddit.com/r/StockMarket/new/.rss
Failed StockMarket: 429 Client Error: Too Many Requests for url: https://www.reddit.com/r/StockMarket/new/.rss
Fetching https://www.reddit.com/r/investing/new/.rss
Failed investing: 429 Client Error: Too Many Requests for url: https://www.reddit.com/r/investing/new/.rss
Fetching https://www.reddit.com/r/SecurityAnalysis/new/.rss
Failed SecurityAnalysis: 429 Client Error: Too Many Requests for url: https://www.reddit.com/r/SecurityAnalysis/new/.rss
{'seen': 15, 'kept': 15, 'upserted': 0, 'modified': 15}
--- Bluesky public search API ---
Fetching Bluesky query: stocks
status: 200
Fetching Bluesky query: earnings
status: 200
Fetching Bluesky query: stock market
status: 200
Fetching Bluesky query: short squeeze
status: 200
Fetching Bluesky query: IPO
status: 200
Fetching Bluesky query: merger acquisition
status: 200
Fetching Bluesky query: FDA approval stock
status: 200
Fetching Bluesky query: SEC investigation stock
status: 200
Fetching Bluesky query: options trading
status: 200
Fetching Bluesky query: $AAPL
status: 200
Fetching Bluesky query: $TSLA
status: 403
<html><body><h1>403 Forbidden</h1>
Request forbidden by administrative rules.
</body></html>


Fetching Bluesky query: $NVDA
status: 403
<html><body><h1>403 Forbidden</h1>
Request forbidden by administrative rules.
</body></html>


Fetching Bluesky query: $AMD
status: 403
<html><body><h1>403 Forbidden</h1>
Request forbidden by administrative rules.
</body></html>


{'seen': 197, 'kept': 173, 'upserted': 9, 'modified': 164}
--- StockTwits public symbol streams ---
Fetching StockTwits symbol: AAPL
status: 200
Fetching StockTwits symbol: MSFT
status: 200
Fetching StockTwits symbol: NVDA
status: 200
Fetching StockTwits symbol: AMZN
status: 200
Fetching StockTwits symbol: META
status: 200
Fetching StockTwits symbol: GOOGL
status: 200
Fetching StockTwits symbol: GOOG
status: 200
Fetching StockTwits symbol: TSLA
status: 200
Fetching StockTwits symbol: AVGO
status: 200
Fetching StockTwits symbol: AMD
status: 200
Fetching StockTwits symbol: ORCL
status: 200
Fetching StockTwits symbol: ADBE
status: 200
Fetching StockTwits symbol: CRM
status: 200
Fetching StockTwits symbol: NFLX
status: 200
Fetching StockTwits symbol: INTC
status: 200
Fetching StockTwits symbol: QCOM
status: 200
Fetching StockTwits symbol: TXN
status: 200
Fetching StockTwits symbol: MU
status: 200
Fetching StockTwits symbol: AMAT
status: 200
Fetching StockTwits symbol: LRCX
status: 200
{'seen': 600, 'kept': 550, 'upserted': 17, 'modified': 533}
===== 5m rolling social counts =====
{"ok":true,"counts":{"StockTwits":613,"Bluesky":188,"Reddit":15},"rows":[{"_id":"StockTwits","count":613},{"_id":"Bluesky","count":188},{"_id":"Reddit","count":15}],"total":816,"window_minutes":5,"since_sec":1781210196,"now_sec":1781210496}

===== PUBLIC SOCIAL COLLECTOR RUN Thu Jun 11 14:42:36 MDT 2026 =====
--- Reddit public finance RSS ---
Fetching https://www.reddit.com/r/stocks/new/.rss
Fetching https://www.reddit.com/r/StockMarket/new/.rss
Failed StockMarket: 429 Client Error: Too Many Requests for url: https://www.reddit.com/r/StockMarket/new/.rss
Fetching https://www.reddit.com/r/investing/new/.rss
Failed investing: 429 Client Error: Too Many Requests for url: https://www.reddit.com/r/investing/new/.rss
Fetching https://www.reddit.com/r/SecurityAnalysis/new/.rss
Failed SecurityAnalysis: 429 Client Error: Too Many Requests for url: https://www.reddit.com/r/SecurityAnalysis/new/.rss
{'seen': 15, 'kept': 15, 'upserted': 0, 'modified': 15}
--- Bluesky public search API ---
Fetching Bluesky query: stocks
status: 200
Fetching Bluesky query: earnings
status: 200
Fetching Bluesky query: stock market
status: 200
Fetching Bluesky query: short squeeze
status: 200
Fetching Bluesky query: IPO
status: 200
Fetching Bluesky query: merger acquisition
status: 200
Fetching Bluesky query: FDA approval stock
status: 200
Fetching Bluesky query: SEC investigation stock
status: 200
Fetching Bluesky query: options trading
status: 200
Fetching Bluesky query: $AAPL
status: 200
Fetching Bluesky query: $TSLA
status: 403
<html><body><h1>403 Forbidden</h1>
Request forbidden by administrative rules.
</body></html>


Fetching Bluesky query: $NVDA
status: 403
<html><body><h1>403 Forbidden</h1>
Request forbidden by administrative rules.
</body></html>


Fetching Bluesky query: $AMD
status: 403
<html><body><h1>403 Forbidden</h1>
Request forbidden by administrative rules.
</body></html>


{'seen': 198, 'kept': 174, 'upserted': 6, 'modified': 168}
--- StockTwits public symbol streams ---
Fetching StockTwits symbol: AAPL
status: 200
Fetching StockTwits symbol: MSFT
status: 200
Fetching StockTwits symbol: NVDA
status: 200
Fetching StockTwits symbol: AMZN
status: 200
Fetching StockTwits symbol: META
status: 200
Fetching StockTwits symbol: GOOGL
status: 200
Fetching StockTwits symbol: GOOG
status: 200
Fetching StockTwits symbol: TSLA
status: 200
Fetching StockTwits symbol: AVGO
status: 200
Fetching StockTwits symbol: AMD
status: 200
Fetching StockTwits symbol: ORCL
status: 200
Fetching StockTwits symbol: ADBE
status: 200
Fetching StockTwits symbol: CRM
status: 200
Fetching StockTwits symbol: NFLX
status: 200
Fetching StockTwits symbol: INTC
status: 200
Fetching StockTwits symbol: QCOM
status: 200
Fetching StockTwits symbol: TXN
status: 200
Fetching StockTwits symbol: MU
status: 200
Fetching StockTwits symbol: AMAT
status: 200
Fetching StockTwits symbol: LRCX
status: 200
{'seen': 600, 'kept': 549, 'upserted': 12, 'modified': 537}
===== 5m rolling social counts =====
{"ok":true,"counts":{"StockTwits":604,"Bluesky":192,"Reddit":15},"rows":[{"_id":"StockTwits","count":604},{"_id":"Bluesky","count":192},{"_id":"Reddit","count":15}],"total":811,"window_minutes":5,"since_sec":1781210272,"now_sec":1781210572}

===== PUBLIC SOCIAL COLLECTOR RUN Thu Jun 11 14:43:52 MDT 2026 =====
--- Reddit public finance RSS ---
Fetching https://www.reddit.com/r/stocks/new/.rss
Fetching https://www.reddit.com/r/StockMarket/new/.rss
Failed StockMarket: 429 Client Error: Too Many Requests for url: https://www.reddit.com/r/StockMarket/new/.rss
Fetching https://www.reddit.com/r/investing/new/.rss
Failed investing: 429 Client Error: Too Many Requests for url: https://www.reddit.com/r/investing/new/.rss
Fetching https://www.reddit.com/r/SecurityAnalysis/new/.rss
Failed SecurityAnalysis: 429 Client Error: Too Many Requests for url: https://www.reddit.com/r/SecurityAnalysis/new/.rss
{'seen': 15, 'kept': 15, 'upserted': 0, 'modified': 15}
--- Bluesky public search API ---
Fetching Bluesky query: stocks
status: 200
Fetching Bluesky query: earnings
status: 200
Fetching Bluesky query: stock market
status: 200
Fetching Bluesky query: short squeeze
status: 200
Fetching Bluesky query: IPO
status: 200
Fetching Bluesky query: merger acquisition
status: 200
Fetching Bluesky query: FDA approval stock
status: 200
Fetching Bluesky query: SEC investigation stock
status: 200
Fetching Bluesky query: options trading
status: 200
Fetching Bluesky query: $AAPL
status: 200
Fetching Bluesky query: $TSLA
status: 403
<html><body><h1>403 Forbidden</h1>
Request forbidden by administrative rules.
</body></html>


Fetching Bluesky query: $NVDA
status: 403
<html><body><h1>403 Forbidden</h1>
Request forbidden by administrative rules.
</body></html>


Fetching Bluesky query: $AMD
status: 403
<html><body><h1>403 Forbidden</h1>
Request forbidden by administrative rules.
</body></html>


{'seen': 199, 'kept': 175, 'upserted': 8, 'modified': 167}
--- StockTwits public symbol streams ---
Fetching StockTwits symbol: AAPL
status: 200
Fetching StockTwits symbol: MSFT
status: 200
Fetching StockTwits symbol: NVDA
status: 200
Fetching StockTwits symbol: AMZN
status: 200
Fetching StockTwits symbol: META
status: 200
Fetching StockTwits symbol: GOOGL
status: 200
Fetching StockTwits symbol: GOOG
status: 200
Fetching StockTwits symbol: TSLA
status: 200
Fetching StockTwits symbol: AVGO
status: 200
Fetching StockTwits symbol: AMD
status: 200
Fetching StockTwits symbol: ORCL
status: 200
Fetching StockTwits symbol: ADBE
status: 200
Fetching StockTwits symbol: CRM
status: 200
Fetching StockTwits symbol: NFLX
status: 200
Fetching StockTwits symbol: INTC
status: 200
Fetching StockTwits symbol: QCOM
status: 200
Fetching StockTwits symbol: TXN
status: 200
Fetching StockTwits symbol: MU
status: 200
Fetching StockTwits symbol: AMAT
status: 200
Fetching StockTwits symbol: LRCX
status: 200
{'seen': 600, 'kept': 550, 'upserted': 9, 'modified': 541}
===== 5m rolling social counts =====
{"ok":true,"counts":{"StockTwits":592,"Bluesky":194,"Reddit":15},"rows":[{"_id":"StockTwits","count":592},{"_id":"Bluesky","count":194},{"_id":"Reddit","count":15}],"total":801,"window_minutes":5,"since_sec":1781210347,"now_sec":1781210648}

===== PUBLIC SOCIAL COLLECTOR RUN Thu Jun 11 14:45:08 MDT 2026 =====
--- Reddit public finance RSS ---
Fetching https://www.reddit.com/r/stocks/new/.rss
Fetching https://www.reddit.com/r/StockMarket/new/.rss
Failed StockMarket: 429 Client Error: Too Many Requests for url: https://www.reddit.com/r/StockMarket/new/.rss
Fetching https://www.reddit.com/r/investing/new/.rss
Failed investing: 429 Client Error: Too Many Requests for url: https://www.reddit.com/r/investing/new/.rss
Fetching https://www.reddit.com/r/SecurityAnalysis/new/.rss
Failed SecurityAnalysis: 429 Client Error: Too Many Requests for url: https://www.reddit.com/r/SecurityAnalysis/new/.rss
{'seen': 15, 'kept': 15, 'upserted': 0, 'modified': 15}
--- Bluesky public search API ---
Fetching Bluesky query: stocks
status: 200
Fetching Bluesky query: earnings
status: 200
Fetching Bluesky query: stock market
status: 200
Fetching Bluesky query: short squeeze
status: 200
Fetching Bluesky query: IPO
status: 200
Fetching Bluesky query: merger acquisition
status: 200
Fetching Bluesky query: FDA approval stock
status: 200
Fetching Bluesky query: SEC investigation stock
status: 200
Fetching Bluesky query: options trading
status: 200
Fetching Bluesky query: $AAPL
status: 200
Fetching Bluesky query: $TSLA
status: 403
<html><body><h1>403 Forbidden</h1>
Request forbidden by administrative rules.
</body></html>


Fetching Bluesky query: $NVDA
status: 403
<html><body><h1>403 Forbidden</h1>
Request forbidden by administrative rules.
</body></html>


Fetching Bluesky query: $AMD
status: 403
<html><body><h1>403 Forbidden</h1>
Request forbidden by administrative rules.
</body></html>


{'seen': 199, 'kept': 174, 'upserted': 12, 'modified': 162}
--- StockTwits public symbol streams ---
Fetching StockTwits symbol: AAPL
status: 200
Fetching StockTwits symbol: MSFT
status: 200
Fetching StockTwits symbol: NVDA
status: 200
Fetching StockTwits symbol: AMZN
status: 200
Fetching StockTwits symbol: META
status: 200
Fetching StockTwits symbol: GOOGL
status: 200
Fetching StockTwits symbol: GOOG
status: 200
Fetching StockTwits symbol: TSLA
status: 200
Fetching StockTwits symbol: AVGO
status: 200
Fetching StockTwits symbol: AMD
status: 200
Fetching StockTwits symbol: ORCL
status: 200
Fetching StockTwits symbol: ADBE
status: 200
Fetching StockTwits symbol: CRM
status: 200
Fetching StockTwits symbol: NFLX
status: 200
Fetching StockTwits symbol: INTC
status: 200
Fetching StockTwits symbol: QCOM
status: 200
Fetching StockTwits symbol: TXN
status: 200
Fetching StockTwits symbol: MU
status: 200
Fetching StockTwits symbol: AMAT
status: 200
Fetching StockTwits symbol: LRCX
status: 200
{'seen': 600, 'kept': 546, 'upserted': 14, 'modified': 532}
===== 5m rolling social counts =====
{"ok":true,"counts":{"StockTwits":585,"Bluesky":199,"Reddit":15},"rows":[{"_id":"StockTwits","count":585},{"_id":"Bluesky","count":199},{"_id":"Reddit","count":15}],"total":799,"window_minutes":5,"since_sec":1781210422,"now_sec":1781210722}

===== PUBLIC SOCIAL COLLECTOR RUN Thu Jun 11 14:46:23 MDT 2026 =====
--- Reddit public finance RSS ---
Fetching https://www.reddit.com/r/stocks/new/.rss
Fetching https://www.reddit.com/r/StockMarket/new/.rss
Failed StockMarket: 429 Client Error: Too Many Requests for url: https://www.reddit.com/r/StockMarket/new/.rss
Fetching https://www.reddit.com/r/investing/new/.rss
Failed investing: 429 Client Error: Too Many Requests for url: https://www.reddit.com/r/investing/new/.rss
Fetching https://www.reddit.com/r/SecurityAnalysis/new/.rss
Failed SecurityAnalysis: 429 Client Error: Too Many Requests for url: https://www.reddit.com/r/SecurityAnalysis/new/.rss
{'seen': 15, 'kept': 15, 'upserted': 0, 'modified': 15}
--- Bluesky public search API ---
Fetching Bluesky query: stocks
status: 200
Fetching Bluesky query: earnings
status: 200
Fetching Bluesky query: stock market
status: 200
Fetching Bluesky query: short squeeze
status: 200
Fetching Bluesky query: IPO
status: 200
Fetching Bluesky query: merger acquisition
status: 200
Fetching Bluesky query: FDA approval stock
status: 200
Fetching Bluesky query: SEC investigation stock
status: 200
Fetching Bluesky query: options trading
status: 200
Fetching Bluesky query: $AAPL
status: 200
Fetching Bluesky query: $TSLA
status: 403
<html><body><h1>403 Forbidden</h1>
Request forbidden by administrative rules.
</body></html>


Fetching Bluesky query: $NVDA
status: 403
<html><body><h1>403 Forbidden</h1>
Request forbidden by administrative rules.
</body></html>


Fetching Bluesky query: $AMD
status: 403
<html><body><h1>403 Forbidden</h1>
Request forbidden by administrative rules.
</body></html>


{'seen': 197, 'kept': 173, 'upserted': 6, 'modified': 167}
--- StockTwits public symbol streams ---
Fetching StockTwits symbol: AAPL
status: 200
Fetching StockTwits symbol: MSFT
status: 200
Fetching StockTwits symbol: NVDA
status: 200
Fetching StockTwits symbol: AMZN
status: 200
Fetching StockTwits symbol: META
status: 200
Fetching StockTwits symbol: GOOGL
status: 200
Fetching StockTwits symbol: GOOG
status: 200
Fetching StockTwits symbol: TSLA
status: 200
Fetching StockTwits symbol: AVGO
status: 200
Fetching StockTwits symbol: AMD
status: 200
Fetching StockTwits symbol: ORCL
status: 200
Fetching StockTwits symbol: ADBE
status: 200
Fetching StockTwits symbol: CRM
status: 200
Fetching StockTwits symbol: NFLX
status: 200
Fetching StockTwits symbol: INTC
status: 200
Fetching StockTwits symbol: QCOM
status: 200
Fetching StockTwits symbol: TXN
status: 200
Fetching StockTwits symbol: MU
status: 200
Fetching StockTwits symbol: AMAT
status: 200
Fetching StockTwits symbol: LRCX
status: 200
{'seen': 600, 'kept': 541, 'upserted': 22, 'modified': 519}
===== 5m rolling social counts =====
{"ok":true,"counts":{"StockTwits":594,"Bluesky":200,"Reddit":15},"rows":[{"_id":"StockTwits","count":594},{"_id":"Bluesky","count":200},{"_id":"Reddit","count":15}],"total":809,"window_minutes":5,"since_sec":1781210497,"now_sec":1781210798}

===== PUBLIC SOCIAL COLLECTOR RUN Thu Jun 11 14:47:38 MDT 2026 =====
--- Reddit public finance RSS ---
Fetching https://www.reddit.com/r/stocks/new/.rss
Fetching https://www.reddit.com/r/StockMarket/new/.rss
Failed StockMarket: 429 Client Error: Too Many Requests for url: https://www.reddit.com/r/StockMarket/new/.rss
Fetching https://www.reddit.com/r/investing/new/.rss
Failed investing: 429 Client Error: Too Many Requests for url: https://www.reddit.com/r/investing/new/.rss
Fetching https://www.reddit.com/r/SecurityAnalysis/new/.rss
Failed SecurityAnalysis: 429 Client Error: Too Many Requests for url: https://www.reddit.com/r/SecurityAnalysis/new/.rss
{'seen': 15, 'kept': 15, 'upserted': 0, 'modified': 15}
--- Bluesky public search API ---
Fetching Bluesky query: stocks
status: 200
Fetching Bluesky query: earnings
status: 200
Fetching Bluesky query: stock market
status: 200
Fetching Bluesky query: short squeeze
status: 200
Fetching Bluesky query: IPO
status: 200
Fetching Bluesky query: merger acquisition
status: 200
Fetching Bluesky query: FDA approval stock
status: 200
Fetching Bluesky query: SEC investigation stock
status: 200
Fetching Bluesky query: options trading
status: 200
Fetching Bluesky query: $AAPL
status: 200
Fetching Bluesky query: $TSLA
status: 403
<html><body><h1>403 Forbidden</h1>
Request forbidden by administrative rules.
</body></html>


Fetching Bluesky query: $NVDA
status: 403
<html><body><h1>403 Forbidden</h1>
Request forbidden by administrative rules.
</body></html>


Fetching Bluesky query: $AMD
status: 403
<html><body><h1>403 Forbidden</h1>
Request forbidden by administrative rules.
</body></html>


{'seen': 196, 'kept': 174, 'upserted': 9, 'modified': 165}
--- StockTwits public symbol streams ---
Fetching StockTwits symbol: AAPL
status: 200
Fetching StockTwits symbol: MSFT
status: 200
Fetching StockTwits symbol: NVDA
status: 200
Fetching StockTwits symbol: AMZN
status: 200
Fetching StockTwits symbol: META
status: 200
Fetching StockTwits symbol: GOOGL
status: 200
Fetching StockTwits symbol: GOOG
status: 200
Fetching StockTwits symbol: TSLA
status: 200
Fetching StockTwits symbol: AVGO
status: 200
Fetching StockTwits symbol: AMD
status: 200
Fetching StockTwits symbol: ORCL
status: 200
Fetching StockTwits symbol: ADBE
status: 200
Fetching StockTwits symbol: CRM
status: 200
Fetching StockTwits symbol: NFLX
status: 200
Fetching StockTwits symbol: INTC
status: 200
Fetching StockTwits symbol: QCOM
status: 200
Fetching StockTwits symbol: TXN
status: 200
Fetching StockTwits symbol: MU
status: 200
Fetching StockTwits symbol: AMAT
status: 200
Fetching StockTwits symbol: LRCX
status: 200
{'seen': 600, 'kept': 538, 'upserted': 17, 'modified': 521}
===== 5m rolling social counts =====
{"ok":true,"counts":{"StockTwits":603,"Bluesky":202,"Reddit":15},"rows":[{"_id":"StockTwits","count":603},{"_id":"Bluesky","count":202},{"_id":"Reddit","count":15}],"total":820,"window_minutes":5,"since_sec":1781210575,"now_sec":1781210875}

===== PUBLIC SOCIAL COLLECTOR RUN Thu Jun 11 14:48:55 MDT 2026 =====
--- Reddit public finance RSS ---
Fetching https://www.reddit.com/r/stocks/new/.rss
Fetching https://www.reddit.com/r/StockMarket/new/.rss
Failed StockMarket: 429 Client Error: Too Many Requests for url: https://www.reddit.com/r/StockMarket/new/.rss
Fetching https://www.reddit.com/r/investing/new/.rss
Failed investing: 429 Client Error: Too Many Requests for url: https://www.reddit.com/r/investing/new/.rss
Fetching https://www.reddit.com/r/SecurityAnalysis/new/.rss
Failed SecurityAnalysis: 429 Client Error: Too Many Requests for url: https://www.reddit.com/r/SecurityAnalysis/new/.rss
{'seen': 15, 'kept': 15, 'upserted': 0, 'modified': 15}
--- Bluesky public search API ---
Fetching Bluesky query: stocks
status: 200
Fetching Bluesky query: earnings
status: 200
Fetching Bluesky query: stock market
status: 200
Fetching Bluesky query: short squeeze
status: 200
Fetching Bluesky query: IPO
status: 200
Fetching Bluesky query: merger acquisition
status: 200
Fetching Bluesky query: FDA approval stock
status: 200
Fetching Bluesky query: SEC investigation stock
status: 200
Fetching Bluesky query: options trading
status: 200
Fetching Bluesky query: $AAPL
status: 200
Fetching Bluesky query: $TSLA
status: 403
<html><body><h1>403 Forbidden</h1>
Request forbidden by administrative rules.
</body></html>


Fetching Bluesky query: $NVDA
status: 403
<html><body><h1>403 Forbidden</h1>
Request forbidden by administrative rules.
</body></html>


Fetching Bluesky query: $AMD
status: 403
<html><body><h1>403 Forbidden</h1>
Request forbidden by administrative rules.
</body></html>


{'seen': 195, 'kept': 173, 'upserted': 6, 'modified': 167}
--- StockTwits public symbol streams ---
Fetching StockTwits symbol: AAPL
status: 200
Fetching StockTwits symbol: MSFT
status: 200
Fetching StockTwits symbol: NVDA
status: 200
Fetching StockTwits symbol: AMZN
status: 200
Fetching StockTwits symbol: META
status: 200
Fetching StockTwits symbol: GOOGL
status: 200
Fetching StockTwits symbol: GOOG
status: 200
Fetching StockTwits symbol: TSLA
status: 200
Fetching StockTwits symbol: AVGO
status: 200
Fetching StockTwits symbol: AMD
status: 200
Fetching StockTwits symbol: ORCL
status: 200
Fetching StockTwits symbol: ADBE
status: 200
Fetching StockTwits symbol: CRM
status: 200
Fetching StockTwits symbol: NFLX
status: 200
Fetching StockTwits symbol: INTC
status: 200
Fetching StockTwits symbol: QCOM
status: 200
Fetching StockTwits symbol: TXN
status: 200
Fetching StockTwits symbol: MU
status: 200
Fetching StockTwits symbol: AMAT
status: 200
Fetching StockTwits symbol: LRCX
status: 200
{'seen': 600, 'kept': 536, 'upserted': 8, 'modified': 528}
===== 5m rolling social counts =====
{"ok":true,"counts":{"StockTwits":593,"Bluesky":195,"Reddit":15},"rows":[{"_id":"StockTwits","count":593},{"_id":"Bluesky","count":195},{"_id":"Reddit","count":15}],"total":803,"window_minutes":5,"since_sec":1781210651,"now_sec":1781210951}

===== PUBLIC SOCIAL COLLECTOR RUN Thu Jun 11 14:50:11 MDT 2026 =====
--- Reddit public finance RSS ---
Fetching https://www.reddit.com/r/stocks/new/.rss
Fetching https://www.reddit.com/r/StockMarket/new/.rss
Failed StockMarket: 429 Client Error: Too Many Requests for url: https://www.reddit.com/r/StockMarket/new/.rss
Fetching https://www.reddit.com/r/investing/new/.rss
Failed investing: 429 Client Error: Too Many Requests for url: https://www.reddit.com/r/investing/new/.rss
Fetching https://www.reddit.com/r/SecurityAnalysis/new/.rss
Failed SecurityAnalysis: 429 Client Error: Too Many Requests for url: https://www.reddit.com/r/SecurityAnalysis/new/.rss
{'seen': 15, 'kept': 15, 'upserted': 0, 'modified': 15}
--- Bluesky public search API ---
Fetching Bluesky query: stocks
status: 200
Fetching Bluesky query: earnings
status: 200
Fetching Bluesky query: stock market
status: 200
Fetching Bluesky query: short squeeze
status: 200
Fetching Bluesky query: IPO
status: 200
Fetching Bluesky query: merger acquisition
status: 200
Fetching Bluesky query: FDA approval stock
status: 200
Fetching Bluesky query: SEC investigation stock
status: 200
Fetching Bluesky query: options trading
status: 200
Fetching Bluesky query: $AAPL
status: 200
Fetching Bluesky query: $TSLA
status: 403
<html><body><h1>403 Forbidden</h1>
Request forbidden by administrative rules.
</body></html>


Fetching Bluesky query: $NVDA
status: 403
<html><body><h1>403 Forbidden</h1>
Request forbidden by administrative rules.
</body></html>


Fetching Bluesky query: $AMD
status: 403
<html><body><h1>403 Forbidden</h1>
Request forbidden by administrative rules.
</body></html>


{'seen': 195, 'kept': 172, 'upserted': 4, 'modified': 168}
--- StockTwits public symbol streams ---
Fetching StockTwits symbol: AAPL
status: 200
Fetching StockTwits symbol: MSFT
status: 200
Fetching StockTwits symbol: NVDA
status: 200
Fetching StockTwits symbol: AMZN
status: 200
Fetching StockTwits symbol: META
status: 200
Fetching StockTwits symbol: GOOGL
status: 200
Fetching StockTwits symbol: GOOG
status: 200
Fetching StockTwits symbol: TSLA
status: 200
Fetching StockTwits symbol: AVGO
status: 200
Fetching StockTwits symbol: AMD
status: 200
Fetching StockTwits symbol: ORCL
status: 200
Fetching StockTwits symbol: ADBE
status: 200
Fetching StockTwits symbol: CRM
status: 200
Fetching StockTwits symbol: NFLX
status: 200
Fetching StockTwits symbol: INTC
status: 200
Fetching StockTwits symbol: QCOM
status: 200
Fetching StockTwits symbol: TXN
status: 200
Fetching StockTwits symbol: MU
status: 200
Fetching StockTwits symbol: AMAT
status: 200
Fetching StockTwits symbol: LRCX
status: 200
{'seen': 600, 'kept': 538, 'upserted': 12, 'modified': 526}
===== 5m rolling social counts =====
{"ok":true,"counts":{"StockTwits":578,"Bluesky":192,"Reddit":15},"rows":[{"_id":"StockTwits","count":578},{"_id":"Bluesky","count":192},{"_id":"Reddit","count":15}],"total":785,"window_minutes":5,"since_sec":1781210730,"now_sec":1781211030}

===== PUBLIC SOCIAL COLLECTOR RUN Thu Jun 11 14:51:30 MDT 2026 =====
--- Reddit public finance RSS ---
Fetching https://www.reddit.com/r/stocks/new/.rss
Fetching https://www.reddit.com/r/StockMarket/new/.rss
Failed StockMarket: 429 Client Error: Too Many Requests for url: https://www.reddit.com/r/StockMarket/new/.rss
Fetching https://www.reddit.com/r/investing/new/.rss
Failed investing: 429 Client Error: Too Many Requests for url: https://www.reddit.com/r/investing/new/.rss
Fetching https://www.reddit.com/r/SecurityAnalysis/new/.rss
Failed SecurityAnalysis: 429 Client Error: Too Many Requests for url: https://www.reddit.com/r/SecurityAnalysis/new/.rss
{'seen': 15, 'kept': 15, 'upserted': 1, 'modified': 14}
--- Bluesky public search API ---
Fetching Bluesky query: stocks
status: 200
Fetching Bluesky query: earnings
status: 200
Fetching Bluesky query: stock market
status: 200
Fetching Bluesky query: short squeeze
status: 200
Fetching Bluesky query: IPO
status: 200
Fetching Bluesky query: merger acquisition
status: 200
Fetching Bluesky query: FDA approval stock
status: 200
Fetching Bluesky query: SEC investigation stock
status: 200
Fetching Bluesky query: options trading
status: 200
Fetching Bluesky query: $AAPL
status: 200
Fetching Bluesky query: $TSLA
status: 403
<html><body><h1>403 Forbidden</h1>
Request forbidden by administrative rules.
</body></html>


Fetching Bluesky query: $NVDA
status: 403
<html><body><h1>403 Forbidden</h1>
Request forbidden by administrative rules.
</body></html>


Fetching Bluesky query: $AMD
status: 403
<html><body><h1>403 Forbidden</h1>
Request forbidden by administrative rules.
</body></html>


{'seen': 195, 'kept': 171, 'upserted': 15, 'modified': 156}
--- StockTwits public symbol streams ---
Fetching StockTwits symbol: AAPL
status: 200
Fetching StockTwits symbol: MSFT
status: 200
Fetching StockTwits symbol: NVDA
status: 200
Fetching StockTwits symbol: AMZN
status: 200
Fetching StockTwits symbol: META
status: 200
Fetching StockTwits symbol: GOOGL
status: 200
Fetching StockTwits symbol: GOOG
status: 200
Fetching StockTwits symbol: TSLA
status: 200
Fetching StockTwits symbol: AVGO
status: 200
Fetching StockTwits symbol: AMD
status: 200
Fetching StockTwits symbol: ORCL
status: 200
Fetching StockTwits symbol: ADBE
status: 200
Fetching StockTwits symbol: CRM
status: 200
Fetching StockTwits symbol: NFLX
status: 200
Fetching StockTwits symbol: INTC
status: 200
Fetching StockTwits symbol: QCOM
status: 200
Fetching StockTwits symbol: TXN
status: 200
Fetching StockTwits symbol: MU
status: 200
Fetching StockTwits symbol: AMAT
status: 200
Fetching StockTwits symbol: LRCX
status: 200
{'seen': 600, 'kept': 539, 'upserted': 7, 'modified': 532}
===== 5m rolling social counts =====
{"ok":true,"counts":{"StockTwits":565,"Bluesky":199,"Reddit":16},"rows":[{"_id":"StockTwits","count":565},{"_id":"Bluesky","count":199},{"_id":"Reddit","count":16}],"total":780,"window_minutes":5,"since_sec":1781210805,"now_sec":1781211105}

===== PUBLIC SOCIAL COLLECTOR RUN Thu Jun 11 14:52:45 MDT 2026 =====
--- Reddit public finance RSS ---
Fetching https://www.reddit.com/r/stocks/new/.rss
Fetching https://www.reddit.com/r/StockMarket/new/.rss
Failed StockMarket: 429 Client Error: Too Many Requests for url: https://www.reddit.com/r/StockMarket/new/.rss
Fetching https://www.reddit.com/r/investing/new/.rss
Failed investing: 429 Client Error: Too Many Requests for url: https://www.reddit.com/r/investing/new/.rss
Fetching https://www.reddit.com/r/SecurityAnalysis/new/.rss
Failed SecurityAnalysis: 429 Client Error: Too Many Requests for url: https://www.reddit.com/r/SecurityAnalysis/new/.rss
{'seen': 15, 'kept': 15, 'upserted': 0, 'modified': 15}
--- Bluesky public search API ---
Fetching Bluesky query: stocks
status: 200
Fetching Bluesky query: earnings
status: 200
Fetching Bluesky query: stock market
status: 200
Fetching Bluesky query: short squeeze
status: 200
Fetching Bluesky query: IPO
status: 200
Fetching Bluesky query: merger acquisition
status: 200
Fetching Bluesky query: FDA approval stock
status: 200
Fetching Bluesky query: SEC investigation stock
status: 200
Fetching Bluesky query: options trading
status: 200
Fetching Bluesky query: $AAPL
status: 200
Fetching Bluesky query: $TSLA
status: 403
<html><body><h1>403 Forbidden</h1>
Request forbidden by administrative rules.
</body></html>


Fetching Bluesky query: $NVDA
status: 403
<html><body><h1>403 Forbidden</h1>
Request forbidden by administrative rules.
</body></html>


Fetching Bluesky query: $AMD
status: 403
<html><body><h1>403 Forbidden</h1>
Request forbidden by administrative rules.
</body></html>


{'seen': 195, 'kept': 171, 'upserted': 5, 'modified': 166}
--- StockTwits public symbol streams ---
Fetching StockTwits symbol: AAPL
status: 200
Fetching StockTwits symbol: MSFT
status: 200
Fetching StockTwits symbol: NVDA
status: 200
Fetching StockTwits symbol: AMZN
status: 200
Fetching StockTwits symbol: META
status: 200
Fetching StockTwits symbol: GOOGL
status: 200
Fetching StockTwits symbol: GOOG
status: 200
Fetching StockTwits symbol: TSLA
status: 200
Fetching StockTwits symbol: AVGO
status: 200
Fetching StockTwits symbol: AMD
status: 200
Fetching StockTwits symbol: ORCL
status: 200
Fetching StockTwits symbol: ADBE
status: 200
Fetching StockTwits symbol: CRM
status: 200
Fetching StockTwits symbol: NFLX
status: 200
Fetching StockTwits symbol: INTC
status: 200
Fetching StockTwits symbol: QCOM
status: 200
Fetching StockTwits symbol: TXN
status: 200
Fetching StockTwits symbol: MU
status: 200
Fetching StockTwits symbol: AMAT
status: 200
Fetching StockTwits symbol: LRCX
status: 200
{'seen': 600, 'kept': 541, 'upserted': 15, 'modified': 526}
===== 5m rolling social counts =====
{"ok":true,"counts":{"StockTwits":570,"Bluesky":197,"Reddit":16},"rows":[{"_id":"StockTwits","count":570},{"_id":"Bluesky","count":197},{"_id":"Reddit","count":16}],"total":783,"window_minutes":5,"since_sec":1781210885,"now_sec":1781211185}

===== PUBLIC SOCIAL COLLECTOR RUN Thu Jun 11 14:54:05 MDT 2026 =====
--- Reddit public finance RSS ---
Fetching https://www.reddit.com/r/stocks/new/.rss
Fetching https://www.reddit.com/r/StockMarket/new/.rss
Failed StockMarket: 429 Client Error: Too Many Requests for url: https://www.reddit.com/r/StockMarket/new/.rss
Fetching https://www.reddit.com/r/investing/new/.rss
Failed investing: 429 Client Error: Too Many Requests for url: https://www.reddit.com/r/investing/new/.rss
Fetching https://www.reddit.com/r/SecurityAnalysis/new/.rss
Failed SecurityAnalysis: 429 Client Error: Too Many Requests for url: https://www.reddit.com/r/SecurityAnalysis/new/.rss
{'seen': 15, 'kept': 15, 'upserted': 0, 'modified': 15}
--- Bluesky public search API ---
Fetching Bluesky query: stocks
status: 200
Fetching Bluesky query: earnings
status: 200
Fetching Bluesky query: stock market
status: 200
Fetching Bluesky query: short squeeze
status: 200
Fetching Bluesky query: IPO
status: 200
Fetching Bluesky query: merger acquisition
status: 200
Fetching Bluesky query: FDA approval stock
status: 200
Fetching Bluesky query: SEC investigation stock
status: 200
Fetching Bluesky query: options trading
status: 200
Fetching Bluesky query: $AAPL
status: 200
Fetching Bluesky query: $TSLA
status: 403
<html><body><h1>403 Forbidden</h1>
Request forbidden by administrative rules.
</body></html>


Fetching Bluesky query: $NVDA
status: 403
<html><body><h1>403 Forbidden</h1>
Request forbidden by administrative rules.
</body></html>


Fetching Bluesky query: $AMD
status: 403
<html><body><h1>403 Forbidden</h1>
Request forbidden by administrative rules.
</body></html>


{'seen': 195, 'kept': 172, 'upserted': 9, 'modified': 163}
--- StockTwits public symbol streams ---
Fetching StockTwits symbol: AAPL
status: 200
Fetching StockTwits symbol: MSFT
status: 200
Fetching StockTwits symbol: NVDA
status: 200
Fetching StockTwits symbol: AMZN
status: 200
Fetching StockTwits symbol: META
status: 200
Fetching StockTwits symbol: GOOGL
status: 200
Fetching StockTwits symbol: GOOG
status: 200
Fetching StockTwits symbol: TSLA
status: 200
Fetching StockTwits symbol: AVGO
status: 200
Fetching StockTwits symbol: AMD
status: 200
Fetching StockTwits symbol: ORCL
status: 200
Fetching StockTwits symbol: ADBE
status: 200
Fetching StockTwits symbol: CRM
status: 200
Fetching StockTwits symbol: NFLX
status: 200
Fetching StockTwits symbol: INTC
status: 200
Fetching StockTwits symbol: QCOM
status: 200
Fetching StockTwits symbol: TXN
status: 200
Fetching StockTwits symbol: MU
status: 200
Fetching StockTwits symbol: AMAT
status: 200
Fetching StockTwits symbol: LRCX
status: 200
{'seen': 600, 'kept': 541, 'upserted': 16, 'modified': 525}
===== 5m rolling social counts =====
{"ok":true,"counts":{"StockTwits":576,"Bluesky":201,"Reddit":16},"rows":[{"_id":"StockTwits","count":576},{"_id":"Bluesky","count":201},{"_id":"Reddit","count":16}],"total":793,"window_minutes":5,"since_sec":1781210961,"now_sec":1781211261}

===== PUBLIC SOCIAL COLLECTOR RUN Thu Jun 11 14:55:21 MDT 2026 =====
--- Reddit public finance RSS ---
Fetching https://www.reddit.com/r/stocks/new/.rss
Fetching https://www.reddit.com/r/StockMarket/new/.rss
Failed StockMarket: 429 Client Error: Too Many Requests for url: https://www.reddit.com/r/StockMarket/new/.rss
Fetching https://www.reddit.com/r/investing/new/.rss
Failed investing: 429 Client Error: Too Many Requests for url: https://www.reddit.com/r/investing/new/.rss
Fetching https://www.reddit.com/r/SecurityAnalysis/new/.rss
Failed SecurityAnalysis: 429 Client Error: Too Many Requests for url: https://www.reddit.com/r/SecurityAnalysis/new/.rss
{'seen': 15, 'kept': 15, 'upserted': 0, 'modified': 15}
--- Bluesky public search API ---
Fetching Bluesky query: stocks
status: 200
Fetching Bluesky query: earnings
status: 200
Fetching Bluesky query: stock market
status: 200
Fetching Bluesky query: short squeeze
status: 200
Fetching Bluesky query: IPO
status: 200
Fetching Bluesky query: merger acquisition
status: 200
Fetching Bluesky query: FDA approval stock
status: 200
Fetching Bluesky query: SEC investigation stock
status: 200
Fetching Bluesky query: options trading
status: 200
Fetching Bluesky query: $AAPL
status: 200
Fetching Bluesky query: $TSLA
status: 403
<html><body><h1>403 Forbidden</h1>
Request forbidden by administrative rules.
</body></html>


Fetching Bluesky query: $NVDA
status: 403
<html><body><h1>403 Forbidden</h1>
Request forbidden by administrative rules.
</body></html>


Fetching Bluesky query: $AMD
status: 403
<html><body><h1>403 Forbidden</h1>
Request forbidden by administrative rules.
</body></html>


{'seen': 195, 'kept': 172, 'upserted': 0, 'modified': 172}
--- StockTwits public symbol streams ---
Fetching StockTwits symbol: AAPL
status: 200
Fetching StockTwits symbol: MSFT
status: 200
Fetching StockTwits symbol: NVDA
status: 200
Fetching StockTwits symbol: AMZN
status: 200
Fetching StockTwits symbol: META
status: 200
Fetching StockTwits symbol: GOOGL
status: 200
Fetching StockTwits symbol: GOOG
status: 200
Fetching StockTwits symbol: TSLA
status: 200
Fetching StockTwits symbol: AVGO
status: 200
Fetching StockTwits symbol: AMD
status: 200
Fetching StockTwits symbol: ORCL
status: 200
Fetching StockTwits symbol: ADBE
status: 200
Fetching StockTwits symbol: CRM
status: 200
Fetching StockTwits symbol: NFLX
status: 200
Fetching StockTwits symbol: INTC
status: 200
Fetching StockTwits symbol: QCOM
status: 200
Fetching StockTwits symbol: TXN
status: 200
Fetching StockTwits symbol: MU
status: 200
Fetching StockTwits symbol: AMAT
status: 200
Fetching StockTwits symbol: LRCX
status: 200
{'seen': 600, 'kept': 541, 'upserted': 16, 'modified': 525}
===== 5m rolling social counts =====
{"ok":true,"counts":{"StockTwits":586,"Bluesky":185,"Reddit":15},"rows":[{"_id":"StockTwits","count":586},{"_id":"Bluesky","count":185},{"_id":"Reddit","count":15}],"total":786,"window_minutes":5,"since_sec":1781211038,"now_sec":1781211338}

===== PUBLIC SOCIAL COLLECTOR RUN Thu Jun 11 14:56:38 MDT 2026 =====
--- Reddit public finance RSS ---
Fetching https://www.reddit.com/r/stocks/new/.rss
Fetching https://www.reddit.com/r/StockMarket/new/.rss
Failed StockMarket: 429 Client Error: Too Many Requests for url: https://www.reddit.com/r/StockMarket/new/.rss
Fetching https://www.reddit.com/r/investing/new/.rss
Failed investing: 429 Client Error: Too Many Requests for url: https://www.reddit.com/r/investing/new/.rss
Fetching https://www.reddit.com/r/SecurityAnalysis/new/.rss
Failed SecurityAnalysis: 429 Client Error: Too Many Requests for url: https://www.reddit.com/r/SecurityAnalysis/new/.rss
{'seen': 15, 'kept': 15, 'upserted': 0, 'modified': 15}
--- Bluesky public search API ---
Fetching Bluesky query: stocks
status: 200
Fetching Bluesky query: earnings
status: 200
Fetching Bluesky query: stock market
status: 200
Fetching Bluesky query: short squeeze
status: 200
Fetching Bluesky query: IPO
status: 200
Fetching Bluesky query: merger acquisition
status: 200
Fetching Bluesky query: FDA approval stock
status: 200
Fetching Bluesky query: SEC investigation stock
status: 200
Fetching Bluesky query: options trading
status: 200
Fetching Bluesky query: $AAPL
status: 200
Fetching Bluesky query: $TSLA
status: 403
<html><body><h1>403 Forbidden</h1>
Request forbidden by administrative rules.
</body></html>


Fetching Bluesky query: $NVDA
status: 403
<html><body><h1>403 Forbidden</h1>
Request forbidden by administrative rules.
</body></html>


Fetching Bluesky query: $AMD
status: 403
<html><body><h1>403 Forbidden</h1>
Request forbidden by administrative rules.
</body></html>


{'seen': 197, 'kept': 174, 'upserted': 6, 'modified': 168}
--- StockTwits public symbol streams ---
Fetching StockTwits symbol: AAPL
status: 200
Fetching StockTwits symbol: MSFT
status: 200
Fetching StockTwits symbol: NVDA
status: 200
Fetching StockTwits symbol: AMZN
status: 200
Fetching StockTwits symbol: META
status: 200
Fetching StockTwits symbol: GOOGL
status: 200
Fetching StockTwits symbol: GOOG
status: 200
Fetching StockTwits symbol: TSLA
status: 200
Fetching StockTwits symbol: AVGO
status: 200
Fetching StockTwits symbol: AMD
status: 200
Fetching StockTwits symbol: ORCL
status: 200
Fetching StockTwits symbol: ADBE
status: 200
Fetching StockTwits symbol: CRM
status: 200
Fetching StockTwits symbol: NFLX
status: 200
Fetching StockTwits symbol: INTC
status: 200
Fetching StockTwits symbol: QCOM
status: 200
Fetching StockTwits symbol: TXN
status: 200
Fetching StockTwits symbol: MU
status: 200
Fetching StockTwits symbol: AMAT
status: 200
Fetching StockTwits symbol: LRCX
status: 200
{'seen': 600, 'kept': 539, 'upserted': 16, 'modified': 523}
===== 5m rolling social counts =====
{"ok":true,"counts":{"StockTwits":589,"Bluesky":186,"Reddit":15},"rows":[{"_id":"StockTwits","count":589},{"_id":"Bluesky","count":186},{"_id":"Reddit","count":15}],"total":790,"window_minutes":5,"since_sec":1781211116,"now_sec":1781211416}

===== PUBLIC SOCIAL COLLECTOR RUN Thu Jun 11 14:57:56 MDT 2026 =====
--- Reddit public finance RSS ---
Fetching https://www.reddit.com/r/stocks/new/.rss
Fetching https://www.reddit.com/r/StockMarket/new/.rss
Failed StockMarket: 429 Client Error: Too Many Requests for url: https://www.reddit.com/r/StockMarket/new/.rss
Fetching https://www.reddit.com/r/investing/new/.rss
Failed investing: 429 Client Error: Too Many Requests for url: https://www.reddit.com/r/investing/new/.rss
Fetching https://www.reddit.com/r/SecurityAnalysis/new/.rss
Failed SecurityAnalysis: 429 Client Error: Too Many Requests for url: https://www.reddit.com/r/SecurityAnalysis/new/.rss
{'seen': 15, 'kept': 15, 'upserted': 0, 'modified': 15}
--- Bluesky public search API ---
Fetching Bluesky query: stocks
status: 200
Fetching Bluesky query: earnings
status: 200
Fetching Bluesky query: stock market
status: 200
Fetching Bluesky query: short squeeze
status: 200
Fetching Bluesky query: IPO
status: 200
Fetching Bluesky query: merger acquisition
status: 200
Fetching Bluesky query: FDA approval stock
status: 200
Fetching Bluesky query: SEC investigation stock
status: 200
Fetching Bluesky query: options trading
status: 200
Fetching Bluesky query: $AAPL
status: 200
Fetching Bluesky query: $TSLA
status: 403
<html><body><h1>403 Forbidden</h1>
Request forbidden by administrative rules.
</body></html>


Fetching Bluesky query: $NVDA
status: 403
<html><body><h1>403 Forbidden</h1>
Request forbidden by administrative rules.
</body></html>


Fetching Bluesky query: $AMD
status: 403
<html><body><h1>403 Forbidden</h1>
Request forbidden by administrative rules.
</body></html>


{'seen': 196, 'kept': 173, 'upserted': 3, 'modified': 170}
--- StockTwits public symbol streams ---
Fetching StockTwits symbol: AAPL
status: 200
Fetching StockTwits symbol: MSFT
status: 200
Fetching StockTwits symbol: NVDA
status: 200
Fetching StockTwits symbol: AMZN
status: 200
Fetching StockTwits symbol: META
status: 200
Fetching StockTwits symbol: GOOGL
status: 200
Fetching StockTwits symbol: GOOG
status: 200
Fetching StockTwits symbol: TSLA
status: 200
Fetching StockTwits symbol: AVGO
status: 200
Fetching StockTwits symbol: AMD
status: 200
Fetching StockTwits symbol: ORCL
status: 200
Fetching StockTwits symbol: ADBE
status: 200
Fetching StockTwits symbol: CRM
status: 200
Fetching StockTwits symbol: NFLX
status: 200
Fetching StockTwits symbol: INTC
status: 200
Fetching StockTwits symbol: QCOM
status: 200
Fetching StockTwits symbol: TXN
status: 200
Fetching StockTwits symbol: MU
status: 200
Fetching StockTwits symbol: AMAT
status: 200
Fetching StockTwits symbol: LRCX
status: 200
{'seen': 600, 'kept': 539, 'upserted': 15, 'modified': 524}
===== 5m rolling social counts =====
{"ok":true,"counts":{"StockTwits":588,"Bluesky":181,"Reddit":15},"rows":[{"_id":"StockTwits","count":588},{"_id":"Bluesky","count":181},{"_id":"Reddit","count":15}],"total":784,"window_minutes":5,"since_sec":1781211191,"now_sec":1781211491}

===== PUBLIC SOCIAL COLLECTOR RUN Thu Jun 11 14:59:11 MDT 2026 =====
--- Reddit public finance RSS ---
Fetching https://www.reddit.com/r/stocks/new/.rss
Fetching https://www.reddit.com/r/StockMarket/new/.rss
Failed StockMarket: 429 Client Error: Too Many Requests for url: https://www.reddit.com/r/StockMarket/new/.rss
Fetching https://www.reddit.com/r/investing/new/.rss
Failed investing: 429 Client Error: Too Many Requests for url: https://www.reddit.com/r/investing/new/.rss
Fetching https://www.reddit.com/r/SecurityAnalysis/new/.rss
Failed SecurityAnalysis: 429 Client Error: Too Many Requests for url: https://www.reddit.com/r/SecurityAnalysis/new/.rss
{'seen': 15, 'kept': 15, 'upserted': 0, 'modified': 15}
--- Bluesky public search API ---
Fetching Bluesky query: stocks
status: 200
Fetching Bluesky query: earnings
status: 200
Fetching Bluesky query: stock market
status: 200
Fetching Bluesky query: short squeeze
status: 200
Fetching Bluesky query: IPO
status: 200
Fetching Bluesky query: merger acquisition
status: 200
Fetching Bluesky query: FDA approval stock
status: 200
Fetching Bluesky query: SEC investigation stock
status: 200
Fetching Bluesky query: options trading
status: 200
Fetching Bluesky query: $AAPL
status: 200
Fetching Bluesky query: $TSLA
status: 403
<html><body><h1>403 Forbidden</h1>
Request forbidden by administrative rules.
</body></html>


Fetching Bluesky query: $NVDA
status: 403
<html><body><h1>403 Forbidden</h1>
Request forbidden by administrative rules.
</body></html>


Fetching Bluesky query: $AMD
status: 403
<html><body><h1>403 Forbidden</h1>
Request forbidden by administrative rules.
</body></html>


{'seen': 198, 'kept': 174, 'upserted': 7, 'modified': 167}
--- StockTwits public symbol streams ---
Fetching StockTwits symbol: AAPL
status: 200
Fetching StockTwits symbol: MSFT
status: 200
Fetching StockTwits symbol: NVDA
status: 200
Fetching StockTwits symbol: AMZN
status: 200
Fetching StockTwits symbol: META
status: 200
Fetching StockTwits symbol: GOOGL
status: 200
Fetching StockTwits symbol: GOOG
status: 200
Fetching StockTwits symbol: TSLA
status: 200
Fetching StockTwits symbol: AVGO
status: 200
Fetching StockTwits symbol: AMD
status: 200
Fetching StockTwits symbol: ORCL
status: 200
Fetching StockTwits symbol: ADBE
status: 200
Fetching StockTwits symbol: CRM
status: 200
Fetching StockTwits symbol: NFLX
status: 200
Fetching StockTwits symbol: INTC
status: 200
Fetching StockTwits symbol: QCOM
status: 200
Fetching StockTwits symbol: TXN
status: 200
Fetching StockTwits symbol: MU
status: 200
Fetching StockTwits symbol: AMAT
status: 200
Fetching StockTwits symbol: LRCX
status: 200
{'seen': 600, 'kept': 541, 'upserted': 8, 'modified': 533}
===== 5m rolling social counts =====
{"ok":true,"counts":{"StockTwits":580,"Bluesky":188,"Reddit":15},"rows":[{"_id":"StockTwits","count":580},{"_id":"Bluesky","count":188},{"_id":"Reddit","count":15}],"total":783,"window_minutes":5,"since_sec":1781211266,"now_sec":1781211566}

===== PUBLIC SOCIAL COLLECTOR RUN Thu Jun 11 15:00:26 MDT 2026 =====
--- Reddit public finance RSS ---
Fetching https://www.reddit.com/r/stocks/new/.rss
Fetching https://www.reddit.com/r/StockMarket/new/.rss
Failed StockMarket: 429 Client Error: Too Many Requests for url: https://www.reddit.com/r/StockMarket/new/.rss
Fetching https://www.reddit.com/r/investing/new/.rss
Failed investing: 429 Client Error: Too Many Requests for url: https://www.reddit.com/r/investing/new/.rss
Fetching https://www.reddit.com/r/SecurityAnalysis/new/.rss
Failed SecurityAnalysis: 429 Client Error: Too Many Requests for url: https://www.reddit.com/r/SecurityAnalysis/new/.rss
{'seen': 15, 'kept': 15, 'upserted': 0, 'modified': 15}
--- Bluesky public search API ---
Fetching Bluesky query: stocks
status: 200
Fetching Bluesky query: earnings
status: 200
Fetching Bluesky query: stock market
status: 200
Fetching Bluesky query: short squeeze
status: 200
Fetching Bluesky query: IPO
status: 200
Fetching Bluesky query: merger acquisition
status: 200
Fetching Bluesky query: FDA approval stock
status: 200
Fetching Bluesky query: SEC investigation stock
status: 200
Fetching Bluesky query: options trading
status: 200
Fetching Bluesky query: $AAPL
status: 200
Fetching Bluesky query: $TSLA
status: 200
Fetching Bluesky query: $NVDA
status: 200
Fetching Bluesky query: $AMD
status: 200
{'seen': 258, 'kept': 208, 'upserted': 12, 'modified': 196}
--- StockTwits public symbol streams ---
Fetching StockTwits symbol: AAPL
status: 200
Fetching StockTwits symbol: MSFT
status: 200
Fetching StockTwits symbol: NVDA
status: 200
Fetching StockTwits symbol: AMZN
status: 200
Fetching StockTwits symbol: META
status: 200
Fetching StockTwits symbol: GOOGL
status: 200
Fetching StockTwits symbol: GOOG
status: 200
Fetching StockTwits symbol: TSLA
status: 200
Fetching StockTwits symbol: AVGO
status: 200
Fetching StockTwits symbol: AMD
status: 200
Fetching StockTwits symbol: ORCL
status: 200
Fetching StockTwits symbol: ADBE
status: 200
Fetching StockTwits symbol: CRM
status: 200
Fetching StockTwits symbol: NFLX
status: 200
Fetching StockTwits symbol: INTC
status: 200
Fetching StockTwits symbol: QCOM
status: 200
Fetching StockTwits symbol: TXN
status: 200
Fetching StockTwits symbol: MU
status: 200
Fetching StockTwits symbol: AMAT
status: 200
Fetching StockTwits symbol: LRCX
status: 200
{'seen': 600, 'kept': 541, 'upserted': 13, 'modified': 528}
===== 5m rolling social counts =====
{"ok":true,"counts":{"StockTwits":575,"Bluesky":222,"Reddit":15},"rows":[{"_id":"StockTwits","count":575},{"_id":"Bluesky","count":222},{"_id":"Reddit","count":15}],"total":812,"window_minutes":5,"since_sec":1781211363,"now_sec":1781211663}

===== PUBLIC SOCIAL COLLECTOR RUN Thu Jun 11 15:02:03 MDT 2026 =====
--- Reddit public finance RSS ---
Fetching https://www.reddit.com/r/stocks/new/.rss
Fetching https://www.reddit.com/r/StockMarket/new/.rss
Failed StockMarket: 429 Client Error: Too Many Requests for url: https://www.reddit.com/r/StockMarket/new/.rss
Fetching https://www.reddit.com/r/investing/new/.rss
Failed investing: 429 Client Error: Too Many Requests for url: https://www.reddit.com/r/investing/new/.rss
Fetching https://www.reddit.com/r/SecurityAnalysis/new/.rss
Failed SecurityAnalysis: 429 Client Error: Too Many Requests for url: https://www.reddit.com/r/SecurityAnalysis/new/.rss
{'seen': 15, 'kept': 15, 'upserted': 0, 'modified': 15}
--- Bluesky public search API ---
Fetching Bluesky query: stocks
status: 200
Fetching Bluesky query: earnings
status: 200
Fetching Bluesky query: stock market
status: 200
Fetching Bluesky query: short squeeze
status: 200
Fetching Bluesky query: IPO
status: 200
Fetching Bluesky query: merger acquisition
status: 200
Fetching Bluesky query: FDA approval stock
status: 200
Fetching Bluesky query: SEC investigation stock
status: 200
Fetching Bluesky query: options trading
status: 200
Fetching Bluesky query: $AAPL
status: 200
Fetching Bluesky query: $TSLA
status: 403
<html><body><h1>403 Forbidden</h1>
Request forbidden by administrative rules.
</body></html>


Fetching Bluesky query: $NVDA
status: 403
<html><body><h1>403 Forbidden</h1>
Request forbidden by administrative rules.
</body></html>


Fetching Bluesky query: $AMD
status: 403
<html><body><h1>403 Forbidden</h1>
Request forbidden by administrative rules.
</body></html>


{'seen': 198, 'kept': 173, 'upserted': 21, 'modified': 152}
--- StockTwits public symbol streams ---
Fetching StockTwits symbol: AAPL
status: 200
Fetching StockTwits symbol: MSFT
status: 200
Fetching StockTwits symbol: NVDA
status: 200
Fetching StockTwits symbol: AMZN
status: 200
Fetching StockTwits symbol: META
status: 200
Fetching StockTwits symbol: GOOGL
status: 200
Fetching StockTwits symbol: GOOG
status: 200
Fetching StockTwits symbol: TSLA
status: 200
Fetching StockTwits symbol: AVGO
status: 200
Fetching StockTwits symbol: AMD
status: 200
Fetching StockTwits symbol: ORCL
status: 200
Fetching StockTwits symbol: ADBE
status: 200
Fetching StockTwits symbol: CRM
status: 200
Fetching StockTwits symbol: NFLX
status: 200
Fetching StockTwits symbol: INTC
status: 200
Fetching StockTwits symbol: QCOM
status: 200
Fetching StockTwits symbol: TXN
status: 200
Fetching StockTwits symbol: MU
status: 200
Fetching StockTwits symbol: AMAT
status: 200
Fetching StockTwits symbol: LRCX
status: 200
{'seen': 600, 'kept': 542, 'upserted': 3, 'modified': 539}
===== 5m rolling social counts =====
{"ok":true,"counts":{"StockTwits":563,"Bluesky":239,"Reddit":15},"rows":[{"_id":"StockTwits","count":563},{"_id":"Bluesky","count":239},{"_id":"Reddit","count":15}],"total":817,"window_minutes":5,"since_sec":1781211443,"now_sec":1781211744}

===== PUBLIC SOCIAL COLLECTOR RUN Thu Jun 11 15:03:24 MDT 2026 =====
--- Reddit public finance RSS ---
Fetching https://www.reddit.com/r/stocks/new/.rss
Fetching https://www.reddit.com/r/StockMarket/new/.rss
Failed StockMarket: 429 Client Error: Too Many Requests for url: https://www.reddit.com/r/StockMarket/new/.rss
Fetching https://www.reddit.com/r/investing/new/.rss
Failed investing: 429 Client Error: Too Many Requests for url: https://www.reddit.com/r/investing/new/.rss
Fetching https://www.reddit.com/r/SecurityAnalysis/new/.rss
Failed SecurityAnalysis: 429 Client Error: Too Many Requests for url: https://www.reddit.com/r/SecurityAnalysis/new/.rss
{'seen': 15, 'kept': 15, 'upserted': 0, 'modified': 15}
--- Bluesky public search API ---
Fetching Bluesky query: stocks
status: 200
Fetching Bluesky query: earnings
status: 200
Fetching Bluesky query: stock market
status: 200
Fetching Bluesky query: short squeeze
status: 200
Fetching Bluesky query: IPO
status: 200
Fetching Bluesky query: merger acquisition
status: 200
Fetching Bluesky query: FDA approval stock
status: 200
Fetching Bluesky query: SEC investigation stock
status: 200
Fetching Bluesky query: options trading
status: 200
Fetching Bluesky query: $AAPL
status: 200
Fetching Bluesky query: $TSLA
status: 403
<html><body><h1>403 Forbidden</h1>
Request forbidden by administrative rules.
</body></html>


Fetching Bluesky query: $NVDA
status: 403
<html><body><h1>403 Forbidden</h1>
Request forbidden by administrative rules.
</body></html>


Fetching Bluesky query: $AMD
status: 403
<html><body><h1>403 Forbidden</h1>
Request forbidden by administrative rules.
</body></html>


{'seen': 198, 'kept': 172, 'upserted': 7, 'modified': 165}
--- StockTwits public symbol streams ---
Fetching StockTwits symbol: AAPL
status: 200
Fetching StockTwits symbol: MSFT
status: 200
Fetching StockTwits symbol: NVDA
status: 200
Fetching StockTwits symbol: AMZN
status: 200
Fetching StockTwits symbol: META
status: 200
Fetching StockTwits symbol: GOOGL
status: 200
Fetching StockTwits symbol: GOOG
status: 200
Fetching StockTwits symbol: TSLA
status: 200
Fetching StockTwits symbol: AVGO
status: 200
Fetching StockTwits symbol: AMD
status: 200
Fetching StockTwits symbol: ORCL
status: 200
Fetching StockTwits symbol: ADBE
status: 200
Fetching StockTwits symbol: CRM
status: 200
Fetching StockTwits symbol: NFLX
status: 200
Fetching StockTwits symbol: INTC
status: 200
Fetching StockTwits symbol: QCOM
status: 200
Fetching StockTwits symbol: TXN
status: 200
Fetching StockTwits symbol: MU
status: 200
Fetching StockTwits symbol: AMAT
status: 200
Fetching StockTwits symbol: LRCX
status: 200
{'seen': 600, 'kept': 542, 'upserted': 11, 'modified': 531}
===== 5m rolling social counts =====
{"ok":true,"counts":{"StockTwits":568,"Bluesky":240,"Reddit":15},"rows":[{"_id":"StockTwits","count":568},{"_id":"Bluesky","count":240},{"_id":"Reddit","count":15}],"total":823,"window_minutes":5,"since_sec":1781211526,"now_sec":1781211826}

===== PUBLIC SOCIAL COLLECTOR RUN Thu Jun 11 15:04:46 MDT 2026 =====
--- Reddit public finance RSS ---
Fetching https://www.reddit.com/r/stocks/new/.rss
Fetching https://www.reddit.com/r/StockMarket/new/.rss
Failed StockMarket: 429 Client Error: Too Many Requests for url: https://www.reddit.com/r/StockMarket/new/.rss
Fetching https://www.reddit.com/r/investing/new/.rss
Failed investing: 429 Client Error: Too Many Requests for url: https://www.reddit.com/r/investing/new/.rss
Fetching https://www.reddit.com/r/SecurityAnalysis/new/.rss
Failed SecurityAnalysis: 429 Client Error: Too Many Requests for url: https://www.reddit.com/r/SecurityAnalysis/new/.rss
{'seen': 15, 'kept': 15, 'upserted': 0, 'modified': 15}
--- Bluesky public search API ---
Fetching Bluesky query: stocks
status: 200
Fetching Bluesky query: earnings
status: 200
Fetching Bluesky query: stock market
status: 200
Fetching Bluesky query: short squeeze
status: 200
Fetching Bluesky query: IPO
status: 200
Fetching Bluesky query: merger acquisition
status: 200
Fetching Bluesky query: FDA approval stock
status: 200
Fetching Bluesky query: SEC investigation stock
status: 200
Fetching Bluesky query: options trading
status: 200
Fetching Bluesky query: $AAPL
status: 200
Fetching Bluesky query: $TSLA
status: 403
<html><body><h1>403 Forbidden</h1>
Request forbidden by administrative rules.
</body></html>


Fetching Bluesky query: $NVDA
status: 403
<html><body><h1>403 Forbidden</h1>
Request forbidden by administrative rules.
</body></html>


Fetching Bluesky query: $AMD
status: 403
<html><body><h1>403 Forbidden</h1>
Request forbidden by administrative rules.
</body></html>


{'seen': 198, 'kept': 171, 'upserted': 7, 'modified': 164}
--- StockTwits public symbol streams ---
Fetching StockTwits symbol: AAPL
status: 200
Fetching StockTwits symbol: MSFT
status: 200
Fetching StockTwits symbol: NVDA
status: 200
Fetching StockTwits symbol: AMZN
status: 200
Fetching StockTwits symbol: META
status: 200
Fetching StockTwits symbol: GOOGL
status: 200
Fetching StockTwits symbol: GOOG
status: 200
Fetching StockTwits symbol: TSLA
status: 200
Fetching StockTwits symbol: AVGO
status: 200
Fetching StockTwits symbol: AMD
status: 200
Fetching StockTwits symbol: ORCL
status: 200
Fetching StockTwits symbol: ADBE
status: 200
Fetching StockTwits symbol: CRM
status: 200
Fetching StockTwits symbol: NFLX
status: 200
Fetching StockTwits symbol: INTC
status: 200
Fetching StockTwits symbol: QCOM
status: 200
Fetching StockTwits symbol: TXN
status: 200
Fetching StockTwits symbol: MU
status: 200
Fetching StockTwits symbol: AMAT
status: 200
Fetching StockTwits symbol: LRCX
status: 200
{'seen': 600, 'kept': 543, 'upserted': 9, 'modified': 534}
===== 5m rolling social counts =====
{"ok":true,"counts":{"StockTwits":564,"Bluesky":243,"Reddit":15},"rows":[{"_id":"StockTwits","count":564},{"_id":"Bluesky","count":243},{"_id":"Reddit","count":15}],"total":822,"window_minutes":5,"since_sec":1781211609,"now_sec":1781211909}

===== PUBLIC SOCIAL COLLECTOR RUN Thu Jun 11 15:06:09 MDT 2026 =====
--- Reddit public finance RSS ---
Fetching https://www.reddit.com/r/stocks/new/.rss
Fetching https://www.reddit.com/r/StockMarket/new/.rss
Failed StockMarket: 429 Client Error: Too Many Requests for url: https://www.reddit.com/r/StockMarket/new/.rss
Fetching https://www.reddit.com/r/investing/new/.rss
Failed investing: 429 Client Error: Too Many Requests for url: https://www.reddit.com/r/investing/new/.rss
Fetching https://www.reddit.com/r/SecurityAnalysis/new/.rss
Failed SecurityAnalysis: 429 Client Error: Too Many Requests for url: https://www.reddit.com/r/SecurityAnalysis/new/.rss
{'seen': 15, 'kept': 15, 'upserted': 0, 'modified': 15}
--- Bluesky public search API ---
Fetching Bluesky query: stocks
status: 200
Fetching Bluesky query: earnings
status: 200
Fetching Bluesky query: stock market
status: 200
Fetching Bluesky query: short squeeze
status: 200
Fetching Bluesky query: IPO
status: 200
Fetching Bluesky query: merger acquisition
status: 200
Fetching Bluesky query: FDA approval stock
status: 200
Fetching Bluesky query: SEC investigation stock
status: 200
Fetching Bluesky query: options trading
status: 200
Fetching Bluesky query: $AAPL
status: 200
Fetching Bluesky query: $TSLA
status: 403
<html><body><h1>403 Forbidden</h1>
Request forbidden by administrative rules.
</body></html>


Fetching Bluesky query: $NVDA
status: 403
<html><body><h1>403 Forbidden</h1>
Request forbidden by administrative rules.
</body></html>


Fetching Bluesky query: $AMD
status: 403
<html><body><h1>403 Forbidden</h1>
Request forbidden by administrative rules.
</body></html>


{'seen': 198, 'kept': 171, 'upserted': 6, 'modified': 165}
--- StockTwits public symbol streams ---
Fetching StockTwits symbol: AAPL
status: 200
Fetching StockTwits symbol: MSFT
status: 200
Fetching StockTwits symbol: NVDA
status: 200
Fetching StockTwits symbol: AMZN
status: 200
Fetching StockTwits symbol: META
status: 200
Fetching StockTwits symbol: GOOGL
status: 200
Fetching StockTwits symbol: GOOG
status: 200
Fetching StockTwits symbol: TSLA
status: 200
Fetching StockTwits symbol: AVGO
status: 200
Fetching StockTwits symbol: AMD
status: 200
Fetching StockTwits symbol: ORCL
status: 200
Fetching StockTwits symbol: ADBE
status: 200
Fetching StockTwits symbol: CRM
status: 200
Fetching StockTwits symbol: NFLX
status: 200
Fetching StockTwits symbol: INTC
status: 200
Fetching StockTwits symbol: QCOM
status: 200
Fetching StockTwits symbol: TXN
status: 200
Fetching StockTwits symbol: MU
status: 200
Fetching StockTwits symbol: AMAT
status: 200
Fetching StockTwits symbol: LRCX
status: 200
{'seen': 600, 'kept': 544, 'upserted': 7, 'modified': 537}
===== 5m rolling social counts =====
{"ok":true,"counts":{"StockTwits":569,"Bluesky":193,"Reddit":15},"rows":[{"_id":"StockTwits","count":569},{"_id":"Bluesky","count":193},{"_id":"Reddit","count":15}],"total":777,"window_minutes":5,"since_sec":1781211684,"now_sec":1781211984}

===== PUBLIC SOCIAL COLLECTOR RUN Thu Jun 11 15:07:24 MDT 2026 =====
--- Reddit public finance RSS ---
Fetching https://www.reddit.com/r/stocks/new/.rss
Fetching https://www.reddit.com/r/StockMarket/new/.rss
Failed StockMarket: 429 Client Error: Too Many Requests for url: https://www.reddit.com/r/StockMarket/new/.rss
Fetching https://www.reddit.com/r/investing/new/.rss
Failed investing: 429 Client Error: Too Many Requests for url: https://www.reddit.com/r/investing/new/.rss
Fetching https://www.reddit.com/r/SecurityAnalysis/new/.rss
Failed SecurityAnalysis: 429 Client Error: Too Many Requests for url: https://www.reddit.com/r/SecurityAnalysis/new/.rss
{'seen': 15, 'kept': 15, 'upserted': 0, 'modified': 15}
--- Bluesky public search API ---
Fetching Bluesky query: stocks
status: 200
Fetching Bluesky query: earnings
status: 200
Fetching Bluesky query: stock market
status: 200
Fetching Bluesky query: short squeeze
status: 200
Fetching Bluesky query: IPO
status: 200
Fetching Bluesky query: merger acquisition
status: 200
Fetching Bluesky query: FDA approval stock
status: 200
Fetching Bluesky query: SEC investigation stock
status: 200
Fetching Bluesky query: options trading
status: 200
Fetching Bluesky query: $AAPL
status: 200
Fetching Bluesky query: $TSLA
status: 403
<html><body><h1>403 Forbidden</h1>
Request forbidden by administrative rules.
</body></html>


Fetching Bluesky query: $NVDA
status: 403
<html><body><h1>403 Forbidden</h1>
Request forbidden by administrative rules.
</body></html>


Fetching Bluesky query: $AMD
status: 403
<html><body><h1>403 Forbidden</h1>
Request forbidden by administrative rules.
</body></html>


{'seen': 198, 'kept': 171, 'upserted': 6, 'modified': 165}
--- StockTwits public symbol streams ---
Fetching StockTwits symbol: AAPL
status: 200
Fetching StockTwits symbol: MSFT
status: 200
Fetching StockTwits symbol: NVDA
status: 200
Fetching StockTwits symbol: AMZN
status: 200
Fetching StockTwits symbol: META
status: 200
Fetching StockTwits symbol: GOOGL
status: 200
Fetching StockTwits symbol: GOOG
status: 200
Fetching StockTwits symbol: TSLA
status: 200
Fetching StockTwits symbol: AVGO
status: 200
Fetching StockTwits symbol: AMD
status: 200
Fetching StockTwits symbol: ORCL
status: 200
Fetching StockTwits symbol: ADBE
status: 200
Fetching StockTwits symbol: CRM
status: 200
Fetching StockTwits symbol: NFLX
status: 200
Fetching StockTwits symbol: INTC
status: 200
Fetching StockTwits symbol: QCOM
status: 200
Fetching StockTwits symbol: TXN
status: 200
Fetching StockTwits symbol: MU
status: 200
Fetching StockTwits symbol: AMAT
status: 200
Fetching StockTwits symbol: LRCX
status: 200
{'seen': 600, 'kept': 544, 'upserted': 13, 'modified': 531}
===== 5m rolling social counts =====
{"ok":true,"counts":{"StockTwits":571,"Bluesky":191,"Reddit":15},"rows":[{"_id":"StockTwits","count":571},{"_id":"Bluesky","count":191},{"_id":"Reddit","count":15}],"total":777,"window_minutes":5,"since_sec":1781211760,"now_sec":1781212061}

===== PUBLIC SOCIAL COLLECTOR RUN Thu Jun 11 15:08:41 MDT 2026 =====
--- Reddit public finance RSS ---
Fetching https://www.reddit.com/r/stocks/new/.rss
Fetching https://www.reddit.com/r/StockMarket/new/.rss
Failed StockMarket: 429 Client Error: Too Many Requests for url: https://www.reddit.com/r/StockMarket/new/.rss
Fetching https://www.reddit.com/r/investing/new/.rss
Failed investing: 429 Client Error: Too Many Requests for url: https://www.reddit.com/r/investing/new/.rss
Fetching https://www.reddit.com/r/SecurityAnalysis/new/.rss
Failed SecurityAnalysis: 429 Client Error: Too Many Requests for url: https://www.reddit.com/r/SecurityAnalysis/new/.rss
{'seen': 15, 'kept': 15, 'upserted': 0, 'modified': 15}
--- Bluesky public search API ---
Fetching Bluesky query: stocks
status: 200
Fetching Bluesky query: earnings
status: 200
Fetching Bluesky query: stock market
status: 200
Fetching Bluesky query: short squeeze
status: 200
Fetching Bluesky query: IPO
status: 200
Fetching Bluesky query: merger acquisition
status: 200
Fetching Bluesky query: FDA approval stock
status: 200
Fetching Bluesky query: SEC investigation stock
status: 200
Fetching Bluesky query: options trading
status: 200
Fetching Bluesky query: $AAPL
status: 200
Fetching Bluesky query: $TSLA
status: 403
<html><body><h1>403 Forbidden</h1>
Request forbidden by administrative rules.
</body></html>


Fetching Bluesky query: $NVDA
status: 403
<html><body><h1>403 Forbidden</h1>
Request forbidden by administrative rules.
</body></html>


Fetching Bluesky query: $AMD
status: 403
<html><body><h1>403 Forbidden</h1>
Request forbidden by administrative rules.
</body></html>


{'seen': 198, 'kept': 171, 'upserted': 3, 'modified': 168}
--- StockTwits public symbol streams ---
Fetching StockTwits symbol: AAPL
status: 200
Fetching StockTwits symbol: MSFT
status: 200
Fetching StockTwits symbol: NVDA
status: 200
Fetching StockTwits symbol: AMZN
status: 200
Fetching StockTwits symbol: META
status: 200
Fetching StockTwits symbol: GOOGL
status: 200
Fetching StockTwits symbol: GOOG
status: 200
Fetching StockTwits symbol: TSLA
status: 200
Fetching StockTwits symbol: AVGO
status: 200
Fetching StockTwits symbol: AMD
status: 200
Fetching StockTwits symbol: ORCL
status: 200
Fetching StockTwits symbol: ADBE
status: 200
Fetching StockTwits symbol: CRM
status: 200
Fetching StockTwits symbol: NFLX
status: 200
Fetching StockTwits symbol: INTC
status: 200
Fetching StockTwits symbol: QCOM
status: 200
Fetching StockTwits symbol: TXN
status: 200
Fetching StockTwits symbol: MU
status: 200
Fetching StockTwits symbol: AMAT
status: 200
Fetching StockTwits symbol: LRCX
status: 200
{'seen': 600, 'kept': 545, 'upserted': 13, 'modified': 532}
===== 5m rolling social counts =====
{"ok":true,"counts":{"StockTwits":577,"Bluesky":186,"Reddit":15},"rows":[{"_id":"StockTwits","count":577},{"_id":"Bluesky","count":186},{"_id":"Reddit","count":15}],"total":778,"window_minutes":5,"since_sec":1781211836,"now_sec":1781212136}

===== PUBLIC SOCIAL COLLECTOR RUN Thu Jun 11 15:09:56 MDT 2026 =====
--- Reddit public finance RSS ---
Fetching https://www.reddit.com/r/stocks/new/.rss
Fetching https://www.reddit.com/r/StockMarket/new/.rss
Failed StockMarket: 429 Client Error: Too Many Requests for url: https://www.reddit.com/r/StockMarket/new/.rss
Fetching https://www.reddit.com/r/investing/new/.rss
Failed investing: 429 Client Error: Too Many Requests for url: https://www.reddit.com/r/investing/new/.rss
Fetching https://www.reddit.com/r/SecurityAnalysis/new/.rss
Failed SecurityAnalysis: 429 Client Error: Too Many Requests for url: https://www.reddit.com/r/SecurityAnalysis/new/.rss
{'seen': 15, 'kept': 15, 'upserted': 0, 'modified': 15}
--- Bluesky public search API ---
Fetching Bluesky query: stocks
status: 200
Fetching Bluesky query: earnings
status: 200
Fetching Bluesky query: stock market
status: 200
Fetching Bluesky query: short squeeze
status: 200
Fetching Bluesky query: IPO
status: 200
Fetching Bluesky query: merger acquisition
status: 200
Fetching Bluesky query: FDA approval stock
status: 200
Fetching Bluesky query: SEC investigation stock
status: 200
Fetching Bluesky query: options trading
status: 200
Fetching Bluesky query: $AAPL
status: 200
Fetching Bluesky query: $TSLA
status: 200
Fetching Bluesky query: $NVDA
status: 200
Fetching Bluesky query: $AMD
status: 200
{'seen': 258, 'kept': 202, 'upserted': 6, 'modified': 196}
--- StockTwits public symbol streams ---
Fetching StockTwits symbol: AAPL
status: 200
Fetching StockTwits symbol: MSFT
status: 200
Fetching StockTwits symbol: NVDA
status: 200
Fetching StockTwits symbol: AMZN
status: 200
Fetching StockTwits symbol: META
status: 200
Fetching StockTwits symbol: GOOGL
status: 200
Fetching StockTwits symbol: GOOG
status: 200
Fetching StockTwits symbol: TSLA
status: 200
Fetching StockTwits symbol: AVGO
status: 200
Fetching StockTwits symbol: AMD
status: 200
Fetching StockTwits symbol: ORCL
status: 200
Fetching StockTwits symbol: ADBE
status: 200
Fetching StockTwits symbol: CRM
status: 200
Fetching StockTwits symbol: NFLX
status: 200
Fetching StockTwits symbol: INTC
status: 200
Fetching StockTwits symbol: QCOM
status: 200
Fetching StockTwits symbol: TXN
status: 200
Fetching StockTwits symbol: MU
status: 200
Fetching StockTwits symbol: AMAT
status: 200
Fetching StockTwits symbol: LRCX
status: 200
{'seen': 600, 'kept': 545, 'upserted': 13, 'modified': 532}
===== 5m rolling social counts =====
{"ok":true,"counts":{"StockTwits":584,"Bluesky":215,"Reddit":15},"rows":[{"_id":"StockTwits","count":584},{"_id":"Bluesky","count":215},{"_id":"Reddit","count":15}],"total":814,"window_minutes":5,"since_sec":1781211922,"now_sec":1781212222}

===== PUBLIC SOCIAL COLLECTOR RUN Thu Jun 11 15:11:22 MDT 2026 =====
--- Reddit public finance RSS ---
Fetching https://www.reddit.com/r/stocks/new/.rss
Fetching https://www.reddit.com/r/StockMarket/new/.rss
Failed StockMarket: 429 Client Error: Too Many Requests for url: https://www.reddit.com/r/StockMarket/new/.rss
Fetching https://www.reddit.com/r/investing/new/.rss
Failed investing: 429 Client Error: Too Many Requests for url: https://www.reddit.com/r/investing/new/.rss
Fetching https://www.reddit.com/r/SecurityAnalysis/new/.rss
Failed SecurityAnalysis: 429 Client Error: Too Many Requests for url: https://www.reddit.com/r/SecurityAnalysis/new/.rss
{'seen': 15, 'kept': 15, 'upserted': 0, 'modified': 15}
--- Bluesky public search API ---
Fetching Bluesky query: stocks
status: 200
Fetching Bluesky query: earnings
status: 200
Fetching Bluesky query: stock market
status: 200
Fetching Bluesky query: short squeeze
status: 200
Fetching Bluesky query: IPO
status: 200
Fetching Bluesky query: merger acquisition
status: 200
Fetching Bluesky query: FDA approval stock
status: 200
Fetching Bluesky query: SEC investigation stock
status: 200
Fetching Bluesky query: options trading
status: 200
Fetching Bluesky query: $AAPL
status: 200
Fetching Bluesky query: $TSLA
status: 403
<html><body><h1>403 Forbidden</h1>
Request forbidden by administrative rules.
</body></html>


Fetching Bluesky query: $NVDA
status: 403
<html><body><h1>403 Forbidden</h1>
Request forbidden by administrative rules.
</body></html>


Fetching Bluesky query: $AMD
status: 403
<html><body><h1>403 Forbidden</h1>
Request forbidden by administrative rules.
</body></html>


{'seen': 197, 'kept': 168, 'upserted': 3, 'modified': 165}
--- StockTwits public symbol streams ---
Fetching StockTwits symbol: AAPL
status: 200
Fetching StockTwits symbol: MSFT
status: 200
Fetching StockTwits symbol: NVDA
status: 200
Fetching StockTwits symbol: AMZN
status: 200
Fetching StockTwits symbol: META
status: 200
Fetching StockTwits symbol: GOOGL
status: 200
Fetching StockTwits symbol: GOOG
status: 200
Fetching StockTwits symbol: TSLA
status: 200
Fetching StockTwits symbol: AVGO
status: 200
Fetching StockTwits symbol: AMD
status: 200
Fetching StockTwits symbol: ORCL
status: 200
Fetching StockTwits symbol: ADBE
status: 200
Fetching StockTwits symbol: CRM
status: 200
Fetching StockTwits symbol: NFLX
status: 200
Fetching StockTwits symbol: INTC
status: 200
Fetching StockTwits symbol: QCOM
status: 200
Fetching StockTwits symbol: TXN
status: 200
Fetching StockTwits symbol: MU
status: 200
Fetching StockTwits symbol: AMAT
status: 200
Fetching StockTwits symbol: LRCX
status: 200
{'seen': 600, 'kept': 546, 'upserted': 8, 'modified': 538}
===== 5m rolling social counts =====
{"ok":true,"counts":{"StockTwits":578,"Bluesky":212,"Reddit":15},"rows":[{"_id":"StockTwits","count":578},{"_id":"Bluesky","count":212},{"_id":"Reddit","count":15}],"total":805,"window_minutes":5,"since_sec":1781211997,"now_sec":1781212297}

===== PUBLIC SOCIAL COLLECTOR RUN Thu Jun 11 15:12:37 MDT 2026 =====
--- Reddit public finance RSS ---
Fetching https://www.reddit.com/r/stocks/new/.rss
Fetching https://www.reddit.com/r/StockMarket/new/.rss
Failed StockMarket: 429 Client Error: Too Many Requests for url: https://www.reddit.com/r/StockMarket/new/.rss
Fetching https://www.reddit.com/r/investing/new/.rss
Failed investing: 429 Client Error: Too Many Requests for url: https://www.reddit.com/r/investing/new/.rss
Fetching https://www.reddit.com/r/SecurityAnalysis/new/.rss
Failed SecurityAnalysis: 429 Client Error: Too Many Requests for url: https://www.reddit.com/r/SecurityAnalysis/new/.rss
{'seen': 15, 'kept': 15, 'upserted': 0, 'modified': 15}
--- Bluesky public search API ---
Fetching Bluesky query: stocks
status: 200
Fetching Bluesky query: earnings
status: 200
Fetching Bluesky query: stock market
status: 200
Fetching Bluesky query: short squeeze
status: 200
Fetching Bluesky query: IPO
status: 200
Fetching Bluesky query: merger acquisition
status: 200
Fetching Bluesky query: FDA approval stock
status: 200
Fetching Bluesky query: SEC investigation stock
status: 200
Fetching Bluesky query: options trading
status: 200
Fetching Bluesky query: $AAPL
status: 200
Fetching Bluesky query: $TSLA
status: 403
<html><body><h1>403 Forbidden</h1>
Request forbidden by administrative rules.
</body></html>


Fetching Bluesky query: $NVDA
status: 403
<html><body><h1>403 Forbidden</h1>
Request forbidden by administrative rules.
</body></html>


Fetching Bluesky query: $AMD
status: 403
<html><body><h1>403 Forbidden</h1>
Request forbidden by administrative rules.
</body></html>


{'seen': 197, 'kept': 170, 'upserted': 3, 'modified': 167}
--- StockTwits public symbol streams ---
Fetching StockTwits symbol: AAPL
status: 200
Fetching StockTwits symbol: MSFT
status: 200
Fetching StockTwits symbol: NVDA
status: 200
Fetching StockTwits symbol: AMZN
status: 200
Fetching StockTwits symbol: META
status: 200
Fetching StockTwits symbol: GOOGL
status: 200
Fetching StockTwits symbol: GOOG
status: 200
Fetching StockTwits symbol: TSLA
status: 200
Fetching StockTwits symbol: AVGO
status: 200
Fetching StockTwits symbol: AMD
status: 200
Fetching StockTwits symbol: ORCL
status: 200
Fetching StockTwits symbol: ADBE
status: 200
Fetching StockTwits symbol: CRM
status: 200
Fetching StockTwits symbol: NFLX
status: 200
Fetching StockTwits symbol: INTC
status: 200
Fetching StockTwits symbol: QCOM
status: 200
Fetching StockTwits symbol: TXN
status: 200
Fetching StockTwits symbol: MU
status: 200
Fetching StockTwits symbol: AMAT
status: 200
Fetching StockTwits symbol: LRCX
status: 200
{'seen': 600, 'kept': 542, 'upserted': 12, 'modified': 530}
===== 5m rolling social counts =====
{"ok":true,"counts":{"StockTwits":578,"Bluesky":212,"Reddit":15},"rows":[{"_id":"StockTwits","count":578},{"_id":"Bluesky","count":212},{"_id":"Reddit","count":15}],"total":805,"window_minutes":5,"since_sec":1781212072,"now_sec":1781212372}

===== PUBLIC SOCIAL COLLECTOR RUN Thu Jun 11 15:13:52 MDT 2026 =====
--- Reddit public finance RSS ---
Fetching https://www.reddit.com/r/stocks/new/.rss
Fetching https://www.reddit.com/r/StockMarket/new/.rss
Failed StockMarket: 429 Client Error: Too Many Requests for url: https://www.reddit.com/r/StockMarket/new/.rss
Fetching https://www.reddit.com/r/investing/new/.rss
Failed investing: 429 Client Error: Too Many Requests for url: https://www.reddit.com/r/investing/new/.rss
Fetching https://www.reddit.com/r/SecurityAnalysis/new/.rss
Failed SecurityAnalysis: 429 Client Error: Too Many Requests for url: https://www.reddit.com/r/SecurityAnalysis/new/.rss
{'seen': 15, 'kept': 15, 'upserted': 0, 'modified': 15}
--- Bluesky public search API ---
Fetching Bluesky query: stocks
status: 200
Fetching Bluesky query: earnings
status: 200
Fetching Bluesky query: stock market
status: 200
Fetching Bluesky query: short squeeze
status: 200
Fetching Bluesky query: IPO
status: 200
Fetching Bluesky query: merger acquisition
status: 200
Fetching Bluesky query: FDA approval stock
status: 200
Fetching Bluesky query: SEC investigation stock
status: 200
Fetching Bluesky query: options trading
status: 200
Fetching Bluesky query: $AAPL
status: 200
Fetching Bluesky query: $TSLA
status: 403
<html><body><h1>403 Forbidden</h1>
Request forbidden by administrative rules.
</body></html>


Fetching Bluesky query: $NVDA
status: 403
<html><body><h1>403 Forbidden</h1>
Request forbidden by administrative rules.
</body></html>


Fetching Bluesky query: $AMD
status: 403
<html><body><h1>403 Forbidden</h1>
Request forbidden by administrative rules.
</body></html>


{'seen': 197, 'kept': 170, 'upserted': 3, 'modified': 167}
--- StockTwits public symbol streams ---
Fetching StockTwits symbol: AAPL
status: 200
Fetching StockTwits symbol: MSFT
status: 200
Fetching StockTwits symbol: NVDA
status: 200
Fetching StockTwits symbol: AMZN
status: 200
Fetching StockTwits symbol: META
status: 200
Fetching StockTwits symbol: GOOGL
status: 200
Fetching StockTwits symbol: GOOG
status: 200
Fetching StockTwits symbol: TSLA
status: 200
Fetching StockTwits symbol: AVGO
status: 200
Fetching StockTwits symbol: AMD
status: 200
Fetching StockTwits symbol: ORCL
status: 200
Fetching StockTwits symbol: ADBE
status: 200
Fetching StockTwits symbol: CRM
status: 200
Fetching StockTwits symbol: NFLX
status: 200
Fetching StockTwits symbol: INTC
status: 200
Fetching StockTwits symbol: QCOM
status: 200
Fetching StockTwits symbol: TXN
status: 200
Fetching StockTwits symbol: MU
status: 200
Fetching StockTwits symbol: AMAT
status: 200
Fetching StockTwits symbol: LRCX
status: 200
{'seen': 600, 'kept': 541, 'upserted': 12, 'modified': 529}
===== 5m rolling social counts =====
{"ok":true,"counts":{"StockTwits":577,"Bluesky":211,"Reddit":15},"rows":[{"_id":"StockTwits","count":577},{"_id":"Bluesky","count":211},{"_id":"Reddit","count":15}],"total":803,"window_minutes":5,"since_sec":1781212148,"now_sec":1781212449}

===== PUBLIC SOCIAL COLLECTOR RUN Thu Jun 11 15:15:09 MDT 2026 =====
--- Reddit public finance RSS ---
Fetching https://www.reddit.com/r/stocks/new/.rss
Fetching https://www.reddit.com/r/StockMarket/new/.rss
Failed StockMarket: 429 Client Error: Too Many Requests for url: https://www.reddit.com/r/StockMarket/new/.rss
Fetching https://www.reddit.com/r/investing/new/.rss
Failed investing: 429 Client Error: Too Many Requests for url: https://www.reddit.com/r/investing/new/.rss
Fetching https://www.reddit.com/r/SecurityAnalysis/new/.rss
Failed SecurityAnalysis: 429 Client Error: Too Many Requests for url: https://www.reddit.com/r/SecurityAnalysis/new/.rss
{'seen': 15, 'kept': 15, 'upserted': 0, 'modified': 15}
--- Bluesky public search API ---
Fetching Bluesky query: stocks
status: 200
Fetching Bluesky query: earnings
status: 200
Fetching Bluesky query: stock market
status: 200
Fetching Bluesky query: short squeeze
status: 200
Fetching Bluesky query: IPO
status: 200
Fetching Bluesky query: merger acquisition
status: 200
Fetching Bluesky query: FDA approval stock
status: 200
Fetching Bluesky query: SEC investigation stock
status: 200
Fetching Bluesky query: options trading
status: 200
Fetching Bluesky query: $AAPL
status: 200
Fetching Bluesky query: $TSLA
status: 403
<html><body><h1>403 Forbidden</h1>
Request forbidden by administrative rules.
</body></html>


Fetching Bluesky query: $NVDA
status: 403
<html><body><h1>403 Forbidden</h1>
Request forbidden by administrative rules.
</body></html>


Fetching Bluesky query: $AMD
status: 403
<html><body><h1>403 Forbidden</h1>
Request forbidden by administrative rules.
</body></html>


{'seen': 198, 'kept': 170, 'upserted': 9, 'modified': 161}
--- StockTwits public symbol streams ---
Fetching StockTwits symbol: AAPL
status: 200
Fetching StockTwits symbol: MSFT
status: 200
Fetching StockTwits symbol: NVDA
status: 200
Fetching StockTwits symbol: AMZN
status: 200
Fetching StockTwits symbol: META
status: 200
Fetching StockTwits symbol: GOOGL
status: 200
Fetching StockTwits symbol: GOOG
status: 200
Fetching StockTwits symbol: TSLA
status: 200
Fetching StockTwits symbol: AVGO
status: 200
Fetching StockTwits symbol: AMD
status: 200
Fetching StockTwits symbol: ORCL
status: 200
Fetching StockTwits symbol: ADBE
status: 200
Fetching StockTwits symbol: CRM
status: 200
Fetching StockTwits symbol: NFLX
status: 200
Fetching StockTwits symbol: INTC
status: 200
Fetching StockTwits symbol: QCOM
status: 200
Fetching StockTwits symbol: TXN
status: 200
Fetching StockTwits symbol: MU
status: 200
Fetching StockTwits symbol: AMAT
status: 200
Fetching StockTwits symbol: LRCX
status: 200
{'seen': 600, 'kept': 537, 'upserted': 19, 'modified': 518}
===== 5m rolling social counts =====
{"ok":true,"counts":{"StockTwits":589,"Bluesky":183,"Reddit":15},"rows":[{"_id":"StockTwits","count":589},{"_id":"Bluesky","count":183},{"_id":"Reddit","count":15}],"total":787,"window_minutes":5,"since_sec":1781212225,"now_sec":1781212525}

===== PUBLIC SOCIAL COLLECTOR RUN Thu Jun 11 15:16:25 MDT 2026 =====
--- Reddit public finance RSS ---
Fetching https://www.reddit.com/r/stocks/new/.rss
Fetching https://www.reddit.com/r/StockMarket/new/.rss
Failed StockMarket: 429 Client Error: Too Many Requests for url: https://www.reddit.com/r/StockMarket/new/.rss
Fetching https://www.reddit.com/r/investing/new/.rss
Failed investing: 429 Client Error: Too Many Requests for url: https://www.reddit.com/r/investing/new/.rss
Fetching https://www.reddit.com/r/SecurityAnalysis/new/.rss
Failed SecurityAnalysis: 429 Client Error: Too Many Requests for url: https://www.reddit.com/r/SecurityAnalysis/new/.rss
{'seen': 15, 'kept': 15, 'upserted': 1, 'modified': 14}
--- Bluesky public search API ---
Fetching Bluesky query: stocks
status: 200
Fetching Bluesky query: earnings
status: 200
Fetching Bluesky query: stock market
status: 200
Fetching Bluesky query: short squeeze
status: 200
Fetching Bluesky query: IPO
status: 200
Fetching Bluesky query: merger acquisition
status: 200
Fetching Bluesky query: FDA approval stock
status: 200
Fetching Bluesky query: SEC investigation stock
status: 200
Fetching Bluesky query: options trading
status: 200
Fetching Bluesky query: $AAPL
status: 200
Fetching Bluesky query: $TSLA
status: 403
<html><body><h1>403 Forbidden</h1>
Request forbidden by administrative rules.
</body></html>


Fetching Bluesky query: $NVDA
status: 403
<html><body><h1>403 Forbidden</h1>
Request forbidden by administrative rules.
</body></html>


Fetching Bluesky query: $AMD
status: 403
<html><body><h1>403 Forbidden</h1>
Request forbidden by administrative rules.
</body></html>


{'seen': 197, 'kept': 169, 'upserted': 8, 'modified': 161}
--- StockTwits public symbol streams ---
Fetching StockTwits symbol: AAPL
status: 200
Fetching StockTwits symbol: MSFT
status: 200
Fetching StockTwits symbol: NVDA
status: 200
Fetching StockTwits symbol: AMZN
status: 200
Fetching StockTwits symbol: META
status: 200
Fetching StockTwits symbol: GOOGL
status: 200
Fetching StockTwits symbol: GOOG
status: 200
Fetching StockTwits symbol: TSLA
status: 200
Fetching StockTwits symbol: AVGO
status: 200
Fetching StockTwits symbol: AMD
status: 200
Fetching StockTwits symbol: ORCL
status: 200
Fetching StockTwits symbol: ADBE
status: 200
Fetching StockTwits symbol: CRM
status: 200
Fetching StockTwits symbol: NFLX
status: 200
Fetching StockTwits symbol: INTC
status: 200
Fetching StockTwits symbol: QCOM
status: 200
Fetching StockTwits symbol: TXN
status: 200
Fetching StockTwits symbol: MU
status: 200
Fetching StockTwits symbol: AMAT
status: 200
Fetching StockTwits symbol: LRCX
status: 200
{'seen': 600, 'kept': 538, 'upserted': 9, 'modified': 529}
===== 5m rolling social counts =====
{"ok":true,"counts":{"StockTwits":582,"Bluesky":190,"Reddit":16},"rows":[{"_id":"StockTwits","count":582},{"_id":"Bluesky","count":190},{"_id":"Reddit","count":16}],"total":788,"window_minutes":5,"since_sec":1781212301,"now_sec":1781212601}

===== PUBLIC SOCIAL COLLECTOR RUN Thu Jun 11 15:17:41 MDT 2026 =====
--- Reddit public finance RSS ---
Fetching https://www.reddit.com/r/stocks/new/.rss
Fetching https://www.reddit.com/r/StockMarket/new/.rss
Failed StockMarket: 429 Client Error: Too Many Requests for url: https://www.reddit.com/r/StockMarket/new/.rss
Fetching https://www.reddit.com/r/investing/new/.rss
Failed investing: 429 Client Error: Too Many Requests for url: https://www.reddit.com/r/investing/new/.rss
Fetching https://www.reddit.com/r/SecurityAnalysis/new/.rss
Failed SecurityAnalysis: 429 Client Error: Too Many Requests for url: https://www.reddit.com/r/SecurityAnalysis/new/.rss
{'seen': 15, 'kept': 15, 'upserted': 0, 'modified': 15}
--- Bluesky public search API ---
Fetching Bluesky query: stocks
status: 200
Fetching Bluesky query: earnings
status: 200
Fetching Bluesky query: stock market
status: 200
Fetching Bluesky query: short squeeze
status: 200
Fetching Bluesky query: IPO
status: 200
Fetching Bluesky query: merger acquisition
status: 200
Fetching Bluesky query: FDA approval stock
status: 200
Fetching Bluesky query: SEC investigation stock
status: 200
Fetching Bluesky query: options trading
status: 200
Fetching Bluesky query: $AAPL
status: 200
Fetching Bluesky query: $TSLA
status: 403
<html><body><h1>403 Forbidden</h1>
Request forbidden by administrative rules.
</body></html>


Fetching Bluesky query: $NVDA
status: 403
<html><body><h1>403 Forbidden</h1>
Request forbidden by administrative rules.
</body></html>


Fetching Bluesky query: $AMD
status: 403
<html><body><h1>403 Forbidden</h1>
Request forbidden by administrative rules.
</body></html>


{'seen': 197, 'kept': 169, 'upserted': 7, 'modified': 162}
--- StockTwits public symbol streams ---
Fetching StockTwits symbol: AAPL
status: 200
Fetching StockTwits symbol: MSFT
status: 200
Fetching StockTwits symbol: NVDA
status: 200
Fetching StockTwits symbol: AMZN
status: 200
Fetching StockTwits symbol: META
status: 200
Fetching StockTwits symbol: GOOGL
status: 200
Fetching StockTwits symbol: GOOG
status: 200
Fetching StockTwits symbol: TSLA
status: 200
Fetching StockTwits symbol: AVGO
status: 200
Fetching StockTwits symbol: AMD
status: 200
Fetching StockTwits symbol: ORCL
status: 200
Fetching StockTwits symbol: ADBE
status: 200
Fetching StockTwits symbol: CRM
status: 200
Fetching StockTwits symbol: NFLX
status: 200
Fetching StockTwits symbol: INTC
status: 200
Fetching StockTwits symbol: QCOM
status: 200
Fetching StockTwits symbol: TXN
status: 200
Fetching StockTwits symbol: MU
status: 200
Fetching StockTwits symbol: AMAT
status: 200
Fetching StockTwits symbol: LRCX
status: 200
{'seen': 600, 'kept': 538, 'upserted': 14, 'modified': 524}
===== 5m rolling social counts =====
{"ok":true,"counts":{"StockTwits":583,"Bluesky":194,"Reddit":16},"rows":[{"_id":"StockTwits","count":583},{"_id":"Bluesky","count":194},{"_id":"Reddit","count":16}],"total":793,"window_minutes":5,"since_sec":1781212377,"now_sec":1781212677}

===== PUBLIC SOCIAL COLLECTOR RUN Thu Jun 11 15:18:57 MDT 2026 =====
--- Reddit public finance RSS ---
Fetching https://www.reddit.com/r/stocks/new/.rss
Fetching https://www.reddit.com/r/StockMarket/new/.rss
Failed StockMarket: 429 Client Error: Too Many Requests for url: https://www.reddit.com/r/StockMarket/new/.rss
Fetching https://www.reddit.com/r/investing/new/.rss
Failed investing: 429 Client Error: Too Many Requests for url: https://www.reddit.com/r/investing/new/.rss
Fetching https://www.reddit.com/r/SecurityAnalysis/new/.rss
Failed SecurityAnalysis: 429 Client Error: Too Many Requests for url: https://www.reddit.com/r/SecurityAnalysis/new/.rss
{'seen': 15, 'kept': 15, 'upserted': 0, 'modified': 15}
--- Bluesky public search API ---
Fetching Bluesky query: stocks
status: 200
Fetching Bluesky query: earnings
status: 200
Fetching Bluesky query: stock market
status: 200
Fetching Bluesky query: short squeeze
status: 200
Fetching Bluesky query: IPO
status: 200
Fetching Bluesky query: merger acquisition
status: 200
Fetching Bluesky query: FDA approval stock
status: 200
Fetching Bluesky query: SEC investigation stock
status: 200
Fetching Bluesky query: options trading
status: 200
Fetching Bluesky query: $AAPL
status: 200
Fetching Bluesky query: $TSLA
status: 403
<html><body><h1>403 Forbidden</h1>
Request forbidden by administrative rules.
</body></html>


Fetching Bluesky query: $NVDA
status: 403
<html><body><h1>403 Forbidden</h1>
Request forbidden by administrative rules.
</body></html>


Fetching Bluesky query: $AMD
status: 403
<html><body><h1>403 Forbidden</h1>
Request forbidden by administrative rules.
</body></html>


{'seen': 197, 'kept': 172, 'upserted': 7, 'modified': 165}
--- StockTwits public symbol streams ---
Fetching StockTwits symbol: AAPL
status: 200
Fetching StockTwits symbol: MSFT
status: 200
Fetching StockTwits symbol: NVDA
status: 200
Fetching StockTwits symbol: AMZN
status: 200
Fetching StockTwits symbol: META
status: 200
Fetching StockTwits symbol: GOOGL
status: 200
Fetching StockTwits symbol: GOOG
status: 200
Fetching StockTwits symbol: TSLA
status: 200
Fetching StockTwits symbol: AVGO
status: 200
Fetching StockTwits symbol: AMD
status: 200
Fetching StockTwits symbol: ORCL
status: 200
Fetching StockTwits symbol: ADBE
status: 200
Fetching StockTwits symbol: CRM
status: 200
Fetching StockTwits symbol: NFLX
status: 200
Fetching StockTwits symbol: INTC
status: 200
Fetching StockTwits symbol: QCOM
status: 200
Fetching StockTwits symbol: TXN
status: 200
Fetching StockTwits symbol: MU
status: 200
Fetching StockTwits symbol: AMAT
status: 200
Fetching StockTwits symbol: LRCX
status: 200
{'seen': 600, 'kept': 540, 'upserted': 11, 'modified': 529}
===== 5m rolling social counts =====
{"ok":true,"counts":{"StockTwits":571,"Bluesky":192,"Reddit":16},"rows":[{"_id":"StockTwits","count":571},{"_id":"Bluesky","count":192},{"_id":"Reddit","count":16}],"total":779,"window_minutes":5,"since_sec":1781212452,"now_sec":1781212753}

===== PUBLIC SOCIAL COLLECTOR RUN Thu Jun 11 15:20:13 MDT 2026 =====
--- Reddit public finance RSS ---
Fetching https://www.reddit.com/r/stocks/new/.rss
Fetching https://www.reddit.com/r/StockMarket/new/.rss
Failed StockMarket: 429 Client Error: Too Many Requests for url: https://www.reddit.com/r/StockMarket/new/.rss
Fetching https://www.reddit.com/r/investing/new/.rss
Failed investing: 429 Client Error: Too Many Requests for url: https://www.reddit.com/r/investing/new/.rss
Fetching https://www.reddit.com/r/SecurityAnalysis/new/.rss
Failed SecurityAnalysis: 429 Client Error: Too Many Requests for url: https://www.reddit.com/r/SecurityAnalysis/new/.rss
{'seen': 15, 'kept': 15, 'upserted': 0, 'modified': 15}
--- Bluesky public search API ---
Fetching Bluesky query: stocks
status: 200
Fetching Bluesky query: earnings
status: 200
Fetching Bluesky query: stock market
status: 200
Fetching Bluesky query: short squeeze
status: 200
Fetching Bluesky query: IPO
status: 200
Fetching Bluesky query: merger acquisition
status: 200
Fetching Bluesky query: FDA approval stock
status: 200
Fetching Bluesky query: SEC investigation stock
status: 200
Fetching Bluesky query: options trading
status: 200
Fetching Bluesky query: $AAPL
status: 200
Fetching Bluesky query: $TSLA
status: 403
<html><body><h1>403 Forbidden</h1>
Request forbidden by administrative rules.
</body></html>


Fetching Bluesky query: $NVDA
status: 403
<html><body><h1>403 Forbidden</h1>
Request forbidden by administrative rules.
</body></html>


Fetching Bluesky query: $AMD
status: 403
<html><body><h1>403 Forbidden</h1>
Request forbidden by administrative rules.
</body></html>


{'seen': 198, 'kept': 174, 'upserted': 5, 'modified': 169}
--- StockTwits public symbol streams ---
Fetching StockTwits symbol: AAPL
status: 200
Fetching StockTwits symbol: MSFT
status: 200
Fetching StockTwits symbol: NVDA
status: 200
Fetching StockTwits symbol: AMZN
status: 200
Fetching StockTwits symbol: META
status: 200
Fetching StockTwits symbol: GOOGL
status: 200
Fetching StockTwits symbol: GOOG
status: 200
Fetching StockTwits symbol: TSLA
status: 200
Fetching StockTwits symbol: AVGO
status: 200
Fetching StockTwits symbol: AMD
status: 200
Fetching StockTwits symbol: ORCL
status: 200
Fetching StockTwits symbol: ADBE
status: 200
Fetching StockTwits symbol: CRM
status: 200
Fetching StockTwits symbol: NFLX
status: 200
Fetching StockTwits symbol: INTC
status: 200
Fetching StockTwits symbol: QCOM
status: 200
Fetching StockTwits symbol: TXN
status: 200
Fetching StockTwits symbol: MU
status: 200
Fetching StockTwits symbol: AMAT
status: 200
Fetching StockTwits symbol: LRCX
status: 200
{'seen': 600, 'kept': 537, 'upserted': 11, 'modified': 526}
===== 5m rolling social counts =====
{"ok":true,"counts":{"StockTwits":574,"Bluesky":188,"Reddit":15},"rows":[{"_id":"StockTwits","count":574},{"_id":"Bluesky","count":188},{"_id":"Reddit","count":15}],"total":777,"window_minutes":5,"since_sec":1781212531,"now_sec":1781212831}

===== PUBLIC SOCIAL COLLECTOR RUN Thu Jun 11 15:21:31 MDT 2026 =====
--- Reddit public finance RSS ---
Fetching https://www.reddit.com/r/stocks/new/.rss
Fetching https://www.reddit.com/r/StockMarket/new/.rss
Failed StockMarket: 429 Client Error: Too Many Requests for url: https://www.reddit.com/r/StockMarket/new/.rss
Fetching https://www.reddit.com/r/investing/new/.rss
Failed investing: 429 Client Error: Too Many Requests for url: https://www.reddit.com/r/investing/new/.rss
Fetching https://www.reddit.com/r/SecurityAnalysis/new/.rss
Failed SecurityAnalysis: 429 Client Error: Too Many Requests for url: https://www.reddit.com/r/SecurityAnalysis/new/.rss
{'seen': 15, 'kept': 15, 'upserted': 0, 'modified': 15}
--- Bluesky public search API ---
Fetching Bluesky query: stocks
status: 200
Fetching Bluesky query: earnings
status: 200
Fetching Bluesky query: stock market
status: 200
Fetching Bluesky query: short squeeze
status: 200
Fetching Bluesky query: IPO
status: 200
Fetching Bluesky query: merger acquisition
status: 200
Fetching Bluesky query: FDA approval stock
status: 200
Fetching Bluesky query: SEC investigation stock
status: 200
Fetching Bluesky query: options trading
status: 200
Fetching Bluesky query: $AAPL
status: 200
Fetching Bluesky query: $TSLA
status: 403
<html><body><h1>403 Forbidden</h1>
Request forbidden by administrative rules.
</body></html>


Fetching Bluesky query: $NVDA
status: 403
<html><body><h1>403 Forbidden</h1>
Request forbidden by administrative rules.
</body></html>


Fetching Bluesky query: $AMD
status: 403
<html><body><h1>403 Forbidden</h1>
Request forbidden by administrative rules.
</body></html>


{'seen': 198, 'kept': 176, 'upserted': 12, 'modified': 164}
--- StockTwits public symbol streams ---
Fetching StockTwits symbol: AAPL
status: 200
Fetching StockTwits symbol: MSFT
status: 200
Fetching StockTwits symbol: NVDA
status: 200
Fetching StockTwits symbol: AMZN
status: 200
Fetching StockTwits symbol: META
status: 200
Fetching StockTwits symbol: GOOGL
status: 200
Fetching StockTwits symbol: GOOG
status: 200
Fetching StockTwits symbol: TSLA
status: 200
Fetching StockTwits symbol: AVGO
status: 200
Fetching StockTwits symbol: AMD
status: 200
Fetching StockTwits symbol: ORCL
status: 200
Fetching StockTwits symbol: ADBE
status: 200
Fetching StockTwits symbol: CRM
status: 200
Fetching StockTwits symbol: NFLX
status: 200
Fetching StockTwits symbol: INTC
status: 200
Fetching StockTwits symbol: QCOM
status: 200
Fetching StockTwits symbol: TXN
status: 200
Fetching StockTwits symbol: MU
status: 200
Fetching StockTwits symbol: AMAT
status: 200
Fetching StockTwits symbol: LRCX
status: 200
{'seen': 600, 'kept': 539, 'upserted': 12, 'modified': 527}
===== 5m rolling social counts =====
{"ok":true,"counts":{"StockTwits":572,"Bluesky":193,"Reddit":15},"rows":[{"_id":"StockTwits","count":572},{"_id":"Bluesky","count":193},{"_id":"Reddit","count":15}],"total":780,"window_minutes":5,"since_sec":1781212608,"now_sec":1781212909}

===== PUBLIC SOCIAL COLLECTOR RUN Thu Jun 11 15:22:49 MDT 2026 =====
--- Reddit public finance RSS ---
Fetching https://www.reddit.com/r/stocks/new/.rss
Fetching https://www.reddit.com/r/StockMarket/new/.rss
Failed StockMarket: 429 Client Error: Too Many Requests for url: https://www.reddit.com/r/StockMarket/new/.rss
Fetching https://www.reddit.com/r/investing/new/.rss
Failed investing: 429 Client Error: Too Many Requests for url: https://www.reddit.com/r/investing/new/.rss
Fetching https://www.reddit.com/r/SecurityAnalysis/new/.rss
Failed SecurityAnalysis: 429 Client Error: Too Many Requests for url: https://www.reddit.com/r/SecurityAnalysis/new/.rss
{'seen': 15, 'kept': 15, 'upserted': 0, 'modified': 15}
--- Bluesky public search API ---
Fetching Bluesky query: stocks
status: 200
Fetching Bluesky query: earnings
status: 200
Fetching Bluesky query: stock market
status: 200
Fetching Bluesky query: short squeeze
status: 200
Fetching Bluesky query: IPO
status: 200
Fetching Bluesky query: merger acquisition
status: 200
Fetching Bluesky query: FDA approval stock
status: 200
Fetching Bluesky query: SEC investigation stock
status: 200
Fetching Bluesky query: options trading
status: 200
Fetching Bluesky query: $AAPL
status: 200
Fetching Bluesky query: $TSLA
status: 403
<html><body><h1>403 Forbidden</h1>
Request forbidden by administrative rules.
</body></html>


Fetching Bluesky query: $NVDA
status: 403
<html><body><h1>403 Forbidden</h1>
Request forbidden by administrative rules.
</body></html>


Fetching Bluesky query: $AMD
status: 403
<html><body><h1>403 Forbidden</h1>
Request forbidden by administrative rules.
</body></html>


{'seen': 198, 'kept': 175, 'upserted': 2, 'modified': 173}
--- StockTwits public symbol streams ---
Fetching StockTwits symbol: AAPL
status: 200
Fetching StockTwits symbol: MSFT
status: 200
Fetching StockTwits symbol: NVDA
status: 200
Fetching StockTwits symbol: AMZN
status: 200
Fetching StockTwits symbol: META
status: 200
Fetching StockTwits symbol: GOOGL
status: 200
Fetching StockTwits symbol: GOOG
status: 200
Fetching StockTwits symbol: TSLA
status: 200
Fetching StockTwits symbol: AVGO
status: 200
Fetching StockTwits symbol: AMD
status: 200
Fetching StockTwits symbol: ORCL
status: 200
Fetching StockTwits symbol: ADBE
status: 200
Fetching StockTwits symbol: CRM
status: 200
Fetching StockTwits symbol: NFLX
status: 200
Fetching StockTwits symbol: INTC
status: 200
Fetching StockTwits symbol: QCOM
status: 200
Fetching StockTwits symbol: TXN
status: 200
Fetching StockTwits symbol: MU
status: 200
Fetching StockTwits symbol: AMAT
status: 200
Fetching StockTwits symbol: LRCX
status: 200
{'seen': 600, 'kept': 539, 'upserted': 14, 'modified': 525}
===== 5m rolling social counts =====
{"ok":true,"counts":{"StockTwits":577,"Bluesky":191,"Reddit":15},"rows":[{"_id":"StockTwits","count":577},{"_id":"Bluesky","count":191},{"_id":"Reddit","count":15}],"total":783,"window_minutes":5,"since_sec":1781212683,"now_sec":1781212984}

===== PUBLIC SOCIAL COLLECTOR RUN Thu Jun 11 15:24:04 MDT 2026 =====
--- Reddit public finance RSS ---
Fetching https://www.reddit.com/r/stocks/new/.rss
Fetching https://www.reddit.com/r/StockMarket/new/.rss
Failed StockMarket: 429 Client Error: Too Many Requests for url: https://www.reddit.com/r/StockMarket/new/.rss
Fetching https://www.reddit.com/r/investing/new/.rss
Failed investing: 429 Client Error: Too Many Requests for url: https://www.reddit.com/r/investing/new/.rss
Fetching https://www.reddit.com/r/SecurityAnalysis/new/.rss
Failed SecurityAnalysis: 429 Client Error: Too Many Requests for url: https://www.reddit.com/r/SecurityAnalysis/new/.rss
{'seen': 15, 'kept': 15, 'upserted': 0, 'modified': 15}
--- Bluesky public search API ---
Fetching Bluesky query: stocks
status: 200
Fetching Bluesky query: earnings
status: 200
Fetching Bluesky query: stock market
status: 200
Fetching Bluesky query: short squeeze
status: 200
Fetching Bluesky query: IPO
status: 200
Fetching Bluesky query: merger acquisition
status: 200
Fetching Bluesky query: FDA approval stock
status: 200
Fetching Bluesky query: SEC investigation stock
status: 200
Fetching Bluesky query: options trading
status: 200
Fetching Bluesky query: $AAPL
status: 200
Fetching Bluesky query: $TSLA
status: 403
<html><body><h1>403 Forbidden</h1>
Request forbidden by administrative rules.
</body></html>


Fetching Bluesky query: $NVDA
status: 403
<html><body><h1>403 Forbidden</h1>
Request forbidden by administrative rules.
</body></html>


Fetching Bluesky query: $AMD
status: 403
<html><body><h1>403 Forbidden</h1>
Request forbidden by administrative rules.
</body></html>


{'seen': 198, 'kept': 175, 'upserted': 4, 'modified': 171}
--- StockTwits public symbol streams ---
Fetching StockTwits symbol: AAPL
status: 200
Fetching StockTwits symbol: MSFT
status: 200
Fetching StockTwits symbol: NVDA
status: 200
Fetching StockTwits symbol: AMZN
status: 200
Fetching StockTwits symbol: META
status: 200
Fetching StockTwits symbol: GOOGL
status: 200
Fetching StockTwits symbol: GOOG
status: 200
Fetching StockTwits symbol: TSLA
status: 200
Fetching StockTwits symbol: AVGO
status: 200
Fetching StockTwits symbol: AMD
status: 200
Fetching StockTwits symbol: ORCL
status: 200
Fetching StockTwits symbol: ADBE
status: 200
Fetching StockTwits symbol: CRM
status: 200
Fetching StockTwits symbol: NFLX
status: 200
Fetching StockTwits symbol: INTC
status: 200
Fetching StockTwits symbol: QCOM
status: 200
Fetching StockTwits symbol: TXN
status: 200
Fetching StockTwits symbol: MU
status: 200
Fetching StockTwits symbol: AMAT
status: 200
Fetching StockTwits symbol: LRCX
status: 200
{'seen': 600, 'kept': 539, 'upserted': 13, 'modified': 526}
===== 5m rolling social counts =====
{"ok":true,"counts":{"StockTwits":576,"Bluesky":192,"Reddit":15},"rows":[{"_id":"StockTwits","count":576},{"_id":"Bluesky","count":192},{"_id":"Reddit","count":15}],"total":783,"window_minutes":5,"since_sec":1781212759,"now_sec":1781213059}

===== PUBLIC SOCIAL COLLECTOR RUN Thu Jun 11 15:25:19 MDT 2026 =====
--- Reddit public finance RSS ---
Fetching https://www.reddit.com/r/stocks/new/.rss
Fetching https://www.reddit.com/r/StockMarket/new/.rss
Failed StockMarket: 429 Client Error: Too Many Requests for url: https://www.reddit.com/r/StockMarket/new/.rss
Fetching https://www.reddit.com/r/investing/new/.rss
Failed investing: 429 Client Error: Too Many Requests for url: https://www.reddit.com/r/investing/new/.rss
Fetching https://www.reddit.com/r/SecurityAnalysis/new/.rss
Failed SecurityAnalysis: 429 Client Error: Too Many Requests for url: https://www.reddit.com/r/SecurityAnalysis/new/.rss
{'seen': 15, 'kept': 15, 'upserted': 0, 'modified': 15}
--- Bluesky public search API ---
Fetching Bluesky query: stocks
status: 200
Fetching Bluesky query: earnings
status: 200
Fetching Bluesky query: stock market
status: 200
Fetching Bluesky query: short squeeze
status: 200
Fetching Bluesky query: IPO
status: 200
Fetching Bluesky query: merger acquisition
status: 200
Fetching Bluesky query: FDA approval stock
status: 200
Fetching Bluesky query: SEC investigation stock
status: 200
Fetching Bluesky query: options trading
status: 200
Fetching Bluesky query: $AAPL
status: 200
Fetching Bluesky query: $TSLA
status: 403
<html><body><h1>403 Forbidden</h1>
Request forbidden by administrative rules.
</body></html>


Fetching Bluesky query: $NVDA
status: 403
<html><body><h1>403 Forbidden</h1>
Request forbidden by administrative rules.
</body></html>


Fetching Bluesky query: $AMD
status: 403
<html><body><h1>403 Forbidden</h1>
Request forbidden by administrative rules.
</body></html>


{'seen': 198, 'kept': 175, 'upserted': 4, 'modified': 171}
--- StockTwits public symbol streams ---
Fetching StockTwits symbol: AAPL
status: 200
Fetching StockTwits symbol: MSFT
status: 200
Fetching StockTwits symbol: NVDA
status: 200
Fetching StockTwits symbol: AMZN
status: 200
Fetching StockTwits symbol: META
status: 200
Fetching StockTwits symbol: GOOGL
status: 200
Fetching StockTwits symbol: GOOG
status: 200
Fetching StockTwits symbol: TSLA
status: 200
Fetching StockTwits symbol: AVGO
status: 200
Fetching StockTwits symbol: AMD
status: 200
Fetching StockTwits symbol: ORCL
status: 200
Fetching StockTwits symbol: ADBE
status: 200
Fetching StockTwits symbol: CRM
status: 200
Fetching StockTwits symbol: NFLX
status: 200
Fetching StockTwits symbol: INTC
status: 200
Fetching StockTwits symbol: QCOM
status: 200
Fetching StockTwits symbol: TXN
status: 200
Fetching StockTwits symbol: MU
status: 200
Fetching StockTwits symbol: AMAT
status: 200
Fetching StockTwits symbol: LRCX
status: 200
{'seen': 600, 'kept': 541, 'upserted': 9, 'modified': 532}
===== 5m rolling social counts =====
{"ok":true,"counts":{"StockTwits":575,"Bluesky":186,"Reddit":15},"rows":[{"_id":"StockTwits","count":575},{"_id":"Bluesky","count":186},{"_id":"Reddit","count":15}],"total":776,"window_minutes":5,"since_sec":1781212835,"now_sec":1781213135}

===== PUBLIC SOCIAL COLLECTOR RUN Thu Jun 11 15:26:35 MDT 2026 =====
--- Reddit public finance RSS ---
Fetching https://www.reddit.com/r/stocks/new/.rss
Fetching https://www.reddit.com/r/StockMarket/new/.rss
Failed StockMarket: 429 Client Error: Too Many Requests for url: https://www.reddit.com/r/StockMarket/new/.rss
Fetching https://www.reddit.com/r/investing/new/.rss
Failed investing: 429 Client Error: Too Many Requests for url: https://www.reddit.com/r/investing/new/.rss
Fetching https://www.reddit.com/r/SecurityAnalysis/new/.rss
Failed SecurityAnalysis: 429 Client Error: Too Many Requests for url: https://www.reddit.com/r/SecurityAnalysis/new/.rss
{'seen': 15, 'kept': 15, 'upserted': 0, 'modified': 15}
--- Bluesky public search API ---
Fetching Bluesky query: stocks
status: 200
Fetching Bluesky query: earnings
status: 200
Fetching Bluesky query: stock market
status: 200
Fetching Bluesky query: short squeeze
status: 200
Fetching Bluesky query: IPO
status: 200
Fetching Bluesky query: merger acquisition
status: 200
Fetching Bluesky query: FDA approval stock
status: 200
Fetching Bluesky query: SEC investigation stock
status: 200
Fetching Bluesky query: options trading
status: 200
Fetching Bluesky query: $AAPL
status: 200
Fetching Bluesky query: $TSLA
status: 403
<html><body><h1>403 Forbidden</h1>
Request forbidden by administrative rules.
</body></html>


Fetching Bluesky query: $NVDA
status: 403
<html><body><h1>403 Forbidden</h1>
Request forbidden by administrative rules.
</body></html>


Fetching Bluesky query: $AMD
status: 403
<html><body><h1>403 Forbidden</h1>
Request forbidden by administrative rules.
</body></html>


{'seen': 198, 'kept': 175, 'upserted': 3, 'modified': 172}
--- StockTwits public symbol streams ---
Fetching StockTwits symbol: AAPL
status: 200
Fetching StockTwits symbol: MSFT
status: 200
Fetching StockTwits symbol: NVDA
status: 200
Fetching StockTwits symbol: AMZN
status: 200
Fetching StockTwits symbol: META
status: 200
Fetching StockTwits symbol: GOOGL
status: 200
Fetching StockTwits symbol: GOOG
status: 200
Fetching StockTwits symbol: TSLA
status: 200
Fetching StockTwits symbol: AVGO
status: 200
Fetching StockTwits symbol: AMD
status: 200
Fetching StockTwits symbol: ORCL
status: 200
Fetching StockTwits symbol: ADBE
status: 200
Fetching StockTwits symbol: CRM
status: 200
Fetching StockTwits symbol: NFLX
status: 200
Fetching StockTwits symbol: INTC
status: 200
Fetching StockTwits symbol: QCOM
status: 200
Fetching StockTwits symbol: TXN
status: 200
Fetching StockTwits symbol: MU
status: 200
Fetching StockTwits symbol: AMAT
status: 200
Fetching StockTwits symbol: LRCX
status: 200
{'seen': 600, 'kept': 542, 'upserted': 8, 'modified': 534}
===== 5m rolling social counts =====
{"ok":true,"counts":{"StockTwits":569,"Bluesky":186,"Reddit":15},"rows":[{"_id":"StockTwits","count":569},{"_id":"Bluesky","count":186},{"_id":"Reddit","count":15}],"total":770,"window_minutes":5,"since_sec":1781212910,"now_sec":1781213210}

===== PUBLIC SOCIAL COLLECTOR RUN Thu Jun 11 15:27:50 MDT 2026 =====
--- Reddit public finance RSS ---
Fetching https://www.reddit.com/r/stocks/new/.rss
Fetching https://www.reddit.com/r/StockMarket/new/.rss
Failed StockMarket: 429 Client Error: Too Many Requests for url: https://www.reddit.com/r/StockMarket/new/.rss
Fetching https://www.reddit.com/r/investing/new/.rss
Failed investing: 429 Client Error: Too Many Requests for url: https://www.reddit.com/r/investing/new/.rss
Fetching https://www.reddit.com/r/SecurityAnalysis/new/.rss
Failed SecurityAnalysis: 429 Client Error: Too Many Requests for url: https://www.reddit.com/r/SecurityAnalysis/new/.rss
{'seen': 15, 'kept': 15, 'upserted': 0, 'modified': 15}
--- Bluesky public search API ---
Fetching Bluesky query: stocks
status: 200
Fetching Bluesky query: earnings
status: 200
Fetching Bluesky query: stock market
status: 200
Fetching Bluesky query: short squeeze
status: 200
Fetching Bluesky query: IPO
status: 200
Fetching Bluesky query: merger acquisition
status: 200
Fetching Bluesky query: FDA approval stock
status: 200
Fetching Bluesky query: SEC investigation stock
status: 200
Fetching Bluesky query: options trading
status: 200
Fetching Bluesky query: $AAPL
status: 200
Fetching Bluesky query: $TSLA
status: 403
<html><body><h1>403 Forbidden</h1>
Request forbidden by administrative rules.
</body></html>


Fetching Bluesky query: $NVDA
status: 403
<html><body><h1>403 Forbidden</h1>
Request forbidden by administrative rules.
</body></html>


Fetching Bluesky query: $AMD
status: 403
<html><body><h1>403 Forbidden</h1>
Request forbidden by administrative rules.
</body></html>


{'seen': 198, 'kept': 174, 'upserted': 9, 'modified': 165}
--- StockTwits public symbol streams ---
Fetching StockTwits symbol: AAPL
status: 200
Fetching StockTwits symbol: MSFT
status: 200
Fetching StockTwits symbol: NVDA
status: 200
Fetching StockTwits symbol: AMZN
status: 200
Fetching StockTwits symbol: META
status: 200
Fetching StockTwits symbol: GOOGL
status: 200
Fetching StockTwits symbol: GOOG
status: 200
Fetching StockTwits symbol: TSLA
status: 200
Fetching StockTwits symbol: AVGO
status: 200
Fetching StockTwits symbol: AMD
status: 200
Fetching StockTwits symbol: ORCL
status: 200
Fetching StockTwits symbol: ADBE
status: 200
Fetching StockTwits symbol: CRM
status: 200
Fetching StockTwits symbol: NFLX
status: 200
Fetching StockTwits symbol: INTC
status: 200
Fetching StockTwits symbol: QCOM
status: 200
Fetching StockTwits symbol: TXN
status: 200
Fetching StockTwits symbol: MU
status: 200
Fetching StockTwits symbol: AMAT
status: 200
Fetching StockTwits symbol: LRCX
status: 200
{'seen': 600, 'kept': 543, 'upserted': 12, 'modified': 531}
===== 5m rolling social counts =====
{"ok":true,"counts":{"StockTwits":568,"Bluesky":191,"Reddit":15},"rows":[{"_id":"StockTwits","count":568},{"_id":"Bluesky","count":191},{"_id":"Reddit","count":15}],"total":774,"window_minutes":5,"since_sec":1781212985,"now_sec":1781213285}

===== PUBLIC SOCIAL COLLECTOR RUN Thu Jun 11 15:29:05 MDT 2026 =====
--- Reddit public finance RSS ---
Fetching https://www.reddit.com/r/stocks/new/.rss
Fetching https://www.reddit.com/r/StockMarket/new/.rss
Failed StockMarket: 429 Client Error: Too Many Requests for url: https://www.reddit.com/r/StockMarket/new/.rss
Fetching https://www.reddit.com/r/investing/new/.rss
Failed investing: 429 Client Error: Too Many Requests for url: https://www.reddit.com/r/investing/new/.rss
Fetching https://www.reddit.com/r/SecurityAnalysis/new/.rss
Failed SecurityAnalysis: 429 Client Error: Too Many Requests for url: https://www.reddit.com/r/SecurityAnalysis/new/.rss
{'seen': 15, 'kept': 15, 'upserted': 0, 'modified': 15}
--- Bluesky public search API ---
Fetching Bluesky query: stocks
status: 200
Fetching Bluesky query: earnings
status: 200
Fetching Bluesky query: stock market
status: 200
Fetching Bluesky query: short squeeze
status: 200
Fetching Bluesky query: IPO
status: 200
Fetching Bluesky query: merger acquisition
status: 200
Fetching Bluesky query: FDA approval stock
status: 200
Fetching Bluesky query: SEC investigation stock
status: 200
Fetching Bluesky query: options trading
status: 200
Fetching Bluesky query: $AAPL
status: 200
Fetching Bluesky query: $TSLA
status: 403
<html><body><h1>403 Forbidden</h1>
Request forbidden by administrative rules.
</body></html>


Fetching Bluesky query: $NVDA
status: 403
<html><body><h1>403 Forbidden</h1>
Request forbidden by administrative rules.
</body></html>


Fetching Bluesky query: $AMD
status: 403
<html><body><h1>403 Forbidden</h1>
Request forbidden by administrative rules.
</body></html>


{'seen': 198, 'kept': 173, 'upserted': 4, 'modified': 169}
--- StockTwits public symbol streams ---
Fetching StockTwits symbol: AAPL
status: 200
Fetching StockTwits symbol: MSFT
status: 200
Fetching StockTwits symbol: NVDA
status: 200
Fetching StockTwits symbol: AMZN
status: 200
Fetching StockTwits symbol: META
status: 200
Fetching StockTwits symbol: GOOGL
status: 200
Fetching StockTwits symbol: GOOG
status: 200
Fetching StockTwits symbol: TSLA
status: 200
Fetching StockTwits symbol: AVGO
status: 200
Fetching StockTwits symbol: AMD
status: 200
Fetching StockTwits symbol: ORCL
status: 200
Fetching StockTwits symbol: ADBE
status: 200
Fetching StockTwits symbol: CRM
status: 200
Fetching StockTwits symbol: NFLX
status: 200
Fetching StockTwits symbol: INTC
status: 200
Fetching StockTwits symbol: QCOM
status: 200
Fetching StockTwits symbol: TXN
status: 200
Fetching StockTwits symbol: MU
status: 200
Fetching StockTwits symbol: AMAT
status: 200
Fetching StockTwits symbol: LRCX
status: 200
{'seen': 600, 'kept': 543, 'upserted': 16, 'modified': 527}
===== 5m rolling social counts =====
{"ok":true,"counts":{"StockTwits":577,"Bluesky":191,"Reddit":15},"rows":[{"_id":"StockTwits","count":577},{"_id":"Bluesky","count":191},{"_id":"Reddit","count":15}],"total":783,"window_minutes":5,"since_sec":1781213063,"now_sec":1781213363}

===== PUBLIC SOCIAL COLLECTOR RUN Thu Jun 11 15:30:23 MDT 2026 =====
--- Reddit public finance RSS ---
Fetching https://www.reddit.com/r/stocks/new/.rss
Fetching https://www.reddit.com/r/StockMarket/new/.rss
Failed StockMarket: 429 Client Error: Too Many Requests for url: https://www.reddit.com/r/StockMarket/new/.rss
Fetching https://www.reddit.com/r/investing/new/.rss
Failed investing: 429 Client Error: Too Many Requests for url: https://www.reddit.com/r/investing/new/.rss
Fetching https://www.reddit.com/r/SecurityAnalysis/new/.rss
Failed SecurityAnalysis: 429 Client Error: Too Many Requests for url: https://www.reddit.com/r/SecurityAnalysis/new/.rss
{'seen': 15, 'kept': 15, 'upserted': 0, 'modified': 15}
--- Bluesky public search API ---
Fetching Bluesky query: stocks
status: 200
Fetching Bluesky query: earnings
status: 200
Fetching Bluesky query: stock market
status: 200
Fetching Bluesky query: short squeeze
status: 200
Fetching Bluesky query: IPO
status: 200
Fetching Bluesky query: merger acquisition
status: 200
Fetching Bluesky query: FDA approval stock
status: 200
Fetching Bluesky query: SEC investigation stock
status: 200
Fetching Bluesky query: options trading
status: 200
Fetching Bluesky query: $AAPL
status: 200
Fetching Bluesky query: $TSLA
status: 200
Fetching Bluesky query: $NVDA
status: 200
Fetching Bluesky query: $AMD
status: 200
{'seen': 240, 'kept': 190, 'upserted': 9, 'modified': 181}
--- StockTwits public symbol streams ---
Fetching StockTwits symbol: AAPL
status: 200
Fetching StockTwits symbol: MSFT
status: 200
Fetching StockTwits symbol: NVDA
status: 200
Fetching StockTwits symbol: AMZN
status: 200
Fetching StockTwits symbol: META
status: 200
Fetching StockTwits symbol: GOOGL
status: 200
Fetching StockTwits symbol: GOOG
status: 200
Fetching StockTwits symbol: TSLA
status: 200
Fetching StockTwits symbol: AVGO
status: 200
Fetching StockTwits symbol: AMD
status: 200
Fetching StockTwits symbol: ORCL
status: 200
Fetching StockTwits symbol: ADBE
status: 200
Fetching StockTwits symbol: CRM
status: 200
Fetching StockTwits symbol: NFLX
status: 200
Fetching StockTwits symbol: INTC
status: 200
Fetching StockTwits symbol: QCOM
status: 200
Fetching StockTwits symbol: TXN
status: 200
Fetching StockTwits symbol: MU
status: 200
Fetching StockTwits symbol: AMAT
status: 200
Fetching StockTwits symbol: LRCX
status: 200
{'seen': 600, 'kept': 544, 'upserted': 12, 'modified': 532}
===== 5m rolling social counts =====
{"ok":true,"counts":{"StockTwits":582,"Bluesky":226,"Reddit":15},"rows":[{"_id":"StockTwits","count":582},{"_id":"Bluesky","count":226},{"_id":"Reddit","count":15}],"total":823,"window_minutes":5,"since_sec":1781213157,"now_sec":1781213457}

===== PUBLIC SOCIAL COLLECTOR RUN Thu Jun 11 15:31:57 MDT 2026 =====
--- Reddit public finance RSS ---
Fetching https://www.reddit.com/r/stocks/new/.rss
Fetching https://www.reddit.com/r/StockMarket/new/.rss
Failed StockMarket: 429 Client Error: Too Many Requests for url: https://www.reddit.com/r/StockMarket/new/.rss
Fetching https://www.reddit.com/r/investing/new/.rss
Failed investing: 429 Client Error: Too Many Requests for url: https://www.reddit.com/r/investing/new/.rss
Fetching https://www.reddit.com/r/SecurityAnalysis/new/.rss
Failed SecurityAnalysis: 429 Client Error: Too Many Requests for url: https://www.reddit.com/r/SecurityAnalysis/new/.rss
{'seen': 15, 'kept': 15, 'upserted': 0, 'modified': 15}
--- Bluesky public search API ---
Fetching Bluesky query: stocks
status: 200
Fetching Bluesky query: earnings
status: 200
Fetching Bluesky query: stock market
status: 200
Fetching Bluesky query: short squeeze
status: 200
Fetching Bluesky query: IPO
status: 200
Fetching Bluesky query: merger acquisition
status: 200
Fetching Bluesky query: FDA approval stock
status: 200
Fetching Bluesky query: SEC investigation stock
status: 200
Fetching Bluesky query: options trading
status: 200
Fetching Bluesky query: $AAPL
status: 200
Fetching Bluesky query: $TSLA
status: 403
<html><body><h1>403 Forbidden</h1>
Request forbidden by administrative rules.
</body></html>


Fetching Bluesky query: $NVDA
status: 403
<html><body><h1>403 Forbidden</h1>
Request forbidden by administrative rules.
</body></html>


Fetching Bluesky query: $AMD
status: 403
<html><body><h1>403 Forbidden</h1>
Request forbidden by administrative rules.
</body></html>


{'seen': 199, 'kept': 175, 'upserted': 15, 'modified': 160}
--- StockTwits public symbol streams ---
Fetching StockTwits symbol: AAPL
status: 200
Fetching StockTwits symbol: MSFT
status: 200
Fetching StockTwits symbol: NVDA
status: 200
Fetching StockTwits symbol: AMZN
status: 200
Fetching StockTwits symbol: META
status: 200
Fetching StockTwits symbol: GOOGL
status: 200
Fetching StockTwits symbol: GOOG
status: 200
Fetching StockTwits symbol: TSLA
status: 200
Fetching StockTwits symbol: AVGO
status: 200
Fetching StockTwits symbol: AMD
status: 200
Fetching StockTwits symbol: ORCL
status: 200
Fetching StockTwits symbol: ADBE
status: 200
Fetching StockTwits symbol: CRM
status: 200
Fetching StockTwits symbol: NFLX
status: 200
Fetching StockTwits symbol: INTC
status: 200
Fetching StockTwits symbol: QCOM
status: 200
Fetching StockTwits symbol: TXN
status: 200
Fetching StockTwits symbol: MU
status: 200
Fetching StockTwits symbol: AMAT
status: 200
Fetching StockTwits symbol: LRCX
status: 200
{'seen': 600, 'kept': 544, 'upserted': 7, 'modified': 537}
===== 5m rolling social counts =====
{"ok":true,"counts":{"StockTwits":578,"Bluesky":231,"Reddit":15},"rows":[{"_id":"StockTwits","count":578},{"_id":"Bluesky","count":231},{"_id":"Reddit","count":15}],"total":824,"window_minutes":5,"since_sec":1781213234,"now_sec":1781213534}

===== PUBLIC SOCIAL COLLECTOR RUN Thu Jun 11 15:33:14 MDT 2026 =====
--- Reddit public finance RSS ---
Fetching https://www.reddit.com/r/stocks/new/.rss
Fetching https://www.reddit.com/r/StockMarket/new/.rss
Failed StockMarket: 429 Client Error: Too Many Requests for url: https://www.reddit.com/r/StockMarket/new/.rss
Fetching https://www.reddit.com/r/investing/new/.rss
Failed investing: 429 Client Error: Too Many Requests for url: https://www.reddit.com/r/investing/new/.rss
Fetching https://www.reddit.com/r/SecurityAnalysis/new/.rss
Failed SecurityAnalysis: 429 Client Error: Too Many Requests for url: https://www.reddit.com/r/SecurityAnalysis/new/.rss
{'seen': 15, 'kept': 15, 'upserted': 0, 'modified': 15}
--- Bluesky public search API ---
Fetching Bluesky query: stocks
status: 200
Fetching Bluesky query: earnings
status: 200
Fetching Bluesky query: stock market
status: 200
Fetching Bluesky query: short squeeze
status: 200
Fetching Bluesky query: IPO
status: 200
Fetching Bluesky query: merger acquisition
status: 200
Fetching Bluesky query: FDA approval stock
status: 200
Fetching Bluesky query: SEC investigation stock
status: 200
Fetching Bluesky query: options trading
status: 200
Fetching Bluesky query: $AAPL
status: 200
Fetching Bluesky query: $TSLA
status: 403
<html><body><h1>403 Forbidden</h1>
Request forbidden by administrative rules.
</body></html>


Fetching Bluesky query: $NVDA
status: 403
<html><body><h1>403 Forbidden</h1>
Request forbidden by administrative rules.
</body></html>


Fetching Bluesky query: $AMD
status: 403
<html><body><h1>403 Forbidden</h1>
Request forbidden by administrative rules.
</body></html>


{'seen': 199, 'kept': 174, 'upserted': 7, 'modified': 167}
--- StockTwits public symbol streams ---
Fetching StockTwits symbol: AAPL
status: 200
Fetching StockTwits symbol: MSFT
status: 200
Fetching StockTwits symbol: NVDA
status: 200
Fetching StockTwits symbol: AMZN
status: 200
Fetching StockTwits symbol: META
status: 200
Fetching StockTwits symbol: GOOGL
status: 200
Fetching StockTwits symbol: GOOG
status: 200
Fetching StockTwits symbol: TSLA
status: 200
Fetching StockTwits symbol: AVGO
status: 200
Fetching StockTwits symbol: AMD
status: 200
Fetching StockTwits symbol: ORCL
status: 200
Fetching StockTwits symbol: ADBE
status: 200
Fetching StockTwits symbol: CRM
status: 200
Fetching StockTwits symbol: NFLX
status: 200
Fetching StockTwits symbol: INTC
status: 200
Fetching StockTwits symbol: QCOM
status: 200
Fetching StockTwits symbol: TXN
status: 200
Fetching StockTwits symbol: MU
status: 200
Fetching StockTwits symbol: AMAT
status: 200
Fetching StockTwits symbol: LRCX
status: 200
{'seen': 600, 'kept': 544, 'upserted': 14, 'modified': 530}
===== 5m rolling social counts =====
{"ok":true,"counts":{"StockTwits":576,"Bluesky":233,"Reddit":15},"rows":[{"_id":"StockTwits","count":576},{"_id":"Bluesky","count":233},{"_id":"Reddit","count":15}],"total":824,"window_minutes":5,"since_sec":1781213313,"now_sec":1781213613}

===== PUBLIC SOCIAL COLLECTOR RUN Thu Jun 11 15:34:33 MDT 2026 =====
--- Reddit public finance RSS ---
Fetching https://www.reddit.com/r/stocks/new/.rss
Fetching https://www.reddit.com/r/StockMarket/new/.rss
Failed StockMarket: 429 Client Error: Too Many Requests for url: https://www.reddit.com/r/StockMarket/new/.rss
Fetching https://www.reddit.com/r/investing/new/.rss
Failed investing: 429 Client Error: Too Many Requests for url: https://www.reddit.com/r/investing/new/.rss
Fetching https://www.reddit.com/r/SecurityAnalysis/new/.rss
Failed SecurityAnalysis: 429 Client Error: Too Many Requests for url: https://www.reddit.com/r/SecurityAnalysis/new/.rss
{'seen': 15, 'kept': 15, 'upserted': 0, 'modified': 15}
--- Bluesky public search API ---
Fetching Bluesky query: stocks
status: 200
Fetching Bluesky query: earnings
status: 200
Fetching Bluesky query: stock market
status: 200
Fetching Bluesky query: short squeeze
status: 200
Fetching Bluesky query: IPO
status: 200
Fetching Bluesky query: merger acquisition
status: 200
Fetching Bluesky query: FDA approval stock
status: 200
Fetching Bluesky query: SEC investigation stock
status: 200
Fetching Bluesky query: options trading
status: 200
Fetching Bluesky query: $AAPL
status: 200
Fetching Bluesky query: $TSLA
status: 403
<html><body><h1>403 Forbidden</h1>
Request forbidden by administrative rules.
</body></html>


Fetching Bluesky query: $NVDA
status: 403
<html><body><h1>403 Forbidden</h1>
Request forbidden by administrative rules.
</body></html>


Fetching Bluesky query: $AMD
status: 403
<html><body><h1>403 Forbidden</h1>
Request forbidden by administrative rules.
</body></html>


{'seen': 199, 'kept': 175, 'upserted': 7, 'modified': 168}
--- StockTwits public symbol streams ---
Fetching StockTwits symbol: AAPL
status: 200
Fetching StockTwits symbol: MSFT
status: 200
Fetching StockTwits symbol: NVDA
status: 200
Fetching StockTwits symbol: AMZN
status: 200
Fetching StockTwits symbol: META
status: 200
Fetching StockTwits symbol: GOOGL
status: 200
Fetching StockTwits symbol: GOOG
status: 200
Fetching StockTwits symbol: TSLA
status: 200
Fetching StockTwits symbol: AVGO
status: 200
Fetching StockTwits symbol: AMD
status: 200
Fetching StockTwits symbol: ORCL
status: 200
Fetching StockTwits symbol: ADBE
status: 200
Fetching StockTwits symbol: CRM
status: 200
Fetching StockTwits symbol: NFLX
status: 200
Fetching StockTwits symbol: INTC
status: 200
Fetching StockTwits symbol: QCOM
status: 200
Fetching StockTwits symbol: TXN
status: 200
Fetching StockTwits symbol: MU
status: 200
Fetching StockTwits symbol: AMAT
status: 200
Fetching StockTwits symbol: LRCX
status: 200
{'seen': 600, 'kept': 543, 'upserted': 6, 'modified': 537}
===== 5m rolling social counts =====
{"ok":true,"counts":{"StockTwits":571,"Bluesky":231,"Reddit":15},"rows":[{"_id":"StockTwits","count":571},{"_id":"Bluesky","count":231},{"_id":"Reddit","count":15}],"total":817,"window_minutes":5,"since_sec":1781213390,"now_sec":1781213690}

===== PUBLIC SOCIAL COLLECTOR RUN Thu Jun 11 15:35:50 MDT 2026 =====
--- Reddit public finance RSS ---
Fetching https://www.reddit.com/r/stocks/new/.rss
Fetching https://www.reddit.com/r/StockMarket/new/.rss
Failed StockMarket: 429 Client Error: Too Many Requests for url: https://www.reddit.com/r/StockMarket/new/.rss
Fetching https://www.reddit.com/r/investing/new/.rss
Failed investing: 429 Client Error: Too Many Requests for url: https://www.reddit.com/r/investing/new/.rss
Fetching https://www.reddit.com/r/SecurityAnalysis/new/.rss
Failed SecurityAnalysis: 429 Client Error: Too Many Requests for url: https://www.reddit.com/r/SecurityAnalysis/new/.rss
{'seen': 15, 'kept': 15, 'upserted': 0, 'modified': 15}
--- Bluesky public search API ---
Fetching Bluesky query: stocks
status: 200
Fetching Bluesky query: earnings
status: 200
Fetching Bluesky query: stock market
status: 200
Fetching Bluesky query: short squeeze
status: 200
Fetching Bluesky query: IPO
status: 200
Fetching Bluesky query: merger acquisition
status: 200
Fetching Bluesky query: FDA approval stock
status: 200
Fetching Bluesky query: SEC investigation stock
status: 200
Fetching Bluesky query: options trading
status: 200
Fetching Bluesky query: $AAPL
status: 200
Fetching Bluesky query: $TSLA
status: 403
<html><body><h1>403 Forbidden</h1>
Request forbidden by administrative rules.
</body></html>


Fetching Bluesky query: $NVDA
status: 403
<html><body><h1>403 Forbidden</h1>
Request forbidden by administrative rules.
</body></html>


Fetching Bluesky query: $AMD
status: 403
<html><body><h1>403 Forbidden</h1>
Request forbidden by administrative rules.
</body></html>


{'seen': 199, 'kept': 176, 'upserted': 8, 'modified': 168}
--- StockTwits public symbol streams ---
Fetching StockTwits symbol: AAPL
status: 200
Fetching StockTwits symbol: MSFT
status: 200
Fetching StockTwits symbol: NVDA
status: 200
Fetching StockTwits symbol: AMZN
status: 200
Fetching StockTwits symbol: META
status: 200
Fetching StockTwits symbol: GOOGL
status: 200
Fetching StockTwits symbol: GOOG
status: 200
Fetching StockTwits symbol: TSLA
status: 200
Fetching StockTwits symbol: AVGO
status: 200
Fetching StockTwits symbol: AMD
status: 200
Fetching StockTwits symbol: ORCL
status: 200
Fetching StockTwits symbol: ADBE
status: 200
Fetching StockTwits symbol: CRM
status: 200
Fetching StockTwits symbol: NFLX
status: 200
Fetching StockTwits symbol: INTC
status: 200
Fetching StockTwits symbol: QCOM
status: 200
Fetching StockTwits symbol: TXN
status: 200
Fetching StockTwits symbol: MU
status: 200
Fetching StockTwits symbol: AMAT
status: 200
Fetching StockTwits symbol: LRCX
status: 200
{'seen': 600, 'kept': 541, 'upserted': 12, 'modified': 529}
===== 5m rolling social counts =====
{"ok":true,"counts":{"StockTwits":576,"Bluesky":197,"Reddit":15},"rows":[{"_id":"StockTwits","count":576},{"_id":"Bluesky","count":197},{"_id":"Reddit","count":15}],"total":788,"window_minutes":5,"since_sec":1781213465,"now_sec":1781213765}

===== PUBLIC SOCIAL COLLECTOR RUN Thu Jun 11 15:37:05 MDT 2026 =====
--- Reddit public finance RSS ---
Fetching https://www.reddit.com/r/stocks/new/.rss
Fetching https://www.reddit.com/r/StockMarket/new/.rss
Failed StockMarket: 429 Client Error: Too Many Requests for url: https://www.reddit.com/r/StockMarket/new/.rss
Fetching https://www.reddit.com/r/investing/new/.rss
Failed investing: 429 Client Error: Too Many Requests for url: https://www.reddit.com/r/investing/new/.rss
Fetching https://www.reddit.com/r/SecurityAnalysis/new/.rss
Failed SecurityAnalysis: 429 Client Error: Too Many Requests for url: https://www.reddit.com/r/SecurityAnalysis/new/.rss
{'seen': 15, 'kept': 15, 'upserted': 0, 'modified': 15}
--- Bluesky public search API ---
Fetching Bluesky query: stocks
status: 200
Fetching Bluesky query: earnings
status: 200
Fetching Bluesky query: stock market
status: 200
Fetching Bluesky query: short squeeze
status: 200
Fetching Bluesky query: IPO
status: 200
Fetching Bluesky query: merger acquisition
status: 200
Fetching Bluesky query: FDA approval stock
status: 200
Fetching Bluesky query: SEC investigation stock
status: 200
Fetching Bluesky query: options trading
status: 200
Fetching Bluesky query: $AAPL
status: 200
Fetching Bluesky query: $TSLA
status: 403
<html><body><h1>403 Forbidden</h1>
Request forbidden by administrative rules.
</body></html>


Fetching Bluesky query: $NVDA
status: 403
<html><body><h1>403 Forbidden</h1>
Request forbidden by administrative rules.
</body></html>


Fetching Bluesky query: $AMD
status: 403
<html><body><h1>403 Forbidden</h1>
Request forbidden by administrative rules.
</body></html>


{'seen': 199, 'kept': 176, 'upserted': 6, 'modified': 170}
--- StockTwits public symbol streams ---
Fetching StockTwits symbol: AAPL
status: 200
Fetching StockTwits symbol: MSFT
status: 200
Fetching StockTwits symbol: NVDA
status: 200
Fetching StockTwits symbol: AMZN
status: 200
Fetching StockTwits symbol: META
status: 200
Fetching StockTwits symbol: GOOGL
status: 200
Fetching StockTwits symbol: GOOG
status: 200
Fetching StockTwits symbol: TSLA
status: 200
Fetching StockTwits symbol: AVGO
status: 200
Fetching StockTwits symbol: AMD
status: 200
Fetching StockTwits symbol: ORCL
status: 200
Fetching StockTwits symbol: ADBE
status: 200
Fetching StockTwits symbol: CRM
status: 200
Fetching StockTwits symbol: NFLX
status: 200
Fetching StockTwits symbol: INTC
status: 200
Fetching StockTwits symbol: QCOM
status: 200
Fetching StockTwits symbol: TXN
status: 200
Fetching StockTwits symbol: MU
status: 200
Fetching StockTwits symbol: AMAT
status: 200
Fetching StockTwits symbol: LRCX
status: 200
{'seen': 600, 'kept': 542, 'upserted': 10, 'modified': 532}
===== 5m rolling social counts =====
{"ok":true,"counts":{"StockTwits":572,"Bluesky":195,"Reddit":15},"rows":[{"_id":"StockTwits","count":572},{"_id":"Bluesky","count":195},{"_id":"Reddit","count":15}],"total":782,"window_minutes":5,"since_sec":1781213540,"now_sec":1781213840}

===== PUBLIC SOCIAL COLLECTOR RUN Thu Jun 11 15:38:20 MDT 2026 =====
--- Reddit public finance RSS ---
Fetching https://www.reddit.com/r/stocks/new/.rss
Fetching https://www.reddit.com/r/StockMarket/new/.rss
Failed StockMarket: 429 Client Error: Too Many Requests for url: https://www.reddit.com/r/StockMarket/new/.rss
Fetching https://www.reddit.com/r/investing/new/.rss
Failed investing: 429 Client Error: Too Many Requests for url: https://www.reddit.com/r/investing/new/.rss
Fetching https://www.reddit.com/r/SecurityAnalysis/new/.rss
Failed SecurityAnalysis: 429 Client Error: Too Many Requests for url: https://www.reddit.com/r/SecurityAnalysis/new/.rss
{'seen': 15, 'kept': 15, 'upserted': 1, 'modified': 14}
--- Bluesky public search API ---
Fetching Bluesky query: stocks
status: 200
Fetching Bluesky query: earnings
status: 200
Fetching Bluesky query: stock market
status: 200
Fetching Bluesky query: short squeeze
status: 200
Fetching Bluesky query: IPO
status: 200
Fetching Bluesky query: merger acquisition
status: 200
Fetching Bluesky query: FDA approval stock
status: 200
Fetching Bluesky query: SEC investigation stock
status: 200
Fetching Bluesky query: options trading
status: 200
Fetching Bluesky query: $AAPL
status: 200
Fetching Bluesky query: $TSLA
status: 403
<html><body><h1>403 Forbidden</h1>
Request forbidden by administrative rules.
</body></html>


Fetching Bluesky query: $NVDA
status: 403
<html><body><h1>403 Forbidden</h1>
Request forbidden by administrative rules.
</body></html>


Fetching Bluesky query: $AMD
status: 403
<html><body><h1>403 Forbidden</h1>
Request forbidden by administrative rules.
</body></html>


{'seen': 199, 'kept': 177, 'upserted': 5, 'modified': 172}
--- StockTwits public symbol streams ---
Fetching StockTwits symbol: AAPL
status: 200
Fetching StockTwits symbol: MSFT
status: 200
Fetching StockTwits symbol: NVDA
status: 200
Fetching StockTwits symbol: AMZN
status: 200
Fetching StockTwits symbol: META
status: 200
Fetching StockTwits symbol: GOOGL
status: 200
Fetching StockTwits symbol: GOOG
status: 200
Fetching StockTwits symbol: TSLA
status: 200
Fetching StockTwits symbol: AVGO
status: 200
Fetching StockTwits symbol: AMD
status: 200
Fetching StockTwits symbol: ORCL
status: 200
Fetching StockTwits symbol: ADBE
status: 200
Fetching StockTwits symbol: CRM
status: 200
Fetching StockTwits symbol: NFLX
status: 200
Fetching StockTwits symbol: INTC
status: 200
Fetching StockTwits symbol: QCOM
status: 200
Fetching StockTwits symbol: TXN
status: 200
Fetching StockTwits symbol: MU
status: 200
Fetching StockTwits symbol: AMAT
status: 200
Fetching StockTwits symbol: LRCX
status: 200
{'seen': 600, 'kept': 542, 'upserted': 6, 'modified': 536}
===== 5m rolling social counts =====
{"ok":true,"counts":{"StockTwits":571,"Bluesky":194,"Reddit":16},"rows":[{"_id":"StockTwits","count":571},{"_id":"Bluesky","count":194},{"_id":"Reddit","count":16}],"total":781,"window_minutes":5,"since_sec":1781213616,"now_sec":1781213917}

===== PUBLIC SOCIAL COLLECTOR RUN Thu Jun 11 15:39:37 MDT 2026 =====
--- Reddit public finance RSS ---
Fetching https://www.reddit.com/r/stocks/new/.rss
Fetching https://www.reddit.com/r/StockMarket/new/.rss
Failed StockMarket: 429 Client Error: Too Many Requests for url: https://www.reddit.com/r/StockMarket/new/.rss
Fetching https://www.reddit.com/r/investing/new/.rss
Failed investing: 429 Client Error: Too Many Requests for url: https://www.reddit.com/r/investing/new/.rss
Fetching https://www.reddit.com/r/SecurityAnalysis/new/.rss
Failed SecurityAnalysis: 429 Client Error: Too Many Requests for url: https://www.reddit.com/r/SecurityAnalysis/new/.rss
{'seen': 15, 'kept': 15, 'upserted': 0, 'modified': 15}
--- Bluesky public search API ---
Fetching Bluesky query: stocks
status: 200
Fetching Bluesky query: earnings
status: 200
Fetching Bluesky query: stock market
status: 200
Fetching Bluesky query: short squeeze
status: 200
Fetching Bluesky query: IPO
status: 200
Fetching Bluesky query: merger acquisition
status: 200
Fetching Bluesky query: FDA approval stock
status: 200
Fetching Bluesky query: SEC investigation stock
status: 200
Fetching Bluesky query: options trading
status: 200
Fetching Bluesky query: $AAPL
status: 200
Fetching Bluesky query: $TSLA
status: 403
<html><body><h1>403 Forbidden</h1>
Request forbidden by administrative rules.
</body></html>


Fetching Bluesky query: $NVDA
status: 403
<html><body><h1>403 Forbidden</h1>
Request forbidden by administrative rules.
</body></html>


Fetching Bluesky query: $AMD
status: 403
<html><body><h1>403 Forbidden</h1>
Request forbidden by administrative rules.
</body></html>


{'seen': 199, 'kept': 177, 'upserted': 2, 'modified': 175}
--- StockTwits public symbol streams ---
Fetching StockTwits symbol: AAPL
status: 200
Fetching StockTwits symbol: MSFT
status: 200
Fetching StockTwits symbol: NVDA
status: 200
Fetching StockTwits symbol: AMZN
status: 200
Fetching StockTwits symbol: META
status: 200
Fetching StockTwits symbol: GOOGL
status: 200
Fetching StockTwits symbol: GOOG
status: 200
Fetching StockTwits symbol: TSLA
status: 200
Fetching StockTwits symbol: AVGO
status: 200
Fetching StockTwits symbol: AMD
status: 200
Fetching StockTwits symbol: ORCL
status: 200
Fetching StockTwits symbol: ADBE
status: 200
Fetching StockTwits symbol: CRM
status: 200
Fetching StockTwits symbol: NFLX
status: 200
Fetching StockTwits symbol: INTC
status: 200
Fetching StockTwits symbol: QCOM
status: 200
Fetching StockTwits symbol: TXN
status: 200
Fetching StockTwits symbol: MU
status: 200
Fetching StockTwits symbol: AMAT
status: 200
Fetching StockTwits symbol: LRCX
status: 200
{'seen': 600, 'kept': 543, 'upserted': 9, 'modified': 534}
===== 5m rolling social counts =====
{"ok":true,"counts":{"StockTwits":566,"Bluesky":189,"Reddit":16},"rows":[{"_id":"StockTwits","count":566},{"_id":"Bluesky","count":189},{"_id":"Reddit","count":16}],"total":771,"window_minutes":5,"since_sec":1781213692,"now_sec":1781213992}

===== PUBLIC SOCIAL COLLECTOR RUN Thu Jun 11 15:40:52 MDT 2026 =====
--- Reddit public finance RSS ---
Fetching https://www.reddit.com/r/stocks/new/.rss
Fetching https://www.reddit.com/r/StockMarket/new/.rss
Failed StockMarket: 429 Client Error: Too Many Requests for url: https://www.reddit.com/r/StockMarket/new/.rss
Fetching https://www.reddit.com/r/investing/new/.rss
Failed investing: 429 Client Error: Too Many Requests for url: https://www.reddit.com/r/investing/new/.rss
Fetching https://www.reddit.com/r/SecurityAnalysis/new/.rss
Failed SecurityAnalysis: 429 Client Error: Too Many Requests for url: https://www.reddit.com/r/SecurityAnalysis/new/.rss
{'seen': 15, 'kept': 15, 'upserted': 0, 'modified': 15}
--- Bluesky public search API ---
Fetching Bluesky query: stocks
status: 200
Fetching Bluesky query: earnings
status: 200
Fetching Bluesky query: stock market
status: 200
Fetching Bluesky query: short squeeze
status: 200
Fetching Bluesky query: IPO
status: 200
Fetching Bluesky query: merger acquisition
status: 200
Fetching Bluesky query: FDA approval stock
status: 200
Fetching Bluesky query: SEC investigation stock
status: 200
Fetching Bluesky query: options trading
status: 200
Fetching Bluesky query: $AAPL
status: 200
Fetching Bluesky query: $TSLA
status: 403
<html><body><h1>403 Forbidden</h1>
Request forbidden by administrative rules.
</body></html>


Fetching Bluesky query: $NVDA
status: 403
<html><body><h1>403 Forbidden</h1>
Request forbidden by administrative rules.
</body></html>


Fetching Bluesky query: $AMD
status: 403
<html><body><h1>403 Forbidden</h1>
Request forbidden by administrative rules.
</body></html>


{'seen': 199, 'kept': 177, 'upserted': 2, 'modified': 175}
--- StockTwits public symbol streams ---
Fetching StockTwits symbol: AAPL
status: 200
Fetching StockTwits symbol: MSFT
status: 200
Fetching StockTwits symbol: NVDA
status: 200
Fetching StockTwits symbol: AMZN
status: 200
Fetching StockTwits symbol: META
status: 200
Fetching StockTwits symbol: GOOGL
status: 200
Fetching StockTwits symbol: GOOG
status: 200
Fetching StockTwits symbol: TSLA
status: 200
Fetching StockTwits symbol: AVGO
status: 200
Fetching StockTwits symbol: AMD
status: 200
Fetching StockTwits symbol: ORCL
status: 200
Fetching StockTwits symbol: ADBE
status: 200
Fetching StockTwits symbol: CRM
status: 200
Fetching StockTwits symbol: NFLX
status: 200
Fetching StockTwits symbol: INTC
status: 200
Fetching StockTwits symbol: QCOM
status: 200
Fetching StockTwits symbol: TXN
status: 200
Fetching StockTwits symbol: MU
status: 200
Fetching StockTwits symbol: AMAT
status: 200
Fetching StockTwits symbol: LRCX
status: 200
{'seen': 600, 'kept': 543, 'upserted': 8, 'modified': 535}
===== 5m rolling social counts =====
{"ok":true,"counts":{"StockTwits":565,"Bluesky":185,"Reddit":16},"rows":[{"_id":"StockTwits","count":565},{"_id":"Bluesky","count":185},{"_id":"Reddit","count":16}],"total":766,"window_minutes":5,"since_sec":1781213767,"now_sec":1781214067}

===== PUBLIC SOCIAL COLLECTOR RUN Thu Jun 11 15:42:07 MDT 2026 =====
--- Reddit public finance RSS ---
Fetching https://www.reddit.com/r/stocks/new/.rss
Fetching https://www.reddit.com/r/StockMarket/new/.rss
Failed StockMarket: 429 Client Error: Too Many Requests for url: https://www.reddit.com/r/StockMarket/new/.rss
Fetching https://www.reddit.com/r/investing/new/.rss
Failed investing: 429 Client Error: Too Many Requests for url: https://www.reddit.com/r/investing/new/.rss
Fetching https://www.reddit.com/r/SecurityAnalysis/new/.rss
Failed SecurityAnalysis: 429 Client Error: Too Many Requests for url: https://www.reddit.com/r/SecurityAnalysis/new/.rss
{'seen': 15, 'kept': 15, 'upserted': 0, 'modified': 15}
--- Bluesky public search API ---
Fetching Bluesky query: stocks
status: 200
Fetching Bluesky query: earnings
status: 200
Fetching Bluesky query: stock market
status: 200
Fetching Bluesky query: short squeeze
status: 200
Fetching Bluesky query: IPO
status: 200
Fetching Bluesky query: merger acquisition
status: 200
Fetching Bluesky query: FDA approval stock
status: 200
Fetching Bluesky query: SEC investigation stock
status: 200
Fetching Bluesky query: options trading
status: 200
Fetching Bluesky query: $AAPL
status: 200
Fetching Bluesky query: $TSLA
status: 403
<html><body><h1>403 Forbidden</h1>
Request forbidden by administrative rules.
</body></html>


Fetching Bluesky query: $NVDA
status: 403
<html><body><h1>403 Forbidden</h1>
Request forbidden by administrative rules.
</body></html>


Fetching Bluesky query: $AMD
status: 403
<html><body><h1>403 Forbidden</h1>
Request forbidden by administrative rules.
</body></html>


{'seen': 199, 'kept': 177, 'upserted': 3, 'modified': 174}
--- StockTwits public symbol streams ---
Fetching StockTwits symbol: AAPL
status: 200
Fetching StockTwits symbol: MSFT
status: 200
Fetching StockTwits symbol: NVDA
status: 200
Fetching StockTwits symbol: AMZN
status: 200
Fetching StockTwits symbol: META
status: 200
Fetching StockTwits symbol: GOOGL
status: 200
Fetching StockTwits symbol: GOOG
status: 200
Fetching StockTwits symbol: TSLA
status: 200
Fetching StockTwits symbol: AVGO
status: 200
Fetching StockTwits symbol: AMD
status: 200
Fetching StockTwits symbol: ORCL
status: 200
Fetching StockTwits symbol: ADBE
status: 200
Fetching StockTwits symbol: CRM
status: 200
Fetching StockTwits symbol: NFLX
status: 200
Fetching StockTwits symbol: INTC
status: 200
Fetching StockTwits symbol: QCOM
status: 200
Fetching StockTwits symbol: TXN
status: 200
Fetching StockTwits symbol: MU
status: 200
Fetching StockTwits symbol: AMAT
status: 200
Fetching StockTwits symbol: LRCX
status: 200
{'seen': 600, 'kept': 544, 'upserted': 13, 'modified': 531}
===== 5m rolling social counts =====
{"ok":true,"counts":{"StockTwits":572,"Bluesky":184,"Reddit":15},"rows":[{"_id":"StockTwits","count":572},{"_id":"Bluesky","count":184},{"_id":"Reddit","count":15}],"total":771,"window_minutes":5,"since_sec":1781213843,"now_sec":1781214143}

===== PUBLIC SOCIAL COLLECTOR RUN Thu Jun 11 15:43:23 MDT 2026 =====
--- Reddit public finance RSS ---
Fetching https://www.reddit.com/r/stocks/new/.rss
Fetching https://www.reddit.com/r/StockMarket/new/.rss
Failed StockMarket: 429 Client Error: Too Many Requests for url: https://www.reddit.com/r/StockMarket/new/.rss
Fetching https://www.reddit.com/r/investing/new/.rss
Failed investing: 429 Client Error: Too Many Requests for url: https://www.reddit.com/r/investing/new/.rss
Fetching https://www.reddit.com/r/SecurityAnalysis/new/.rss
Failed SecurityAnalysis: 429 Client Error: Too Many Requests for url: https://www.reddit.com/r/SecurityAnalysis/new/.rss
{'seen': 15, 'kept': 15, 'upserted': 0, 'modified': 15}
--- Bluesky public search API ---
Fetching Bluesky query: stocks
status: 200
Fetching Bluesky query: earnings
status: 200
Fetching Bluesky query: stock market
status: 200
Fetching Bluesky query: short squeeze
status: 200
Fetching Bluesky query: IPO
status: 200
Fetching Bluesky query: merger acquisition
status: 200
Fetching Bluesky query: FDA approval stock
status: 200
Fetching Bluesky query: SEC investigation stock
status: 200
Fetching Bluesky query: options trading
status: 200
Fetching Bluesky query: $AAPL
status: 200
Fetching Bluesky query: $TSLA
status: 403
<html><body><h1>403 Forbidden</h1>
Request forbidden by administrative rules.
</body></html>


Fetching Bluesky query: $NVDA
status: 403
<html><body><h1>403 Forbidden</h1>
Request forbidden by administrative rules.
</body></html>


Fetching Bluesky query: $AMD
status: 403
<html><body><h1>403 Forbidden</h1>
Request forbidden by administrative rules.
</body></html>


{'seen': 199, 'kept': 178, 'upserted': 7, 'modified': 171}
--- StockTwits public symbol streams ---
Fetching StockTwits symbol: AAPL
status: 200
Fetching StockTwits symbol: MSFT
status: 200
Fetching StockTwits symbol: NVDA
status: 200
Fetching StockTwits symbol: AMZN
status: 200
Fetching StockTwits symbol: META
status: 200
Fetching StockTwits symbol: GOOGL
status: 200
Fetching StockTwits symbol: GOOG
status: 200
Fetching StockTwits symbol: TSLA
status: 200
Fetching StockTwits symbol: AVGO
status: 200
Fetching StockTwits symbol: AMD
status: 200
Fetching StockTwits symbol: ORCL
status: 200
Fetching StockTwits symbol: ADBE
status: 200
Fetching StockTwits symbol: CRM
status: 200
Fetching StockTwits symbol: NFLX
status: 200
Fetching StockTwits symbol: INTC
status: 200
Fetching StockTwits symbol: QCOM
status: 200
Fetching StockTwits symbol: TXN
status: 200
Fetching StockTwits symbol: MU
status: 200
Fetching StockTwits symbol: AMAT
status: 200
Fetching StockTwits symbol: LRCX
status: 200
{'seen': 600, 'kept': 544, 'upserted': 11, 'modified': 533}
===== 5m rolling social counts =====
{"ok":true,"counts":{"StockTwits":575,"Bluesky":189,"Reddit":15},"rows":[{"_id":"StockTwits","count":575},{"_id":"Bluesky","count":189},{"_id":"Reddit","count":15}],"total":779,"window_minutes":5,"since_sec":1781213919,"now_sec":1781214219}

===== PUBLIC SOCIAL COLLECTOR RUN Thu Jun 11 15:44:39 MDT 2026 =====
--- Reddit public finance RSS ---
Fetching https://www.reddit.com/r/stocks/new/.rss
Fetching https://www.reddit.com/r/StockMarket/new/.rss
Failed StockMarket: 429 Client Error: Too Many Requests for url: https://www.reddit.com/r/StockMarket/new/.rss
Fetching https://www.reddit.com/r/investing/new/.rss
Failed investing: 429 Client Error: Too Many Requests for url: https://www.reddit.com/r/investing/new/.rss
Fetching https://www.reddit.com/r/SecurityAnalysis/new/.rss
Failed SecurityAnalysis: 429 Client Error: Too Many Requests for url: https://www.reddit.com/r/SecurityAnalysis/new/.rss
{'seen': 15, 'kept': 15, 'upserted': 0, 'modified': 15}
--- Bluesky public search API ---
Fetching Bluesky query: stocks
status: 200
Fetching Bluesky query: earnings
status: 200
Fetching Bluesky query: stock market
status: 200
Fetching Bluesky query: short squeeze
status: 200
Fetching Bluesky query: IPO
status: 200
Fetching Bluesky query: merger acquisition
status: 200
Fetching Bluesky query: FDA approval stock
status: 200
Fetching Bluesky query: SEC investigation stock
status: 200
Fetching Bluesky query: options trading
status: 200
Fetching Bluesky query: $AAPL
status: 200
Fetching Bluesky query: $TSLA
status: 403
<html><body><h1>403 Forbidden</h1>
Request forbidden by administrative rules.
</body></html>


Fetching Bluesky query: $NVDA
status: 403
<html><body><h1>403 Forbidden</h1>
Request forbidden by administrative rules.
</body></html>


Fetching Bluesky query: $AMD
status: 403
<html><body><h1>403 Forbidden</h1>
Request forbidden by administrative rules.
</body></html>


{'seen': 199, 'kept': 178, 'upserted': 3, 'modified': 175}
--- StockTwits public symbol streams ---
Fetching StockTwits symbol: AAPL
status: 200
Fetching StockTwits symbol: MSFT
status: 200
Fetching StockTwits symbol: NVDA
status: 200
Fetching StockTwits symbol: AMZN
status: 200
Fetching StockTwits symbol: META
status: 200
Fetching StockTwits symbol: GOOGL
status: 200
Fetching StockTwits symbol: GOOG
status: 200
Fetching StockTwits symbol: TSLA
status: 200
Fetching StockTwits symbol: AVGO
status: 200
Fetching StockTwits symbol: AMD
status: 200
Fetching StockTwits symbol: ORCL
status: 200
Fetching StockTwits symbol: ADBE
status: 200
Fetching StockTwits symbol: CRM
status: 200
Fetching StockTwits symbol: NFLX
status: 200
Fetching StockTwits symbol: INTC
status: 200
Fetching StockTwits symbol: QCOM
status: 200
Fetching StockTwits symbol: TXN
status: 200
Fetching StockTwits symbol: MU
status: 200
Fetching StockTwits symbol: AMAT
status: 200
Fetching StockTwits symbol: LRCX
status: 200
{'seen': 600, 'kept': 546, 'upserted': 9, 'modified': 537}
===== 5m rolling social counts =====
{"ok":true,"counts":{"StockTwits":576,"Bluesky":190,"Reddit":15},"rows":[{"_id":"StockTwits","count":576},{"_id":"Bluesky","count":190},{"_id":"Reddit","count":15}],"total":781,"window_minutes":5,"since_sec":1781213994,"now_sec":1781214295}

===== PUBLIC SOCIAL COLLECTOR RUN Thu Jun 11 15:45:55 MDT 2026 =====
--- Reddit public finance RSS ---
Fetching https://www.reddit.com/r/stocks/new/.rss
Fetching https://www.reddit.com/r/StockMarket/new/.rss
Failed StockMarket: 429 Client Error: Too Many Requests for url: https://www.reddit.com/r/StockMarket/new/.rss
Fetching https://www.reddit.com/r/investing/new/.rss
Failed investing: 429 Client Error: Too Many Requests for url: https://www.reddit.com/r/investing/new/.rss
Fetching https://www.reddit.com/r/SecurityAnalysis/new/.rss
Failed SecurityAnalysis: 429 Client Error: Too Many Requests for url: https://www.reddit.com/r/SecurityAnalysis/new/.rss
{'seen': 15, 'kept': 15, 'upserted': 0, 'modified': 15}
--- Bluesky public search API ---
Fetching Bluesky query: stocks
status: 200
Fetching Bluesky query: earnings
status: 200
Fetching Bluesky query: stock market
status: 200
Fetching Bluesky query: short squeeze
status: 200
Fetching Bluesky query: IPO
status: 200
Fetching Bluesky query: merger acquisition
status: 200
Fetching Bluesky query: FDA approval stock
status: 200
Fetching Bluesky query: SEC investigation stock
status: 200
Fetching Bluesky query: options trading
status: 200
Fetching Bluesky query: $AAPL
status: 200
Fetching Bluesky query: $TSLA
status: 403
<html><body><h1>403 Forbidden</h1>
Request forbidden by administrative rules.
</body></html>


Fetching Bluesky query: $NVDA
status: 403
<html><body><h1>403 Forbidden</h1>
Request forbidden by administrative rules.
</body></html>


Fetching Bluesky query: $AMD
status: 403
<html><body><h1>403 Forbidden</h1>
Request forbidden by administrative rules.
</body></html>


{'seen': 199, 'kept': 178, 'upserted': 7, 'modified': 171}
--- StockTwits public symbol streams ---
Fetching StockTwits symbol: AAPL
status: 200
Fetching StockTwits symbol: MSFT
status: 200
Fetching StockTwits symbol: NVDA
status: 200
Fetching StockTwits symbol: AMZN
status: 200
Fetching StockTwits symbol: META
status: 200
Fetching StockTwits symbol: GOOGL
status: 200
Fetching StockTwits symbol: GOOG
status: 200
Fetching StockTwits symbol: TSLA
status: 200
Fetching StockTwits symbol: AVGO
status: 200
Fetching StockTwits symbol: AMD
status: 200
Fetching StockTwits symbol: ORCL
status: 200
Fetching StockTwits symbol: ADBE
status: 200
Fetching StockTwits symbol: CRM
status: 200
Fetching StockTwits symbol: NFLX
status: 200
Fetching StockTwits symbol: INTC
status: 200
Fetching StockTwits symbol: QCOM
status: 200
Fetching StockTwits symbol: TXN
status: 200
Fetching StockTwits symbol: MU
status: 200
Fetching StockTwits symbol: AMAT
status: 200
Fetching StockTwits symbol: LRCX
status: 200
{'seen': 600, 'kept': 545, 'upserted': 5, 'modified': 540}
===== 5m rolling social counts =====
{"ok":true,"counts":{"StockTwits":569,"Bluesky":194,"Reddit":15},"rows":[{"_id":"StockTwits","count":569},{"_id":"Bluesky","count":194},{"_id":"Reddit","count":15}],"total":778,"window_minutes":5,"since_sec":1781214071,"now_sec":1781214371}

===== PUBLIC SOCIAL COLLECTOR RUN Thu Jun 11 15:47:11 MDT 2026 =====
--- Reddit public finance RSS ---
Fetching https://www.reddit.com/r/stocks/new/.rss
Fetching https://www.reddit.com/r/StockMarket/new/.rss
Failed StockMarket: 429 Client Error: Too Many Requests for url: https://www.reddit.com/r/StockMarket/new/.rss
Fetching https://www.reddit.com/r/investing/new/.rss
Failed investing: 429 Client Error: Too Many Requests for url: https://www.reddit.com/r/investing/new/.rss
Fetching https://www.reddit.com/r/SecurityAnalysis/new/.rss
Failed SecurityAnalysis: 429 Client Error: Too Many Requests for url: https://www.reddit.com/r/SecurityAnalysis/new/.rss
{'seen': 15, 'kept': 15, 'upserted': 0, 'modified': 15}
--- Bluesky public search API ---
Fetching Bluesky query: stocks
status: 200
Fetching Bluesky query: earnings
status: 200
Fetching Bluesky query: stock market
status: 200
Fetching Bluesky query: short squeeze
status: 200
Fetching Bluesky query: IPO
status: 200
Fetching Bluesky query: merger acquisition
status: 200
Fetching Bluesky query: FDA approval stock
status: 200
Fetching Bluesky query: SEC investigation stock
status: 200
Fetching Bluesky query: options trading
status: 200
Fetching Bluesky query: $AAPL
status: 200
Fetching Bluesky query: $TSLA
status: 403
<html><body><h1>403 Forbidden</h1>
Request forbidden by administrative rules.
</body></html>


Fetching Bluesky query: $NVDA
status: 403
<html><body><h1>403 Forbidden</h1>
Request forbidden by administrative rules.
</body></html>


Fetching Bluesky query: $AMD
status: 403
<html><body><h1>403 Forbidden</h1>
Request forbidden by administrative rules.
</body></html>


{'seen': 199, 'kept': 178, 'upserted': 3, 'modified': 175}
--- StockTwits public symbol streams ---
Fetching StockTwits symbol: AAPL
status: 200
Fetching StockTwits symbol: MSFT
status: 200
Fetching StockTwits symbol: NVDA
status: 200
Fetching StockTwits symbol: AMZN
status: 200
Fetching StockTwits symbol: META
status: 200
Fetching StockTwits symbol: GOOGL
status: 200
Fetching StockTwits symbol: GOOG
status: 200
Fetching StockTwits symbol: TSLA
status: 200
Fetching StockTwits symbol: AVGO
status: 200
Fetching StockTwits symbol: AMD
status: 200
Fetching StockTwits symbol: ORCL
status: 200
Fetching StockTwits symbol: ADBE
status: 200
Fetching StockTwits symbol: CRM
status: 200
Fetching StockTwits symbol: NFLX
status: 200
Fetching StockTwits symbol: INTC
status: 200
Fetching StockTwits symbol: QCOM
status: 200
Fetching StockTwits symbol: TXN
status: 200
Fetching StockTwits symbol: MU
status: 200
Fetching StockTwits symbol: AMAT
status: 200
Fetching StockTwits symbol: LRCX
status: 200
{'seen': 600, 'kept': 544, 'upserted': 8, 'modified': 536}
===== 5m rolling social counts =====
{"ok":true,"counts":{"StockTwits":566,"Bluesky":191,"Reddit":15},"rows":[{"_id":"StockTwits","count":566},{"_id":"Bluesky","count":191},{"_id":"Reddit","count":15}],"total":772,"window_minutes":5,"since_sec":1781214146,"now_sec":1781214446}

===== PUBLIC SOCIAL COLLECTOR RUN Thu Jun 11 15:48:27 MDT 2026 =====
--- Reddit public finance RSS ---
Fetching https://www.reddit.com/r/stocks/new/.rss
Fetching https://www.reddit.com/r/StockMarket/new/.rss
Failed StockMarket: 429 Client Error: Too Many Requests for url: https://www.reddit.com/r/StockMarket/new/.rss
Fetching https://www.reddit.com/r/investing/new/.rss
Failed investing: 429 Client Error: Too Many Requests for url: https://www.reddit.com/r/investing/new/.rss
Fetching https://www.reddit.com/r/SecurityAnalysis/new/.rss
Failed SecurityAnalysis: 429 Client Error: Too Many Requests for url: https://www.reddit.com/r/SecurityAnalysis/new/.rss
{'seen': 15, 'kept': 15, 'upserted': 1, 'modified': 14}
--- Bluesky public search API ---
Fetching Bluesky query: stocks
status: 200
Fetching Bluesky query: earnings
status: 200
Fetching Bluesky query: stock market
status: 200
Fetching Bluesky query: short squeeze
status: 200
Fetching Bluesky query: IPO
status: 200
Fetching Bluesky query: merger acquisition
status: 200
Fetching Bluesky query: FDA approval stock
status: 200
Fetching Bluesky query: SEC investigation stock
status: 200
Fetching Bluesky query: options trading
status: 200
Fetching Bluesky query: $AAPL
status: 200
Fetching Bluesky query: $TSLA
status: 403
<html><body><h1>403 Forbidden</h1>
Request forbidden by administrative rules.
</body></html>


Fetching Bluesky query: $NVDA
status: 403
<html><body><h1>403 Forbidden</h1>
Request forbidden by administrative rules.
</body></html>


Fetching Bluesky query: $AMD
status: 403
<html><body><h1>403 Forbidden</h1>
Request forbidden by administrative rules.
</body></html>


{'seen': 198, 'kept': 177, 'upserted': 3, 'modified': 174}
--- StockTwits public symbol streams ---
Fetching StockTwits symbol: AAPL
status: 200
Fetching StockTwits symbol: MSFT
status: 200
Fetching StockTwits symbol: NVDA
status: 200
Fetching StockTwits symbol: AMZN
status: 200
Fetching StockTwits symbol: META
status: 200
Fetching StockTwits symbol: GOOGL
status: 200
Fetching StockTwits symbol: GOOG
status: 200
Fetching StockTwits symbol: TSLA
status: 200
Fetching StockTwits symbol: AVGO
status: 200
Fetching StockTwits symbol: AMD
status: 200
Fetching StockTwits symbol: ORCL
status: 200
Fetching StockTwits symbol: ADBE
status: 200
Fetching StockTwits symbol: CRM
status: 200
Fetching StockTwits symbol: NFLX
status: 200
Fetching StockTwits symbol: INTC
status: 200
Fetching StockTwits symbol: QCOM
status: 200
Fetching StockTwits symbol: TXN
status: 200
Fetching StockTwits symbol: MU
status: 200
Fetching StockTwits symbol: AMAT
status: 200
Fetching StockTwits symbol: LRCX
status: 200
{'seen': 600, 'kept': 542, 'upserted': 10, 'modified': 532}
===== 5m rolling social counts =====
{"ok":true,"counts":{"StockTwits":569,"Bluesky":191,"Reddit":16},"rows":[{"_id":"StockTwits","count":569},{"_id":"Bluesky","count":191},{"_id":"Reddit","count":16}],"total":776,"window_minutes":5,"since_sec":1781214221,"now_sec":1781214521}

===== PUBLIC SOCIAL COLLECTOR RUN Thu Jun 11 15:49:41 MDT 2026 =====
--- Reddit public finance RSS ---
Fetching https://www.reddit.com/r/stocks/new/.rss
Fetching https://www.reddit.com/r/StockMarket/new/.rss
Failed StockMarket: 429 Client Error: Too Many Requests for url: https://www.reddit.com/r/StockMarket/new/.rss
Fetching https://www.reddit.com/r/investing/new/.rss
Failed investing: 429 Client Error: Too Many Requests for url: https://www.reddit.com/r/investing/new/.rss
Fetching https://www.reddit.com/r/SecurityAnalysis/new/.rss
Failed SecurityAnalysis: 429 Client Error: Too Many Requests for url: https://www.reddit.com/r/SecurityAnalysis/new/.rss
{'seen': 15, 'kept': 15, 'upserted': 0, 'modified': 15}
--- Bluesky public search API ---
Fetching Bluesky query: stocks
status: 200
Fetching Bluesky query: earnings
status: 200
Fetching Bluesky query: stock market
status: 200
Fetching Bluesky query: short squeeze
status: 200
Fetching Bluesky query: IPO
status: 200
Fetching Bluesky query: merger acquisition
status: 200
Fetching Bluesky query: FDA approval stock
status: 200
Fetching Bluesky query: SEC investigation stock
status: 200
Fetching Bluesky query: options trading
status: 200
Fetching Bluesky query: $AAPL
status: 200
Fetching Bluesky query: $TSLA
status: 403
<html><body><h1>403 Forbidden</h1>
Request forbidden by administrative rules.
</body></html>


Fetching Bluesky query: $NVDA
status: 403
<html><body><h1>403 Forbidden</h1>
Request forbidden by administrative rules.
</body></html>


Fetching Bluesky query: $AMD
status: 403
<html><body><h1>403 Forbidden</h1>
Request forbidden by administrative rules.
</body></html>


{'seen': 198, 'kept': 177, 'upserted': 6, 'modified': 171}
--- StockTwits public symbol streams ---
Fetching StockTwits symbol: AAPL
status: 200
Fetching StockTwits symbol: MSFT
status: 200
Fetching StockTwits symbol: NVDA
status: 200
Fetching StockTwits symbol: AMZN
status: 200
Fetching StockTwits symbol: META
status: 200
Fetching StockTwits symbol: GOOGL
status: 200
Fetching StockTwits symbol: GOOG
status: 200
Fetching StockTwits symbol: TSLA
status: 200
Fetching StockTwits symbol: AVGO
status: 200
Fetching StockTwits symbol: AMD
status: 200
Fetching StockTwits symbol: ORCL
status: 200
Fetching StockTwits symbol: ADBE
status: 200
Fetching StockTwits symbol: CRM
status: 200
Fetching StockTwits symbol: NFLX
status: 200
Fetching StockTwits symbol: INTC
status: 200
Fetching StockTwits symbol: QCOM
status: 200
Fetching StockTwits symbol: TXN
status: 200
Fetching StockTwits symbol: MU
status: 200
Fetching StockTwits symbol: AMAT
status: 200
Fetching StockTwits symbol: LRCX
status: 200
{'seen': 600, 'kept': 539, 'upserted': 8, 'modified': 531}
===== 5m rolling social counts =====
{"ok":true,"counts":{"StockTwits":571,"Bluesky":190,"Reddit":16},"rows":[{"_id":"StockTwits","count":571},{"_id":"Bluesky","count":190},{"_id":"Reddit","count":16}],"total":777,"window_minutes":5,"since_sec":1781214296,"now_sec":1781214596}

===== PUBLIC SOCIAL COLLECTOR RUN Thu Jun 11 15:50:56 MDT 2026 =====
--- Reddit public finance RSS ---
Fetching https://www.reddit.com/r/stocks/new/.rss
Fetching https://www.reddit.com/r/StockMarket/new/.rss
Failed StockMarket: 429 Client Error: Too Many Requests for url: https://www.reddit.com/r/StockMarket/new/.rss
Fetching https://www.reddit.com/r/investing/new/.rss
Failed investing: 429 Client Error: Too Many Requests for url: https://www.reddit.com/r/investing/new/.rss
Fetching https://www.reddit.com/r/SecurityAnalysis/new/.rss
Failed SecurityAnalysis: 429 Client Error: Too Many Requests for url: https://www.reddit.com/r/SecurityAnalysis/new/.rss
{'seen': 15, 'kept': 15, 'upserted': 0, 'modified': 15}
--- Bluesky public search API ---
Fetching Bluesky query: stocks
status: 200
Fetching Bluesky query: earnings
status: 200
Fetching Bluesky query: stock market
status: 200
Fetching Bluesky query: short squeeze
status: 200
Fetching Bluesky query: IPO
status: 200
Fetching Bluesky query: merger acquisition
status: 200
Fetching Bluesky query: FDA approval stock
status: 200
Fetching Bluesky query: SEC investigation stock
status: 200
Fetching Bluesky query: options trading
status: 200
Fetching Bluesky query: $AAPL
status: 200
Fetching Bluesky query: $TSLA
status: 403
<html><body><h1>403 Forbidden</h1>
Request forbidden by administrative rules.
</body></html>


Fetching Bluesky query: $NVDA
status: 403
<html><body><h1>403 Forbidden</h1>
Request forbidden by administrative rules.
</body></html>


Fetching Bluesky query: $AMD
status: 403
<html><body><h1>403 Forbidden</h1>
Request forbidden by administrative rules.
</body></html>


{'seen': 198, 'kept': 176, 'upserted': 5, 'modified': 171}
--- StockTwits public symbol streams ---
Fetching StockTwits symbol: AAPL
status: 200
Fetching StockTwits symbol: MSFT
status: 200
Fetching StockTwits symbol: NVDA
status: 200
Fetching StockTwits symbol: AMZN
status: 200
Fetching StockTwits symbol: META
status: 200
Fetching StockTwits symbol: GOOGL
status: 200
Fetching StockTwits symbol: GOOG
status: 200
Fetching StockTwits symbol: TSLA
status: 200
Fetching StockTwits symbol: AVGO
status: 200
Fetching StockTwits symbol: AMD
status: 200
Fetching StockTwits symbol: ORCL
status: 200
Fetching StockTwits symbol: ADBE
status: 200
Fetching StockTwits symbol: CRM
status: 200
Fetching StockTwits symbol: NFLX
status: 200
Fetching StockTwits symbol: INTC
status: 200
Fetching StockTwits symbol: QCOM
status: 200
Fetching StockTwits symbol: TXN
status: 200
Fetching StockTwits symbol: MU
status: 200
Fetching StockTwits symbol: AMAT
status: 200
Fetching StockTwits symbol: LRCX
status: 200
{'seen': 600, 'kept': 539, 'upserted': 9, 'modified': 530}
===== 5m rolling social counts =====
{"ok":true,"counts":{"StockTwits":574,"Bluesky":192,"Reddit":16},"rows":[{"_id":"StockTwits","count":574},{"_id":"Bluesky","count":192},{"_id":"Reddit","count":16}],"total":782,"window_minutes":5,"since_sec":1781214370,"now_sec":1781214671}

===== PUBLIC SOCIAL COLLECTOR RUN Thu Jun 11 15:52:11 MDT 2026 =====
--- Reddit public finance RSS ---
Fetching https://www.reddit.com/r/stocks/new/.rss
Fetching https://www.reddit.com/r/StockMarket/new/.rss
Failed StockMarket: 429 Client Error: Too Many Requests for url: https://www.reddit.com/r/StockMarket/new/.rss
Fetching https://www.reddit.com/r/investing/new/.rss
Failed investing: 429 Client Error: Too Many Requests for url: https://www.reddit.com/r/investing/new/.rss
Fetching https://www.reddit.com/r/SecurityAnalysis/new/.rss
Failed SecurityAnalysis: 429 Client Error: Too Many Requests for url: https://www.reddit.com/r/SecurityAnalysis/new/.rss
{'seen': 15, 'kept': 15, 'upserted': 0, 'modified': 15}
--- Bluesky public search API ---
Fetching Bluesky query: stocks
status: 200
Fetching Bluesky query: earnings
status: 200
Fetching Bluesky query: stock market
status: 200
Fetching Bluesky query: short squeeze
status: 200
Fetching Bluesky query: IPO
status: 200
Fetching Bluesky query: merger acquisition
status: 200
Fetching Bluesky query: FDA approval stock
status: 200
Fetching Bluesky query: SEC investigation stock
status: 200
Fetching Bluesky query: options trading
status: 200
Fetching Bluesky query: $AAPL
status: 200
Fetching Bluesky query: $TSLA
status: 403
<html><body><h1>403 Forbidden</h1>
Request forbidden by administrative rules.
</body></html>


Fetching Bluesky query: $NVDA
status: 403
<html><body><h1>403 Forbidden</h1>
Request forbidden by administrative rules.
</body></html>


Fetching Bluesky query: $AMD
status: 403
<html><body><h1>403 Forbidden</h1>
Request forbidden by administrative rules.
</body></html>


{'seen': 198, 'kept': 176, 'upserted': 2, 'modified': 174}
--- StockTwits public symbol streams ---
Fetching StockTwits symbol: AAPL
status: 200
Fetching StockTwits symbol: MSFT
status: 200
Fetching StockTwits symbol: NVDA
status: 200
Fetching StockTwits symbol: AMZN
status: 200
Fetching StockTwits symbol: META
status: 200
Fetching StockTwits symbol: GOOGL
status: 200
Fetching StockTwits symbol: GOOG
status: 200
Fetching StockTwits symbol: TSLA
status: 200
Fetching StockTwits symbol: AVGO
status: 200
Fetching StockTwits symbol: AMD
status: 200
Fetching StockTwits symbol: ORCL
status: 200
Fetching StockTwits symbol: ADBE
status: 200
Fetching StockTwits symbol: CRM
status: 200
Fetching StockTwits symbol: NFLX
status: 200
Fetching StockTwits symbol: INTC
status: 200
Fetching StockTwits symbol: QCOM
status: 200
Fetching StockTwits symbol: TXN
status: 200
Fetching StockTwits symbol: MU
status: 200
Fetching StockTwits symbol: AMAT
status: 200
Fetching StockTwits symbol: LRCX
status: 200
{'seen': 600, 'kept': 539, 'upserted': 6, 'modified': 533}
===== 5m rolling social counts =====
{"ok":true,"counts":{"StockTwits":565,"Bluesky":190,"Reddit":15},"rows":[{"_id":"StockTwits","count":565},{"_id":"Bluesky","count":190},{"_id":"Reddit","count":15}],"total":770,"window_minutes":5,"since_sec":1781214446,"now_sec":1781214746}

===== PUBLIC SOCIAL COLLECTOR RUN Thu Jun 11 15:53:26 MDT 2026 =====
--- Reddit public finance RSS ---
Fetching https://www.reddit.com/r/stocks/new/.rss
Fetching https://www.reddit.com/r/StockMarket/new/.rss
Failed StockMarket: 429 Client Error: Too Many Requests for url: https://www.reddit.com/r/StockMarket/new/.rss
Fetching https://www.reddit.com/r/investing/new/.rss
Failed investing: 429 Client Error: Too Many Requests for url: https://www.reddit.com/r/investing/new/.rss
Fetching https://www.reddit.com/r/SecurityAnalysis/new/.rss
Failed SecurityAnalysis: 429 Client Error: Too Many Requests for url: https://www.reddit.com/r/SecurityAnalysis/new/.rss
{'seen': 15, 'kept': 15, 'upserted': 0, 'modified': 15}
--- Bluesky public search API ---
Fetching Bluesky query: stocks
status: 200
Fetching Bluesky query: earnings
status: 200
Fetching Bluesky query: stock market
status: 200
Fetching Bluesky query: short squeeze
status: 200
Fetching Bluesky query: IPO
status: 200
Fetching Bluesky query: merger acquisition
status: 200
Fetching Bluesky query: FDA approval stock
status: 200
Fetching Bluesky query: SEC investigation stock
status: 200
Fetching Bluesky query: options trading
status: 200
Fetching Bluesky query: $AAPL
status: 200
Fetching Bluesky query: $TSLA
status: 403
<html><body><h1>403 Forbidden</h1>
Request forbidden by administrative rules.
</body></html>


Fetching Bluesky query: $NVDA
status: 403
<html><body><h1>403 Forbidden</h1>
Request forbidden by administrative rules.
</body></html>


Fetching Bluesky query: $AMD
status: 403
<html><body><h1>403 Forbidden</h1>
Request forbidden by administrative rules.
</body></html>


{'seen': 198, 'kept': 176, 'upserted': 2, 'modified': 174}
--- StockTwits public symbol streams ---
Fetching StockTwits symbol: AAPL
status: 200
Fetching StockTwits symbol: MSFT
status: 200
Fetching StockTwits symbol: NVDA
status: 200
Fetching StockTwits symbol: AMZN
status: 200
Fetching StockTwits symbol: META
status: 200
Fetching StockTwits symbol: GOOGL
status: 200
Fetching StockTwits symbol: GOOG
status: 200
Fetching StockTwits symbol: TSLA
status: 200
Fetching StockTwits symbol: AVGO
status: 200
Fetching StockTwits symbol: AMD
status: 200
Fetching StockTwits symbol: ORCL
status: 200
Fetching StockTwits symbol: ADBE
status: 200
Fetching StockTwits symbol: CRM
status: 200
Fetching StockTwits symbol: NFLX
status: 200
Fetching StockTwits symbol: INTC
status: 200
Fetching StockTwits symbol: QCOM
status: 200
Fetching StockTwits symbol: TXN
status: 200
Fetching StockTwits symbol: MU
status: 200
Fetching StockTwits symbol: AMAT
status: 200
Fetching StockTwits symbol: LRCX
status: 200
{'seen': 600, 'kept': 540, 'upserted': 8, 'modified': 532}
===== 5m rolling social counts =====
{"ok":true,"counts":{"StockTwits":563,"Bluesky":186,"Reddit":15},"rows":[{"_id":"StockTwits","count":563},{"_id":"Bluesky","count":186},{"_id":"Reddit","count":15}],"total":764,"window_minutes":5,"since_sec":1781214520,"now_sec":1781214820}

===== PUBLIC SOCIAL COLLECTOR RUN Thu Jun 11 15:54:40 MDT 2026 =====
--- Reddit public finance RSS ---
Fetching https://www.reddit.com/r/stocks/new/.rss
Fetching https://www.reddit.com/r/StockMarket/new/.rss
Failed StockMarket: 429 Client Error: Too Many Requests for url: https://www.reddit.com/r/StockMarket/new/.rss
Fetching https://www.reddit.com/r/investing/new/.rss
Failed investing: 429 Client Error: Too Many Requests for url: https://www.reddit.com/r/investing/new/.rss
Fetching https://www.reddit.com/r/SecurityAnalysis/new/.rss
Failed SecurityAnalysis: 429 Client Error: Too Many Requests for url: https://www.reddit.com/r/SecurityAnalysis/new/.rss
{'seen': 15, 'kept': 15, 'upserted': 0, 'modified': 15}
--- Bluesky public search API ---
Fetching Bluesky query: stocks
status: 200
Fetching Bluesky query: earnings
status: 200
Fetching Bluesky query: stock market
status: 200
Fetching Bluesky query: short squeeze
status: 200
Fetching Bluesky query: IPO
status: 200
Fetching Bluesky query: merger acquisition
status: 200
Fetching Bluesky query: FDA approval stock
status: 200
Fetching Bluesky query: SEC investigation stock
status: 200
Fetching Bluesky query: options trading
status: 200
Fetching Bluesky query: $AAPL
status: 200
Fetching Bluesky query: $TSLA
status: 403
<html><body><h1>403 Forbidden</h1>
Request forbidden by administrative rules.
</body></html>


Fetching Bluesky query: $NVDA
status: 403
<html><body><h1>403 Forbidden</h1>
Request forbidden by administrative rules.
</body></html>


Fetching Bluesky query: $AMD
status: 403
<html><body><h1>403 Forbidden</h1>
Request forbidden by administrative rules.
</body></html>


{'seen': 198, 'kept': 176, 'upserted': 2, 'modified': 174}
--- StockTwits public symbol streams ---
Fetching StockTwits symbol: AAPL
status: 200
Fetching StockTwits symbol: MSFT
status: 200
Fetching StockTwits symbol: NVDA
status: 200
Fetching StockTwits symbol: AMZN
status: 200
Fetching StockTwits symbol: META
status: 200
Fetching StockTwits symbol: GOOGL
status: 200
Fetching StockTwits symbol: GOOG
status: 200
Fetching StockTwits symbol: TSLA
status: 200
Fetching StockTwits symbol: AVGO
status: 200
Fetching StockTwits symbol: AMD
status: 200
Fetching StockTwits symbol: ORCL
status: 200
Fetching StockTwits symbol: ADBE
status: 200
Fetching StockTwits symbol: CRM
status: 200
Fetching StockTwits symbol: NFLX
status: 200
Fetching StockTwits symbol: INTC
status: 200
Fetching StockTwits symbol: QCOM
status: 200
Fetching StockTwits symbol: TXN
status: 200
Fetching StockTwits symbol: MU
status: 200
Fetching StockTwits symbol: AMAT
status: 200
Fetching StockTwits symbol: LRCX
status: 200
{'seen': 600, 'kept': 539, 'upserted': 7, 'modified': 532}
===== 5m rolling social counts =====
{"ok":true,"counts":{"StockTwits":560,"Bluesky":182,"Reddit":15},"rows":[{"_id":"StockTwits","count":560},{"_id":"Bluesky","count":182},{"_id":"Reddit","count":15}],"total":757,"window_minutes":5,"since_sec":1781214595,"now_sec":1781214895}

===== PUBLIC SOCIAL COLLECTOR RUN Thu Jun 11 15:55:55 MDT 2026 =====
--- Reddit public finance RSS ---
Fetching https://www.reddit.com/r/stocks/new/.rss
Fetching https://www.reddit.com/r/StockMarket/new/.rss
Failed StockMarket: 429 Client Error: Too Many Requests for url: https://www.reddit.com/r/StockMarket/new/.rss
Fetching https://www.reddit.com/r/investing/new/.rss
Failed investing: 429 Client Error: Too Many Requests for url: https://www.reddit.com/r/investing/new/.rss
Fetching https://www.reddit.com/r/SecurityAnalysis/new/.rss
Failed SecurityAnalysis: 429 Client Error: Too Many Requests for url: https://www.reddit.com/r/SecurityAnalysis/new/.rss
{'seen': 15, 'kept': 15, 'upserted': 0, 'modified': 15}
--- Bluesky public search API ---
Fetching Bluesky query: stocks
status: 200
Fetching Bluesky query: earnings
status: 200
Fetching Bluesky query: stock market
status: 200
Fetching Bluesky query: short squeeze
status: 200
Fetching Bluesky query: IPO
status: 200
Fetching Bluesky query: merger acquisition
status: 200
Fetching Bluesky query: FDA approval stock
status: 200
Fetching Bluesky query: SEC investigation stock
status: 200
Fetching Bluesky query: options trading
status: 200
Fetching Bluesky query: $AAPL
status: 200
Fetching Bluesky query: $TSLA
status: 403
<html><body><h1>403 Forbidden</h1>
Request forbidden by administrative rules.
</body></html>


Fetching Bluesky query: $NVDA
status: 403
<html><body><h1>403 Forbidden</h1>
Request forbidden by administrative rules.
</body></html>


Fetching Bluesky query: $AMD
status: 403
<html><body><h1>403 Forbidden</h1>
Request forbidden by administrative rules.
</body></html>


{'seen': 198, 'kept': 176, 'upserted': 2, 'modified': 174}
--- StockTwits public symbol streams ---
Fetching StockTwits symbol: AAPL
status: 200
Fetching StockTwits symbol: MSFT
status: 200
Fetching StockTwits symbol: NVDA
status: 200
Fetching StockTwits symbol: AMZN
status: 200
Fetching StockTwits symbol: META
status: 200
Fetching StockTwits symbol: GOOGL
status: 200
Fetching StockTwits symbol: GOOG
status: 200
Fetching StockTwits symbol: TSLA
status: 200
Fetching StockTwits symbol: AVGO
status: 200
Fetching StockTwits symbol: AMD
status: 200
Fetching StockTwits symbol: ORCL
status: 200
Fetching StockTwits symbol: ADBE
status: 200
Fetching StockTwits symbol: CRM
status: 200
Fetching StockTwits symbol: NFLX
status: 200
Fetching StockTwits symbol: INTC
status: 200
Fetching StockTwits symbol: QCOM
status: 200
Fetching StockTwits symbol: TXN
status: 200
Fetching StockTwits symbol: MU
status: 200
Fetching StockTwits symbol: AMAT
status: 200
Fetching StockTwits symbol: LRCX
status: 200
{'seen': 600, 'kept': 540, 'upserted': 6, 'modified': 534}
===== 5m rolling social counts =====
{"ok":true,"counts":{"StockTwits":560,"Bluesky":182,"Reddit":15},"rows":[{"_id":"StockTwits","count":560},{"_id":"Bluesky","count":182},{"_id":"Reddit","count":15}],"total":757,"window_minutes":5,"since_sec":1781214671,"now_sec":1781214971}

===== PUBLIC SOCIAL COLLECTOR RUN Thu Jun 11 15:57:11 MDT 2026 =====
--- Reddit public finance RSS ---
Fetching https://www.reddit.com/r/stocks/new/.rss
Fetching https://www.reddit.com/r/StockMarket/new/.rss
Failed StockMarket: 429 Client Error: Too Many Requests for url: https://www.reddit.com/r/StockMarket/new/.rss
Fetching https://www.reddit.com/r/investing/new/.rss
Failed investing: 429 Client Error: Too Many Requests for url: https://www.reddit.com/r/investing/new/.rss
Fetching https://www.reddit.com/r/SecurityAnalysis/new/.rss
Failed SecurityAnalysis: 429 Client Error: Too Many Requests for url: https://www.reddit.com/r/SecurityAnalysis/new/.rss
{'seen': 15, 'kept': 15, 'upserted': 1, 'modified': 14}
--- Bluesky public search API ---
Fetching Bluesky query: stocks
status: 200
Fetching Bluesky query: earnings
status: 200
Fetching Bluesky query: stock market
status: 200
Fetching Bluesky query: short squeeze
status: 200
Fetching Bluesky query: IPO
status: 200
Fetching Bluesky query: merger acquisition
status: 200
Fetching Bluesky query: FDA approval stock
status: 200
Fetching Bluesky query: SEC investigation stock
status: 200
Fetching Bluesky query: options trading
status: 200
Fetching Bluesky query: $AAPL
status: 200
Fetching Bluesky query: $TSLA
status: 403
<html><body><h1>403 Forbidden</h1>
Request forbidden by administrative rules.
</body></html>


Fetching Bluesky query: $NVDA
status: 403
<html><body><h1>403 Forbidden</h1>
Request forbidden by administrative rules.
</body></html>


Fetching Bluesky query: $AMD
status: 403
<html><body><h1>403 Forbidden</h1>
Request forbidden by administrative rules.
</body></html>


{'seen': 198, 'kept': 176, 'upserted': 3, 'modified': 173}
--- StockTwits public symbol streams ---
Fetching StockTwits symbol: AAPL
status: 200
Fetching StockTwits symbol: MSFT
status: 200
Fetching StockTwits symbol: NVDA
status: 200
Fetching StockTwits symbol: AMZN
status: 200
Fetching StockTwits symbol: META
status: 200
Fetching StockTwits symbol: GOOGL
status: 200
Fetching StockTwits symbol: GOOG
status: 200
Fetching StockTwits symbol: TSLA
status: 200
Fetching StockTwits symbol: AVGO
status: 200
Fetching StockTwits symbol: AMD
status: 200
Fetching StockTwits symbol: ORCL
status: 200
Fetching StockTwits symbol: ADBE
status: 200
Fetching StockTwits symbol: CRM
status: 200
Fetching StockTwits symbol: NFLX
status: 200
Fetching StockTwits symbol: INTC
status: 200
Fetching StockTwits symbol: QCOM
status: 200
Fetching StockTwits symbol: TXN
status: 200
Fetching StockTwits symbol: MU
status: 200
Fetching StockTwits symbol: AMAT
status: 200
Fetching StockTwits symbol: LRCX
status: 200
{'seen': 600, 'kept': 540, 'upserted': 11, 'modified': 529}
===== 5m rolling social counts =====
{"ok":true,"counts":{"StockTwits":564,"Bluesky":183,"Reddit":16},"rows":[{"_id":"StockTwits","count":564},{"_id":"Bluesky","count":183},{"_id":"Reddit","count":16}],"total":763,"window_minutes":5,"since_sec":1781214746,"now_sec":1781215046}

===== PUBLIC SOCIAL COLLECTOR RUN Thu Jun 11 15:58:26 MDT 2026 =====
--- Reddit public finance RSS ---
Fetching https://www.reddit.com/r/stocks/new/.rss
Fetching https://www.reddit.com/r/StockMarket/new/.rss
Failed StockMarket: 429 Client Error: Too Many Requests for url: https://www.reddit.com/r/StockMarket/new/.rss
Fetching https://www.reddit.com/r/investing/new/.rss
Failed investing: 429 Client Error: Too Many Requests for url: https://www.reddit.com/r/investing/new/.rss
Fetching https://www.reddit.com/r/SecurityAnalysis/new/.rss
Failed SecurityAnalysis: 429 Client Error: Too Many Requests for url: https://www.reddit.com/r/SecurityAnalysis/new/.rss
{'seen': 15, 'kept': 15, 'upserted': 1, 'modified': 14}
--- Bluesky public search API ---
Fetching Bluesky query: stocks
status: 200
Fetching Bluesky query: earnings
status: 200
Fetching Bluesky query: stock market
status: 200
Fetching Bluesky query: short squeeze
status: 200
Fetching Bluesky query: IPO
status: 200
Fetching Bluesky query: merger acquisition
status: 200
Fetching Bluesky query: FDA approval stock
status: 200
Fetching Bluesky query: SEC investigation stock
status: 200
Fetching Bluesky query: options trading
status: 200
Fetching Bluesky query: $AAPL
status: 200
Fetching Bluesky query: $TSLA
status: 403
<html><body><h1>403 Forbidden</h1>
Request forbidden by administrative rules.
</body></html>


Fetching Bluesky query: $NVDA
status: 403
<html><body><h1>403 Forbidden</h1>
Request forbidden by administrative rules.
</body></html>


Fetching Bluesky query: $AMD
status: 403
<html><body><h1>403 Forbidden</h1>
Request forbidden by administrative rules.
</body></html>


{'seen': 198, 'kept': 176, 'upserted': 7, 'modified': 169}
--- StockTwits public symbol streams ---
Fetching StockTwits symbol: AAPL
status: 200
Fetching StockTwits symbol: MSFT
status: 200
Fetching StockTwits symbol: NVDA
status: 200
Fetching StockTwits symbol: AMZN
status: 200
Fetching StockTwits symbol: META
status: 200
Fetching StockTwits symbol: GOOGL
status: 200
Fetching StockTwits symbol: GOOG
status: 200
Fetching StockTwits symbol: TSLA
status: 200
Fetching StockTwits symbol: AVGO
status: 200
Fetching StockTwits symbol: AMD
status: 200
Fetching StockTwits symbol: ORCL
status: 200
Fetching StockTwits symbol: ADBE
status: 200
Fetching StockTwits symbol: CRM
status: 200
Fetching StockTwits symbol: NFLX
status: 200
Fetching StockTwits symbol: INTC
status: 200
Fetching StockTwits symbol: QCOM
status: 200
Fetching StockTwits symbol: TXN
status: 200
Fetching StockTwits symbol: MU
status: 200
Fetching StockTwits symbol: AMAT
status: 200
Fetching StockTwits symbol: LRCX
status: 200
{'seen': 600, 'kept': 541, 'upserted': 8, 'modified': 533}
===== 5m rolling social counts =====
{"ok":true,"counts":{"StockTwits":564,"Bluesky":188,"Reddit":17},"rows":[{"_id":"StockTwits","count":564},{"_id":"Bluesky","count":188},{"_id":"Reddit","count":17}],"total":769,"window_minutes":5,"since_sec":1781214820,"now_sec":1781215120}

===== PUBLIC SOCIAL COLLECTOR RUN Thu Jun 11 15:59:40 MDT 2026 =====
--- Reddit public finance RSS ---
Fetching https://www.reddit.com/r/stocks/new/.rss
Fetching https://www.reddit.com/r/StockMarket/new/.rss
Failed StockMarket: 429 Client Error: Too Many Requests for url: https://www.reddit.com/r/StockMarket/new/.rss
Fetching https://www.reddit.com/r/investing/new/.rss
Failed investing: 429 Client Error: Too Many Requests for url: https://www.reddit.com/r/investing/new/.rss
Fetching https://www.reddit.com/r/SecurityAnalysis/new/.rss
Failed SecurityAnalysis: 429 Client Error: Too Many Requests for url: https://www.reddit.com/r/SecurityAnalysis/new/.rss
{'seen': 15, 'kept': 15, 'upserted': 0, 'modified': 15}
--- Bluesky public search API ---
Fetching Bluesky query: stocks
status: 200
Fetching Bluesky query: earnings
status: 200
Fetching Bluesky query: stock market
status: 200
Fetching Bluesky query: short squeeze
status: 200
Fetching Bluesky query: IPO
status: 200
Fetching Bluesky query: merger acquisition
status: 200
Fetching Bluesky query: FDA approval stock
status: 200
Fetching Bluesky query: SEC investigation stock
status: 200
Fetching Bluesky query: options trading
status: 200
Fetching Bluesky query: $AAPL
status: 200
Fetching Bluesky query: $TSLA
status: 403
<html><body><h1>403 Forbidden</h1>
Request forbidden by administrative rules.
</body></html>


Fetching Bluesky query: $NVDA
status: 403
<html><body><h1>403 Forbidden</h1>
Request forbidden by administrative rules.
</body></html>


Fetching Bluesky query: $AMD
status: 403
<html><body><h1>403 Forbidden</h1>
Request forbidden by administrative rules.
</body></html>


{'seen': 198, 'kept': 176, 'upserted': 6, 'modified': 170}
--- StockTwits public symbol streams ---
Fetching StockTwits symbol: AAPL
status: 200
Fetching StockTwits symbol: MSFT
status: 200
Fetching StockTwits symbol: NVDA
status: 200
Fetching StockTwits symbol: AMZN
status: 200
Fetching StockTwits symbol: META
status: 200
Fetching StockTwits symbol: GOOGL
status: 200
Fetching StockTwits symbol: GOOG
status: 200
Fetching StockTwits symbol: TSLA
status: 200
Fetching StockTwits symbol: AVGO
status: 200
Fetching StockTwits symbol: AMD
status: 200
Fetching StockTwits symbol: ORCL
status: 200
Fetching StockTwits symbol: ADBE
status: 200
Fetching StockTwits symbol: CRM
status: 200
Fetching StockTwits symbol: NFLX
status: 200
Fetching StockTwits symbol: INTC
status: 200
Fetching StockTwits symbol: QCOM
status: 200
Fetching StockTwits symbol: TXN
status: 200
Fetching StockTwits symbol: MU
status: 200
Fetching StockTwits symbol: AMAT
status: 200
Fetching StockTwits symbol: LRCX
status: 200
{'seen': 600, 'kept': 539, 'upserted': 8, 'modified': 531}
===== 5m rolling social counts =====
{"ok":true,"counts":{"StockTwits":567,"Bluesky":192,"Reddit":17},"rows":[{"_id":"StockTwits","count":567},{"_id":"Bluesky","count":192},{"_id":"Reddit","count":17}],"total":776,"window_minutes":5,"since_sec":1781214895,"now_sec":1781215195}

===== PUBLIC SOCIAL COLLECTOR RUN Thu Jun 11 16:00:55 MDT 2026 =====
--- Reddit public finance RSS ---
Fetching https://www.reddit.com/r/stocks/new/.rss
Fetching https://www.reddit.com/r/StockMarket/new/.rss
Failed StockMarket: 429 Client Error: Too Many Requests for url: https://www.reddit.com/r/StockMarket/new/.rss
Fetching https://www.reddit.com/r/investing/new/.rss
Failed investing: 429 Client Error: Too Many Requests for url: https://www.reddit.com/r/investing/new/.rss
Fetching https://www.reddit.com/r/SecurityAnalysis/new/.rss
Failed SecurityAnalysis: 429 Client Error: Too Many Requests for url: https://www.reddit.com/r/SecurityAnalysis/new/.rss
{'seen': 15, 'kept': 15, 'upserted': 0, 'modified': 15}
--- Bluesky public search API ---
Fetching Bluesky query: stocks
status: 200
Fetching Bluesky query: earnings
status: 200
Fetching Bluesky query: stock market
status: 200
Fetching Bluesky query: short squeeze
status: 200
Fetching Bluesky query: IPO
status: 200
Fetching Bluesky query: merger acquisition
status: 200
Fetching Bluesky query: FDA approval stock
status: 200
Fetching Bluesky query: SEC investigation stock
status: 200
Fetching Bluesky query: options trading
status: 200
Fetching Bluesky query: $AAPL
status: 200
Fetching Bluesky query: $TSLA
status: 403
<html><body><h1>403 Forbidden</h1>
Request forbidden by administrative rules.
</body></html>


Fetching Bluesky query: $NVDA
status: 403
<html><body><h1>403 Forbidden</h1>
Request forbidden by administrative rules.
</body></html>


Fetching Bluesky query: $AMD
status: 403
<html><body><h1>403 Forbidden</h1>
Request forbidden by administrative rules.
</body></html>


{'seen': 198, 'kept': 177, 'upserted': 15, 'modified': 162}
--- StockTwits public symbol streams ---
Fetching StockTwits symbol: AAPL
status: 200
Fetching StockTwits symbol: MSFT
status: 200
Fetching StockTwits symbol: NVDA
status: 200
Fetching StockTwits symbol: AMZN
status: 200
Fetching StockTwits symbol: META
status: 200
Fetching StockTwits symbol: GOOGL
status: 200
Fetching StockTwits symbol: GOOG
status: 200
Fetching StockTwits symbol: TSLA
status: 200
Fetching StockTwits symbol: AVGO
status: 200
Fetching StockTwits symbol: AMD
status: 200
Fetching StockTwits symbol: ORCL
status: 200
Fetching StockTwits symbol: ADBE
status: 200
Fetching StockTwits symbol: CRM
status: 200
Fetching StockTwits symbol: NFLX
status: 200
Fetching StockTwits symbol: INTC
status: 200
Fetching StockTwits symbol: QCOM
status: 200
Fetching StockTwits symbol: TXN
status: 200
Fetching StockTwits symbol: MU
status: 200
Fetching StockTwits symbol: AMAT
status: 200
Fetching StockTwits symbol: LRCX
status: 200
{'seen': 600, 'kept': 539, 'upserted': 13, 'modified': 526}
===== 5m rolling social counts =====
{"ok":true,"counts":{"StockTwits":569,"Bluesky":204,"Reddit":16},"rows":[{"_id":"StockTwits","count":569},{"_id":"Bluesky","count":204},{"_id":"Reddit","count":16}],"total":789,"window_minutes":5,"since_sec":1781214970,"now_sec":1781215270}

===== PUBLIC SOCIAL COLLECTOR RUN Thu Jun 11 16:02:11 MDT 2026 =====
--- Reddit public finance RSS ---
Fetching https://www.reddit.com/r/stocks/new/.rss
Fetching https://www.reddit.com/r/StockMarket/new/.rss
Failed StockMarket: 429 Client Error: Too Many Requests for url: https://www.reddit.com/r/StockMarket/new/.rss
Fetching https://www.reddit.com/r/investing/new/.rss
Failed investing: 429 Client Error: Too Many Requests for url: https://www.reddit.com/r/investing/new/.rss
Fetching https://www.reddit.com/r/SecurityAnalysis/new/.rss
Failed SecurityAnalysis: 429 Client Error: Too Many Requests for url: https://www.reddit.com/r/SecurityAnalysis/new/.rss
{'seen': 15, 'kept': 15, 'upserted': 0, 'modified': 15}
--- Bluesky public search API ---
Fetching Bluesky query: stocks
status: 200
Fetching Bluesky query: earnings
status: 200
Fetching Bluesky query: stock market
status: 200
Fetching Bluesky query: short squeeze
status: 200
Fetching Bluesky query: IPO
status: 200
Fetching Bluesky query: merger acquisition
status: 200
Fetching Bluesky query: FDA approval stock
status: 200
Fetching Bluesky query: SEC investigation stock
status: 200
Fetching Bluesky query: options trading
status: 200
Fetching Bluesky query: $AAPL
status: 200
Fetching Bluesky query: $TSLA
status: 200
Fetching Bluesky query: $NVDA
status: 200
Fetching Bluesky query: $AMD
status: 200
{'seen': 258, 'kept': 206, 'upserted': 21, 'modified': 185}
--- StockTwits public symbol streams ---
Fetching StockTwits symbol: AAPL
status: 200
Fetching StockTwits symbol: MSFT
status: 200
Fetching StockTwits symbol: NVDA
status: 200
Fetching StockTwits symbol: AMZN
status: 200
Fetching StockTwits symbol: META
status: 200
Fetching StockTwits symbol: GOOGL
status: 200
Fetching StockTwits symbol: GOOG
status: 200
Fetching StockTwits symbol: TSLA
status: 200
Fetching StockTwits symbol: AVGO
status: 200
Fetching StockTwits symbol: AMD
status: 200
Fetching StockTwits symbol: ORCL
status: 200
Fetching StockTwits symbol: ADBE
status: 200
Fetching StockTwits symbol: CRM
status: 200
Fetching StockTwits symbol: NFLX
status: 200
Fetching StockTwits symbol: INTC
status: 200
Fetching StockTwits symbol: QCOM
status: 200
Fetching StockTwits symbol: TXN
status: 200
Fetching StockTwits symbol: MU
status: 200
Fetching StockTwits symbol: AMAT
status: 200
Fetching StockTwits symbol: LRCX
status: 200
{'seen': 600, 'kept': 539, 'upserted': 7, 'modified': 532}
===== 5m rolling social counts =====
{"ok":true,"counts":{"StockTwits":569,"Bluesky":246,"Reddit":15},"rows":[{"_id":"StockTwits","count":569},{"_id":"Bluesky","count":246},{"_id":"Reddit","count":15}],"total":830,"window_minutes":5,"since_sec":1781215054,"now_sec":1781215354}

===== PUBLIC SOCIAL COLLECTOR RUN Thu Jun 11 16:03:34 MDT 2026 =====
--- Reddit public finance RSS ---
Fetching https://www.reddit.com/r/stocks/new/.rss
Fetching https://www.reddit.com/r/StockMarket/new/.rss
Failed StockMarket: 429 Client Error: Too Many Requests for url: https://www.reddit.com/r/StockMarket/new/.rss
Fetching https://www.reddit.com/r/investing/new/.rss
Failed investing: 429 Client Error: Too Many Requests for url: https://www.reddit.com/r/investing/new/.rss
Fetching https://www.reddit.com/r/SecurityAnalysis/new/.rss
Failed SecurityAnalysis: 429 Client Error: Too Many Requests for url: https://www.reddit.com/r/SecurityAnalysis/new/.rss
{'seen': 15, 'kept': 15, 'upserted': 0, 'modified': 15}
--- Bluesky public search API ---
Fetching Bluesky query: stocks
status: 200
Fetching Bluesky query: earnings
status: 200
Fetching Bluesky query: stock market
status: 200
Fetching Bluesky query: short squeeze
status: 200
Fetching Bluesky query: IPO
status: 200
Fetching Bluesky query: merger acquisition
status: 200
Fetching Bluesky query: FDA approval stock
status: 200
Fetching Bluesky query: SEC investigation stock
status: 200
Fetching Bluesky query: options trading
status: 200
Fetching Bluesky query: $AAPL
status: 200
Fetching Bluesky query: $TSLA
status: 403
<html><body><h1>403 Forbidden</h1>
Request forbidden by administrative rules.
</body></html>


Fetching Bluesky query: $NVDA
status: 403
<html><body><h1>403 Forbidden</h1>
Request forbidden by administrative rules.
</body></html>


Fetching Bluesky query: $AMD
status: 403
<html><body><h1>403 Forbidden</h1>
Request forbidden by administrative rules.
</body></html>


{'seen': 198, 'kept': 173, 'upserted': 8, 'modified': 165}
--- StockTwits public symbol streams ---
Fetching StockTwits symbol: AAPL
status: 200
Fetching StockTwits symbol: MSFT
status: 200
Fetching StockTwits symbol: NVDA
status: 200
Fetching StockTwits symbol: AMZN
status: 200
Fetching StockTwits symbol: META
status: 200
Fetching StockTwits symbol: GOOGL
status: 200
Fetching StockTwits symbol: GOOG
status: 200
Fetching StockTwits symbol: TSLA
status: 200
Fetching StockTwits symbol: AVGO
status: 200
Fetching StockTwits symbol: AMD
status: 200
Fetching StockTwits symbol: ORCL
status: 200
Fetching StockTwits symbol: ADBE
status: 200
Fetching StockTwits symbol: CRM
status: 200
Fetching StockTwits symbol: NFLX
status: 200
Fetching StockTwits symbol: INTC
status: 200
Fetching StockTwits symbol: QCOM
status: 200
Fetching StockTwits symbol: TXN
status: 200
Fetching StockTwits symbol: MU
status: 200
Fetching StockTwits symbol: AMAT
status: 200
Fetching StockTwits symbol: LRCX
status: 200
{'seen': 600, 'kept': 538, 'upserted': 9, 'modified': 529}
===== 5m rolling social counts =====
{"ok":true,"counts":{"StockTwits":568,"Bluesky":248,"Reddit":15},"rows":[{"_id":"StockTwits","count":568},{"_id":"Bluesky","count":248},{"_id":"Reddit","count":15}],"total":831,"window_minutes":5,"since_sec":1781215130,"now_sec":1781215430}

===== PUBLIC SOCIAL COLLECTOR RUN Thu Jun 11 16:04:50 MDT 2026 =====
--- Reddit public finance RSS ---
Fetching https://www.reddit.com/r/stocks/new/.rss
Fetching https://www.reddit.com/r/StockMarket/new/.rss
Failed StockMarket: 429 Client Error: Too Many Requests for url: https://www.reddit.com/r/StockMarket/new/.rss
Fetching https://www.reddit.com/r/investing/new/.rss
Failed investing: 429 Client Error: Too Many Requests for url: https://www.reddit.com/r/investing/new/.rss
Fetching https://www.reddit.com/r/SecurityAnalysis/new/.rss
Failed SecurityAnalysis: 429 Client Error: Too Many Requests for url: https://www.reddit.com/r/SecurityAnalysis/new/.rss
{'seen': 15, 'kept': 15, 'upserted': 0, 'modified': 15}
--- Bluesky public search API ---
Fetching Bluesky query: stocks
status: 200
Fetching Bluesky query: earnings
status: 200
Fetching Bluesky query: stock market
status: 200
Fetching Bluesky query: short squeeze
status: 200
Fetching Bluesky query: IPO
status: 200
Fetching Bluesky query: merger acquisition
status: 200
Fetching Bluesky query: FDA approval stock
status: 200
Fetching Bluesky query: SEC investigation stock
status: 200
Fetching Bluesky query: options trading
status: 200
Fetching Bluesky query: $AAPL
status: 200
Fetching Bluesky query: $TSLA
status: 403
<html><body><h1>403 Forbidden</h1>
Request forbidden by administrative rules.
</body></html>


Fetching Bluesky query: $NVDA
status: 403
<html><body><h1>403 Forbidden</h1>
Request forbidden by administrative rules.
</body></html>


Fetching Bluesky query: $AMD
status: 403
<html><body><h1>403 Forbidden</h1>
Request forbidden by administrative rules.
</body></html>


{'seen': 199, 'kept': 174, 'upserted': 5, 'modified': 169}
--- StockTwits public symbol streams ---
Fetching StockTwits symbol: AAPL
status: 200
Fetching StockTwits symbol: MSFT
status: 200
Fetching StockTwits symbol: NVDA
status: 200
Fetching StockTwits symbol: AMZN
status: 200
Fetching StockTwits symbol: META
status: 200
Fetching StockTwits symbol: GOOGL
status: 200
Fetching StockTwits symbol: GOOG
status: 200
Fetching StockTwits symbol: TSLA
status: 200
Fetching StockTwits symbol: AVGO
status: 200
Fetching StockTwits symbol: AMD
status: 200
Fetching StockTwits symbol: ORCL
status: 200
Fetching StockTwits symbol: ADBE
status: 200
Fetching StockTwits symbol: CRM
status: 200
Fetching StockTwits symbol: NFLX
status: 200
Fetching StockTwits symbol: INTC
status: 200
Fetching StockTwits symbol: QCOM
status: 200
Fetching StockTwits symbol: TXN
status: 200
Fetching StockTwits symbol: MU
status: 200
Fetching StockTwits symbol: AMAT
status: 200
Fetching StockTwits symbol: LRCX
status: 200
{'seen': 600, 'kept': 540, 'upserted': 7, 'modified': 533}
===== 5m rolling social counts =====
{"ok":true,"counts":{"StockTwits":562,"Bluesky":239,"Reddit":15},"rows":[{"_id":"StockTwits","count":562},{"_id":"Bluesky","count":239},{"_id":"Reddit","count":15}],"total":816,"window_minutes":5,"since_sec":1781215206,"now_sec":1781215506}

===== PUBLIC SOCIAL COLLECTOR RUN Thu Jun 11 16:06:06 MDT 2026 =====
--- Reddit public finance RSS ---
Fetching https://www.reddit.com/r/stocks/new/.rss
Fetching https://www.reddit.com/r/StockMarket/new/.rss
Failed StockMarket: 429 Client Error: Too Many Requests for url: https://www.reddit.com/r/StockMarket/new/.rss
Fetching https://www.reddit.com/r/investing/new/.rss
Failed investing: 429 Client Error: Too Many Requests for url: https://www.reddit.com/r/investing/new/.rss
Fetching https://www.reddit.com/r/SecurityAnalysis/new/.rss
Failed SecurityAnalysis: 429 Client Error: Too Many Requests for url: https://www.reddit.com/r/SecurityAnalysis/new/.rss
{'seen': 15, 'kept': 15, 'upserted': 0, 'modified': 15}
--- Bluesky public search API ---
Fetching Bluesky query: stocks
status: 200
Fetching Bluesky query: earnings
status: 200
Fetching Bluesky query: stock market
status: 200
Fetching Bluesky query: short squeeze
status: 200
Fetching Bluesky query: IPO
status: 200
Fetching Bluesky query: merger acquisition
status: 200
Fetching Bluesky query: FDA approval stock
status: 200
Fetching Bluesky query: SEC investigation stock
status: 200
Fetching Bluesky query: options trading
status: 200
Fetching Bluesky query: $AAPL
status: 200
Fetching Bluesky query: $TSLA
status: 403
<html><body><h1>403 Forbidden</h1>
Request forbidden by administrative rules.
</body></html>


Fetching Bluesky query: $NVDA
status: 403
<html><body><h1>403 Forbidden</h1>
Request forbidden by administrative rules.
</body></html>


Fetching Bluesky query: $AMD
status: 403
<html><body><h1>403 Forbidden</h1>
Request forbidden by administrative rules.
</body></html>


{'seen': 199, 'kept': 174, 'upserted': 4, 'modified': 170}
--- StockTwits public symbol streams ---
Fetching StockTwits symbol: AAPL
status: 200
Fetching StockTwits symbol: MSFT
status: 200
Fetching StockTwits symbol: NVDA
status: 200
Fetching StockTwits symbol: AMZN
status: 200
Fetching StockTwits symbol: META
status: 200
Fetching StockTwits symbol: GOOGL
status: 200
Fetching StockTwits symbol: GOOG
status: 200
Fetching StockTwits symbol: TSLA
status: 200
Fetching StockTwits symbol: AVGO
status: 200
Fetching StockTwits symbol: AMD
status: 200
Fetching StockTwits symbol: ORCL
status: 200
Fetching StockTwits symbol: ADBE
status: 200
Fetching StockTwits symbol: CRM
status: 200
Fetching StockTwits symbol: NFLX
status: 200
Fetching StockTwits symbol: INTC
status: 200
Fetching StockTwits symbol: QCOM
status: 200
Fetching StockTwits symbol: TXN
status: 200
Fetching StockTwits symbol: MU
status: 200
Fetching StockTwits symbol: AMAT
status: 200
Fetching StockTwits symbol: LRCX
status: 200
{'seen': 600, 'kept': 540, 'upserted': 10, 'modified': 530}
===== 5m rolling social counts =====
{"ok":true,"counts":{"StockTwits":565,"Bluesky":223,"Reddit":15},"rows":[{"_id":"StockTwits","count":565},{"_id":"Bluesky","count":223},{"_id":"Reddit","count":15}],"total":803,"window_minutes":5,"since_sec":1781215282,"now_sec":1781215582}

===== PUBLIC SOCIAL COLLECTOR RUN Thu Jun 11 16:07:22 MDT 2026 =====
--- Reddit public finance RSS ---
Fetching https://www.reddit.com/r/stocks/new/.rss
Fetching https://www.reddit.com/r/StockMarket/new/.rss
Failed StockMarket: 429 Client Error: Too Many Requests for url: https://www.reddit.com/r/StockMarket/new/.rss
Fetching https://www.reddit.com/r/investing/new/.rss
Failed investing: 429 Client Error: Too Many Requests for url: https://www.reddit.com/r/investing/new/.rss
Fetching https://www.reddit.com/r/SecurityAnalysis/new/.rss
Failed SecurityAnalysis: 429 Client Error: Too Many Requests for url: https://www.reddit.com/r/SecurityAnalysis/new/.rss
{'seen': 15, 'kept': 15, 'upserted': 0, 'modified': 15}
--- Bluesky public search API ---
Fetching Bluesky query: stocks
status: 200
Fetching Bluesky query: earnings
status: 200
Fetching Bluesky query: stock market
status: 200
Fetching Bluesky query: short squeeze
status: 200
Fetching Bluesky query: IPO
status: 200
Fetching Bluesky query: merger acquisition
status: 200
Fetching Bluesky query: FDA approval stock
status: 200
Fetching Bluesky query: SEC investigation stock
status: 200
Fetching Bluesky query: options trading
status: 200
Fetching Bluesky query: $AAPL
status: 200
Fetching Bluesky query: $TSLA
status: 403
<html><body><h1>403 Forbidden</h1>
Request forbidden by administrative rules.
</body></html>


Fetching Bluesky query: $NVDA
status: 403
<html><body><h1>403 Forbidden</h1>
Request forbidden by administrative rules.
</body></html>


Fetching Bluesky query: $AMD
status: 403
<html><body><h1>403 Forbidden</h1>
Request forbidden by administrative rules.
</body></html>


{'seen': 199, 'kept': 175, 'upserted': 8, 'modified': 167}
--- StockTwits public symbol streams ---
Fetching StockTwits symbol: AAPL
status: 200
Fetching StockTwits symbol: MSFT
status: 200
Fetching StockTwits symbol: NVDA
status: 200
Fetching StockTwits symbol: AMZN
status: 200
Fetching StockTwits symbol: META
status: 200
Fetching StockTwits symbol: GOOGL
status: 200
Fetching StockTwits symbol: GOOG
status: 200
Fetching StockTwits symbol: TSLA
status: 200
Fetching StockTwits symbol: AVGO
status: 200
Fetching StockTwits symbol: AMD
status: 200
Fetching StockTwits symbol: ORCL
status: 200
Fetching StockTwits symbol: ADBE
status: 200
Fetching StockTwits symbol: CRM
status: 200
Fetching StockTwits symbol: NFLX
status: 200
Fetching StockTwits symbol: INTC
status: 200
Fetching StockTwits symbol: QCOM
status: 200
Fetching StockTwits symbol: TXN
status: 200
Fetching StockTwits symbol: MU
status: 200
Fetching StockTwits symbol: AMAT
status: 200
Fetching StockTwits symbol: LRCX
status: 200
{'seen': 600, 'kept': 541, 'upserted': 13, 'modified': 528}
===== 5m rolling social counts =====
{"ok":true,"counts":{"StockTwits":568,"Bluesky":190,"Reddit":15},"rows":[{"_id":"StockTwits","count":568},{"_id":"Bluesky","count":190},{"_id":"Reddit","count":15}],"total":773,"window_minutes":5,"since_sec":1781215356,"now_sec":1781215656}

===== PUBLIC SOCIAL COLLECTOR RUN Thu Jun 11 16:08:36 MDT 2026 =====
--- Reddit public finance RSS ---
Fetching https://www.reddit.com/r/stocks/new/.rss
Fetching https://www.reddit.com/r/StockMarket/new/.rss
Failed StockMarket: 429 Client Error: Too Many Requests for url: https://www.reddit.com/r/StockMarket/new/.rss
Fetching https://www.reddit.com/r/investing/new/.rss
Failed investing: 429 Client Error: Too Many Requests for url: https://www.reddit.com/r/investing/new/.rss
Fetching https://www.reddit.com/r/SecurityAnalysis/new/.rss
Failed SecurityAnalysis: 429 Client Error: Too Many Requests for url: https://www.reddit.com/r/SecurityAnalysis/new/.rss
{'seen': 15, 'kept': 15, 'upserted': 0, 'modified': 15}
--- Bluesky public search API ---
Fetching Bluesky query: stocks
status: 200
Fetching Bluesky query: earnings
status: 200
Fetching Bluesky query: stock market
status: 200
Fetching Bluesky query: short squeeze
status: 200
Fetching Bluesky query: IPO
status: 200
Fetching Bluesky query: merger acquisition
status: 200
Fetching Bluesky query: FDA approval stock
status: 200
Fetching Bluesky query: SEC investigation stock
status: 200
Fetching Bluesky query: options trading
status: 200
Fetching Bluesky query: $AAPL
status: 200
Fetching Bluesky query: $TSLA
status: 403
<html><body><h1>403 Forbidden</h1>
Request forbidden by administrative rules.
</body></html>


Fetching Bluesky query: $NVDA
status: 403
<html><body><h1>403 Forbidden</h1>
Request forbidden by administrative rules.
</body></html>


Fetching Bluesky query: $AMD
status: 403
<html><body><h1>403 Forbidden</h1>
Request forbidden by administrative rules.
</body></html>


{'seen': 199, 'kept': 178, 'upserted': 4, 'modified': 174}
--- StockTwits public symbol streams ---
Fetching StockTwits symbol: AAPL
status: 200
Fetching StockTwits symbol: MSFT
status: 200
Fetching StockTwits symbol: NVDA
status: 200
Fetching StockTwits symbol: AMZN
status: 200
Fetching StockTwits symbol: META
status: 200
Fetching StockTwits symbol: GOOGL
status: 200
Fetching StockTwits symbol: GOOG
status: 200
Fetching StockTwits symbol: TSLA
status: 200
Fetching StockTwits symbol: AVGO
status: 200
Fetching StockTwits symbol: AMD
status: 200
Fetching StockTwits symbol: ORCL
status: 200
Fetching StockTwits symbol: ADBE
status: 200
Fetching StockTwits symbol: CRM
status: 200
Fetching StockTwits symbol: NFLX
status: 200
Fetching StockTwits symbol: INTC
status: 200
Fetching StockTwits symbol: QCOM
status: 200
Fetching StockTwits symbol: TXN
status: 200
Fetching StockTwits symbol: MU
status: 200
Fetching StockTwits symbol: AMAT
status: 200
Fetching StockTwits symbol: LRCX
status: 200
{'seen': 600, 'kept': 540, 'upserted': 6, 'modified': 534}
===== 5m rolling social counts =====
{"ok":true,"counts":{"StockTwits":569,"Bluesky":190,"Reddit":15},"rows":[{"_id":"StockTwits","count":569},{"_id":"Bluesky","count":190},{"_id":"Reddit","count":15}],"total":774,"window_minutes":5,"since_sec":1781215431,"now_sec":1781215731}

===== PUBLIC SOCIAL COLLECTOR RUN Thu Jun 11 16:09:51 MDT 2026 =====
--- Reddit public finance RSS ---
Fetching https://www.reddit.com/r/stocks/new/.rss
Fetching https://www.reddit.com/r/StockMarket/new/.rss
Failed StockMarket: 429 Client Error: Too Many Requests for url: https://www.reddit.com/r/StockMarket/new/.rss
Fetching https://www.reddit.com/r/investing/new/.rss
Failed investing: 429 Client Error: Too Many Requests for url: https://www.reddit.com/r/investing/new/.rss
Fetching https://www.reddit.com/r/SecurityAnalysis/new/.rss
Failed SecurityAnalysis: 429 Client Error: Too Many Requests for url: https://www.reddit.com/r/SecurityAnalysis/new/.rss
{'seen': 15, 'kept': 15, 'upserted': 0, 'modified': 15}
--- Bluesky public search API ---
Fetching Bluesky query: stocks
status: 200
Fetching Bluesky query: earnings
status: 200
Fetching Bluesky query: stock market
status: 200
Fetching Bluesky query: short squeeze
status: 200
Fetching Bluesky query: IPO
status: 200
Fetching Bluesky query: merger acquisition
status: 200
Fetching Bluesky query: FDA approval stock
status: 200
Fetching Bluesky query: SEC investigation stock
status: 200
Fetching Bluesky query: options trading
status: 200
Fetching Bluesky query: $AAPL
status: 200
Fetching Bluesky query: $TSLA
status: 403
<html><body><h1>403 Forbidden</h1>
Request forbidden by administrative rules.
</body></html>


Fetching Bluesky query: $NVDA
status: 403
<html><body><h1>403 Forbidden</h1>
Request forbidden by administrative rules.
</body></html>


Fetching Bluesky query: $AMD
status: 403
<html><body><h1>403 Forbidden</h1>
Request forbidden by administrative rules.
</body></html>


{'seen': 199, 'kept': 178, 'upserted': 7, 'modified': 171}
--- StockTwits public symbol streams ---
Fetching StockTwits symbol: AAPL
status: 200
Fetching StockTwits symbol: MSFT
status: 200
Fetching StockTwits symbol: NVDA
status: 200
Fetching StockTwits symbol: AMZN
status: 200
Fetching StockTwits symbol: META
status: 200
Fetching StockTwits symbol: GOOGL
status: 200
Fetching StockTwits symbol: GOOG
status: 200
Fetching StockTwits symbol: TSLA
status: 200
Fetching StockTwits symbol: AVGO
status: 200
Fetching StockTwits symbol: AMD
status: 200
Fetching StockTwits symbol: ORCL
status: 200
Fetching StockTwits symbol: ADBE
status: 200
Fetching StockTwits symbol: CRM
status: 200
Fetching StockTwits symbol: NFLX
status: 200
Fetching StockTwits symbol: INTC
status: 200
Fetching StockTwits symbol: QCOM
status: 200
Fetching StockTwits symbol: TXN
status: 200
Fetching StockTwits symbol: MU
status: 200
Fetching StockTwits symbol: AMAT
status: 200
Fetching StockTwits symbol: LRCX
status: 200
{'seen': 600, 'kept': 544, 'upserted': 16, 'modified': 528}
===== 5m rolling social counts =====
{"ok":true,"counts":{"StockTwits":575,"Bluesky":193,"Reddit":15},"rows":[{"_id":"StockTwits","count":575},{"_id":"Bluesky","count":193},{"_id":"Reddit","count":15}],"total":783,"window_minutes":5,"since_sec":1781215507,"now_sec":1781215807}

===== PUBLIC SOCIAL COLLECTOR RUN Thu Jun 11 16:11:07 MDT 2026 =====
--- Reddit public finance RSS ---
Fetching https://www.reddit.com/r/stocks/new/.rss
Fetching https://www.reddit.com/r/StockMarket/new/.rss
Failed StockMarket: 429 Client Error: Too Many Requests for url: https://www.reddit.com/r/StockMarket/new/.rss
Fetching https://www.reddit.com/r/investing/new/.rss
Failed investing: 429 Client Error: Too Many Requests for url: https://www.reddit.com/r/investing/new/.rss
Fetching https://www.reddit.com/r/SecurityAnalysis/new/.rss
Failed SecurityAnalysis: 429 Client Error: Too Many Requests for url: https://www.reddit.com/r/SecurityAnalysis/new/.rss
{'seen': 15, 'kept': 15, 'upserted': 0, 'modified': 15}
--- Bluesky public search API ---
Fetching Bluesky query: stocks
status: 200
Fetching Bluesky query: earnings
status: 200
Fetching Bluesky query: stock market
status: 200
Fetching Bluesky query: short squeeze
status: 200
Fetching Bluesky query: IPO
status: 200
Fetching Bluesky query: merger acquisition
status: 200
Fetching Bluesky query: FDA approval stock
status: 200
Fetching Bluesky query: SEC investigation stock
status: 200
Fetching Bluesky query: options trading
status: 200
Fetching Bluesky query: $AAPL
status: 200
Fetching Bluesky query: $TSLA
status: 403
<html><body><h1>403 Forbidden</h1>
Request forbidden by administrative rules.
</body></html>


Fetching Bluesky query: $NVDA
status: 403
<html><body><h1>403 Forbidden</h1>
Request forbidden by administrative rules.
</body></html>


Fetching Bluesky query: $AMD
status: 403
<html><body><h1>403 Forbidden</h1>
Request forbidden by administrative rules.
</body></html>


{'seen': 199, 'kept': 177, 'upserted': 8, 'modified': 169}
--- StockTwits public symbol streams ---
Fetching StockTwits symbol: AAPL
status: 200
Fetching StockTwits symbol: MSFT
status: 200
Fetching StockTwits symbol: NVDA
status: 200
Fetching StockTwits symbol: AMZN
status: 200
Fetching StockTwits symbol: META
status: 200
Fetching StockTwits symbol: GOOGL
status: 200
Fetching StockTwits symbol: GOOG
status: 200
Fetching StockTwits symbol: TSLA
status: 200
Fetching StockTwits symbol: AVGO
status: 200
Fetching StockTwits symbol: AMD
status: 200
Fetching StockTwits symbol: ORCL
status: 200
Fetching StockTwits symbol: ADBE
status: 200
Fetching StockTwits symbol: CRM
status: 200
Fetching StockTwits symbol: NFLX
status: 200
Fetching StockTwits symbol: INTC
status: 200
Fetching StockTwits symbol: QCOM
status: 200
Fetching StockTwits symbol: TXN
status: 200
Fetching StockTwits symbol: MU
status: 200
Fetching StockTwits symbol: AMAT
status: 200
Fetching StockTwits symbol: LRCX
status: 200
{'seen': 600, 'kept': 545, 'upserted': 8, 'modified': 537}
===== 5m rolling social counts =====
{"ok":true,"counts":{"StockTwits":571,"Bluesky":194,"Reddit":15},"rows":[{"_id":"StockTwits","count":571},{"_id":"Bluesky","count":194},{"_id":"Reddit","count":15}],"total":780,"window_minutes":5,"since_sec":1781215582,"now_sec":1781215882}

===== PUBLIC SOCIAL COLLECTOR RUN Thu Jun 11 16:12:22 MDT 2026 =====
--- Reddit public finance RSS ---
Fetching https://www.reddit.com/r/stocks/new/.rss
Fetching https://www.reddit.com/r/StockMarket/new/.rss
Failed StockMarket: 429 Client Error: Too Many Requests for url: https://www.reddit.com/r/StockMarket/new/.rss
Fetching https://www.reddit.com/r/investing/new/.rss
Failed investing: 429 Client Error: Too Many Requests for url: https://www.reddit.com/r/investing/new/.rss
Fetching https://www.reddit.com/r/SecurityAnalysis/new/.rss
Failed SecurityAnalysis: 429 Client Error: Too Many Requests for url: https://www.reddit.com/r/SecurityAnalysis/new/.rss
{'seen': 15, 'kept': 15, 'upserted': 0, 'modified': 15}
--- Bluesky public search API ---
Fetching Bluesky query: stocks
status: 200
Fetching Bluesky query: earnings
status: 200
Fetching Bluesky query: stock market
status: 200
Fetching Bluesky query: short squeeze
status: 200
Fetching Bluesky query: IPO
status: 200
Fetching Bluesky query: merger acquisition
status: 200
Fetching Bluesky query: FDA approval stock
status: 200
Fetching Bluesky query: SEC investigation stock
status: 200
Fetching Bluesky query: options trading
status: 200
Fetching Bluesky query: $AAPL
status: 200
Fetching Bluesky query: $TSLA
status: 403
<html><body><h1>403 Forbidden</h1>
Request forbidden by administrative rules.
</body></html>


Fetching Bluesky query: $NVDA
status: 403
<html><body><h1>403 Forbidden</h1>
Request forbidden by administrative rules.
</body></html>


Fetching Bluesky query: $AMD
status: 403
<html><body><h1>403 Forbidden</h1>
Request forbidden by administrative rules.
</body></html>


{'seen': 199, 'kept': 176, 'upserted': 2, 'modified': 174}
--- StockTwits public symbol streams ---
Fetching StockTwits symbol: AAPL
status: 200
Fetching StockTwits symbol: MSFT
status: 200
Fetching StockTwits symbol: NVDA
status: 200
Fetching StockTwits symbol: AMZN
status: 200
Fetching StockTwits symbol: META
status: 200
Fetching StockTwits symbol: GOOGL
status: 200
Fetching StockTwits symbol: GOOG
status: 200
Fetching StockTwits symbol: TSLA
status: 200
Fetching StockTwits symbol: AVGO
status: 200
Fetching StockTwits symbol: AMD
status: 200
Fetching StockTwits symbol: ORCL
status: 200
Fetching StockTwits symbol: ADBE
status: 200
Fetching StockTwits symbol: CRM
status: 200
Fetching StockTwits symbol: NFLX
status: 200
Fetching StockTwits symbol: INTC
status: 200
Fetching StockTwits symbol: QCOM
status: 200
Fetching StockTwits symbol: TXN
status: 200
Fetching StockTwits symbol: MU
status: 200
Fetching StockTwits symbol: AMAT
status: 200
Fetching StockTwits symbol: LRCX
status: 200
{'seen': 600, 'kept': 546, 'upserted': 8, 'modified': 538}
===== 5m rolling social counts =====
{"ok":true,"counts":{"StockTwits":572,"Bluesky":195,"Reddit":15},"rows":[{"_id":"StockTwits","count":572},{"_id":"Bluesky","count":195},{"_id":"Reddit","count":15}],"total":782,"window_minutes":5,"since_sec":1781215657,"now_sec":1781215957}

===== PUBLIC SOCIAL COLLECTOR RUN Thu Jun 11 16:13:37 MDT 2026 =====
--- Reddit public finance RSS ---
Fetching https://www.reddit.com/r/stocks/new/.rss
Fetching https://www.reddit.com/r/StockMarket/new/.rss
Failed StockMarket: 429 Client Error: Too Many Requests for url: https://www.reddit.com/r/StockMarket/new/.rss
Fetching https://www.reddit.com/r/investing/new/.rss
Failed investing: 429 Client Error: Too Many Requests for url: https://www.reddit.com/r/investing/new/.rss
Fetching https://www.reddit.com/r/SecurityAnalysis/new/.rss
Failed SecurityAnalysis: 429 Client Error: Too Many Requests for url: https://www.reddit.com/r/SecurityAnalysis/new/.rss
{'seen': 15, 'kept': 15, 'upserted': 0, 'modified': 15}
--- Bluesky public search API ---
Fetching Bluesky query: stocks
status: 200
Fetching Bluesky query: earnings
status: 200
Fetching Bluesky query: stock market
status: 200
Fetching Bluesky query: short squeeze
status: 200
Fetching Bluesky query: IPO
status: 200
Fetching Bluesky query: merger acquisition
status: 200
Fetching Bluesky query: FDA approval stock
status: 200
Fetching Bluesky query: SEC investigation stock
status: 200
Fetching Bluesky query: options trading
status: 200
Fetching Bluesky query: $AAPL
status: 200
Fetching Bluesky query: $TSLA
status: 403
<html><body><h1>403 Forbidden</h1>
Request forbidden by administrative rules.
</body></html>


Fetching Bluesky query: $NVDA
status: 403
<html><body><h1>403 Forbidden</h1>
Request forbidden by administrative rules.
</body></html>


Fetching Bluesky query: $AMD
status: 403
<html><body><h1>403 Forbidden</h1>
Request forbidden by administrative rules.
</body></html>


{'seen': 199, 'kept': 176, 'upserted': 2, 'modified': 174}
--- StockTwits public symbol streams ---
Fetching StockTwits symbol: AAPL
status: 200
Fetching StockTwits symbol: MSFT
status: 200
Fetching StockTwits symbol: NVDA
status: 200
Fetching StockTwits symbol: AMZN
status: 200
Fetching StockTwits symbol: META
status: 200
Fetching StockTwits symbol: GOOGL
status: 200
Fetching StockTwits symbol: GOOG
status: 200
Fetching StockTwits symbol: TSLA
status: 200
Fetching StockTwits symbol: AVGO
status: 200
Fetching StockTwits symbol: AMD
status: 200
Fetching StockTwits symbol: ORCL
status: 200
Fetching StockTwits symbol: ADBE
status: 200
Fetching StockTwits symbol: CRM
status: 200
Fetching StockTwits symbol: NFLX
status: 200
Fetching StockTwits symbol: INTC
status: 200
Fetching StockTwits symbol: QCOM
status: 200
Fetching StockTwits symbol: TXN
status: 200
Fetching StockTwits symbol: MU
status: 200
Fetching StockTwits symbol: AMAT
status: 200
Fetching StockTwits symbol: LRCX
status: 200
{'seen': 600, 'kept': 545, 'upserted': 10, 'modified': 535}
===== 5m rolling social counts =====
{"ok":true,"counts":{"StockTwits":570,"Bluesky":190,"Reddit":15},"rows":[{"_id":"StockTwits","count":570},{"_id":"Bluesky","count":190},{"_id":"Reddit","count":15}],"total":775,"window_minutes":5,"since_sec":1781215734,"now_sec":1781216035}

===== PUBLIC SOCIAL COLLECTOR RUN Thu Jun 11 16:14:55 MDT 2026 =====
--- Reddit public finance RSS ---
Fetching https://www.reddit.com/r/stocks/new/.rss
Fetching https://www.reddit.com/r/StockMarket/new/.rss
Failed StockMarket: 429 Client Error: Too Many Requests for url: https://www.reddit.com/r/StockMarket/new/.rss
Fetching https://www.reddit.com/r/investing/new/.rss
Failed investing: 429 Client Error: Too Many Requests for url: https://www.reddit.com/r/investing/new/.rss
Fetching https://www.reddit.com/r/SecurityAnalysis/new/.rss
Failed SecurityAnalysis: 429 Client Error: Too Many Requests for url: https://www.reddit.com/r/SecurityAnalysis/new/.rss
{'seen': 15, 'kept': 15, 'upserted': 0, 'modified': 15}
--- Bluesky public search API ---
Fetching Bluesky query: stocks
status: 200
Fetching Bluesky query: earnings
status: 200
Fetching Bluesky query: stock market
status: 200
Fetching Bluesky query: short squeeze
status: 200
Fetching Bluesky query: IPO
status: 200
Fetching Bluesky query: merger acquisition
status: 200
Fetching Bluesky query: FDA approval stock
status: 200
Fetching Bluesky query: SEC investigation stock
status: 200
Fetching Bluesky query: options trading
status: 200
Fetching Bluesky query: $AAPL
status: 200
Fetching Bluesky query: $TSLA
status: 403
<html><body><h1>403 Forbidden</h1>
Request forbidden by administrative rules.
</body></html>


Fetching Bluesky query: $NVDA
status: 403
<html><body><h1>403 Forbidden</h1>
Request forbidden by administrative rules.
</body></html>


Fetching Bluesky query: $AMD
status: 403
<html><body><h1>403 Forbidden</h1>
Request forbidden by administrative rules.
</body></html>


{'seen': 199, 'kept': 175, 'upserted': 4, 'modified': 171}
--- StockTwits public symbol streams ---
Fetching StockTwits symbol: AAPL
status: 200
Fetching StockTwits symbol: MSFT
status: 200
Fetching StockTwits symbol: NVDA
status: 200
Fetching StockTwits symbol: AMZN
status: 200
Fetching StockTwits symbol: META
status: 200
Fetching StockTwits symbol: GOOGL
status: 200
Fetching StockTwits symbol: GOOG
status: 200
Fetching StockTwits symbol: TSLA
status: 200
Fetching StockTwits symbol: AVGO
status: 200
Fetching StockTwits symbol: AMD
status: 200
Fetching StockTwits symbol: ORCL
status: 200
Fetching StockTwits symbol: ADBE
status: 200
Fetching StockTwits symbol: CRM
status: 200
Fetching StockTwits symbol: NFLX
status: 200
Fetching StockTwits symbol: INTC
status: 200
Fetching StockTwits symbol: QCOM
status: 200
Fetching StockTwits symbol: TXN
status: 200
Fetching StockTwits symbol: MU
status: 200
Fetching StockTwits symbol: AMAT
status: 200
Fetching StockTwits symbol: LRCX
status: 200
{'seen': 600, 'kept': 546, 'upserted': 12, 'modified': 534}
===== 5m rolling social counts =====
{"ok":true,"counts":{"StockTwits":575,"Bluesky":185,"Reddit":15},"rows":[{"_id":"StockTwits","count":575},{"_id":"Bluesky","count":185},{"_id":"Reddit","count":15}],"total":775,"window_minutes":5,"since_sec":1781215810,"now_sec":1781216110}

===== PUBLIC SOCIAL COLLECTOR RUN Thu Jun 11 16:16:10 MDT 2026 =====
--- Reddit public finance RSS ---
Fetching https://www.reddit.com/r/stocks/new/.rss
Fetching https://www.reddit.com/r/StockMarket/new/.rss
Failed StockMarket: 429 Client Error: Too Many Requests for url: https://www.reddit.com/r/StockMarket/new/.rss
Fetching https://www.reddit.com/r/investing/new/.rss
Failed investing: 429 Client Error: Too Many Requests for url: https://www.reddit.com/r/investing/new/.rss
Fetching https://www.reddit.com/r/SecurityAnalysis/new/.rss
Failed SecurityAnalysis: 429 Client Error: Too Many Requests for url: https://www.reddit.com/r/SecurityAnalysis/new/.rss
{'seen': 15, 'kept': 15, 'upserted': 1, 'modified': 14}
--- Bluesky public search API ---
Fetching Bluesky query: stocks
status: 200
Fetching Bluesky query: earnings
status: 200
Fetching Bluesky query: stock market
status: 200
Fetching Bluesky query: short squeeze
status: 200
Fetching Bluesky query: IPO
status: 200
Fetching Bluesky query: merger acquisition
status: 200
Fetching Bluesky query: FDA approval stock
status: 200
Fetching Bluesky query: SEC investigation stock
status: 200
Fetching Bluesky query: options trading
status: 200
Fetching Bluesky query: $AAPL
status: 200
Fetching Bluesky query: $TSLA
status: 403
<html><body><h1>403 Forbidden</h1>
Request forbidden by administrative rules.
</body></html>


Fetching Bluesky query: $NVDA
status: 403
<html><body><h1>403 Forbidden</h1>
Request forbidden by administrative rules.
</body></html>


Fetching Bluesky query: $AMD
status: 403
<html><body><h1>403 Forbidden</h1>
Request forbidden by administrative rules.
</body></html>


{'seen': 199, 'kept': 174, 'upserted': 15, 'modified': 159}
--- StockTwits public symbol streams ---
Fetching StockTwits symbol: AAPL
status: 200
Fetching StockTwits symbol: MSFT
status: 200
Fetching StockTwits symbol: NVDA
status: 200
Fetching StockTwits symbol: AMZN
status: 200
Fetching StockTwits symbol: META
status: 200
Fetching StockTwits symbol: GOOGL
status: 200
Fetching StockTwits symbol: GOOG
status: 200
Fetching StockTwits symbol: TSLA
status: 200
Fetching StockTwits symbol: AVGO
status: 200
Fetching StockTwits symbol: AMD
status: 200
Fetching StockTwits symbol: ORCL
status: 200
Fetching StockTwits symbol: ADBE
status: 200
Fetching StockTwits symbol: CRM
status: 200
Fetching StockTwits symbol: NFLX
status: 200
Fetching StockTwits symbol: INTC
status: 200
Fetching StockTwits symbol: QCOM
status: 200
Fetching StockTwits symbol: TXN
status: 200
Fetching StockTwits symbol: MU
status: 200
Fetching StockTwits symbol: AMAT
status: 200
Fetching StockTwits symbol: LRCX
status: 200
{'seen': 600, 'kept': 545, 'upserted': 13, 'modified': 532}
===== 5m rolling social counts =====
{"ok":true,"counts":{"StockTwits":581,"Bluesky":197,"Reddit":16},"rows":[{"_id":"StockTwits","count":581},{"_id":"Bluesky","count":197},{"_id":"Reddit","count":16}],"total":794,"window_minutes":5,"since_sec":1781215888,"now_sec":1781216188}

===== PUBLIC SOCIAL COLLECTOR RUN Thu Jun 11 16:17:28 MDT 2026 =====
--- Reddit public finance RSS ---
Fetching https://www.reddit.com/r/stocks/new/.rss
Fetching https://www.reddit.com/r/StockMarket/new/.rss
Failed StockMarket: 429 Client Error: Too Many Requests for url: https://www.reddit.com/r/StockMarket/new/.rss
Fetching https://www.reddit.com/r/investing/new/.rss
Failed investing: 429 Client Error: Too Many Requests for url: https://www.reddit.com/r/investing/new/.rss
Fetching https://www.reddit.com/r/SecurityAnalysis/new/.rss
Failed SecurityAnalysis: 429 Client Error: Too Many Requests for url: https://www.reddit.com/r/SecurityAnalysis/new/.rss
{'seen': 15, 'kept': 15, 'upserted': 0, 'modified': 15}
--- Bluesky public search API ---
Fetching Bluesky query: stocks
status: 200
Fetching Bluesky query: earnings
status: 200
Fetching Bluesky query: stock market
status: 200
Fetching Bluesky query: short squeeze
status: 200
Fetching Bluesky query: IPO
status: 200
Fetching Bluesky query: merger acquisition
status: 200
Fetching Bluesky query: FDA approval stock
status: 200
Fetching Bluesky query: SEC investigation stock
status: 200
Fetching Bluesky query: options trading
status: 200
Fetching Bluesky query: $AAPL
status: 200
Fetching Bluesky query: $TSLA
status: 403
<html><body><h1>403 Forbidden</h1>
Request forbidden by administrative rules.
</body></html>


Fetching Bluesky query: $NVDA
status: 403
<html><body><h1>403 Forbidden</h1>
Request forbidden by administrative rules.
</body></html>


Fetching Bluesky query: $AMD
status: 403
<html><body><h1>403 Forbidden</h1>
Request forbidden by administrative rules.
</body></html>


{'seen': 199, 'kept': 174, 'upserted': 6, 'modified': 168}
--- StockTwits public symbol streams ---
Fetching StockTwits symbol: AAPL
status: 200
Fetching StockTwits symbol: MSFT
status: 200
Fetching StockTwits symbol: NVDA
status: 200
Fetching StockTwits symbol: AMZN
status: 200
Fetching StockTwits symbol: META
status: 200
Fetching StockTwits symbol: GOOGL
status: 200
Fetching StockTwits symbol: GOOG
status: 200
Fetching StockTwits symbol: TSLA
status: 200
Fetching StockTwits symbol: AVGO
status: 200
Fetching StockTwits symbol: AMD
status: 200
Fetching StockTwits symbol: ORCL
status: 200
Fetching StockTwits symbol: ADBE
status: 200
Fetching StockTwits symbol: CRM
status: 200
Fetching StockTwits symbol: NFLX
status: 200
Fetching StockTwits symbol: INTC
status: 200
Fetching StockTwits symbol: QCOM
status: 200
Fetching StockTwits symbol: TXN
status: 200
Fetching StockTwits symbol: MU
status: 200
Fetching StockTwits symbol: AMAT
status: 200
Fetching StockTwits symbol: LRCX
status: 200
{'seen': 600, 'kept': 545, 'upserted': 10, 'modified': 535}
===== 5m rolling social counts =====
{"ok":true,"counts":{"StockTwits":580,"Bluesky":201,"Reddit":16},"rows":[{"_id":"StockTwits","count":580},{"_id":"Bluesky","count":201},{"_id":"Reddit","count":16}],"total":797,"window_minutes":5,"since_sec":1781215963,"now_sec":1781216263}

===== PUBLIC SOCIAL COLLECTOR RUN Thu Jun 11 16:18:43 MDT 2026 =====
--- Reddit public finance RSS ---
Fetching https://www.reddit.com/r/stocks/new/.rss
Fetching https://www.reddit.com/r/StockMarket/new/.rss
Failed StockMarket: 429 Client Error: Too Many Requests for url: https://www.reddit.com/r/StockMarket/new/.rss
Fetching https://www.reddit.com/r/investing/new/.rss
Failed investing: 429 Client Error: Too Many Requests for url: https://www.reddit.com/r/investing/new/.rss
Fetching https://www.reddit.com/r/SecurityAnalysis/new/.rss
Failed SecurityAnalysis: 429 Client Error: Too Many Requests for url: https://www.reddit.com/r/SecurityAnalysis/new/.rss
{'seen': 15, 'kept': 15, 'upserted': 0, 'modified': 15}
--- Bluesky public search API ---
Fetching Bluesky query: stocks
status: 200
Fetching Bluesky query: earnings
status: 200
Fetching Bluesky query: stock market
status: 200
Fetching Bluesky query: short squeeze
status: 200
Fetching Bluesky query: IPO
status: 200
Fetching Bluesky query: merger acquisition
status: 200
Fetching Bluesky query: FDA approval stock
status: 200
Fetching Bluesky query: SEC investigation stock
status: 200
Fetching Bluesky query: options trading
status: 200
Fetching Bluesky query: $AAPL
status: 200
Fetching Bluesky query: $TSLA
status: 403
<html><body><h1>403 Forbidden</h1>
Request forbidden by administrative rules.
</body></html>


Fetching Bluesky query: $NVDA
status: 403
<html><body><h1>403 Forbidden</h1>
Request forbidden by administrative rules.
</body></html>


Fetching Bluesky query: $AMD
status: 403
<html><body><h1>403 Forbidden</h1>
Request forbidden by administrative rules.
</body></html>


{'seen': 199, 'kept': 175, 'upserted': 5, 'modified': 170}
--- StockTwits public symbol streams ---
Fetching StockTwits symbol: AAPL
status: 200
Fetching StockTwits symbol: MSFT
status: 200
Fetching StockTwits symbol: NVDA
status: 200
Fetching StockTwits symbol: AMZN
status: 200
Fetching StockTwits symbol: META
status: 200
Fetching StockTwits symbol: GOOGL
status: 200
Fetching StockTwits symbol: GOOG
status: 200
Fetching StockTwits symbol: TSLA
status: 200
Fetching StockTwits symbol: AVGO
status: 200
Fetching StockTwits symbol: AMD
status: 200
Fetching StockTwits symbol: ORCL
status: 200
Fetching StockTwits symbol: ADBE
status: 200
Fetching StockTwits symbol: CRM
status: 200
Fetching StockTwits symbol: NFLX
status: 200
Fetching StockTwits symbol: INTC
status: 200
Fetching StockTwits symbol: QCOM
status: 200
Fetching StockTwits symbol: TXN
status: 200
Fetching StockTwits symbol: MU
status: 200
Fetching StockTwits symbol: AMAT
status: 200
Fetching StockTwits symbol: LRCX
status: 200
{'seen': 600, 'kept': 545, 'upserted': 6, 'modified': 539}
===== 5m rolling social counts =====
{"ok":true,"counts":{"StockTwits":575,"Bluesky":201,"Reddit":16},"rows":[{"_id":"StockTwits","count":575},{"_id":"Bluesky","count":201},{"_id":"Reddit","count":16}],"total":792,"window_minutes":5,"since_sec":1781216039,"now_sec":1781216339}

===== PUBLIC SOCIAL COLLECTOR RUN Thu Jun 11 16:19:59 MDT 2026 =====
--- Reddit public finance RSS ---
Fetching https://www.reddit.com/r/stocks/new/.rss
Fetching https://www.reddit.com/r/StockMarket/new/.rss
Failed StockMarket: 429 Client Error: Too Many Requests for url: https://www.reddit.com/r/StockMarket/new/.rss
Fetching https://www.reddit.com/r/investing/new/.rss
Failed investing: 429 Client Error: Too Many Requests for url: https://www.reddit.com/r/investing/new/.rss
Fetching https://www.reddit.com/r/SecurityAnalysis/new/.rss
Failed SecurityAnalysis: 429 Client Error: Too Many Requests for url: https://www.reddit.com/r/SecurityAnalysis/new/.rss
{'seen': 15, 'kept': 15, 'upserted': 0, 'modified': 15}
--- Bluesky public search API ---
Fetching Bluesky query: stocks
status: 200
Fetching Bluesky query: earnings
status: 200
Fetching Bluesky query: stock market
status: 200
Fetching Bluesky query: short squeeze
status: 200
Fetching Bluesky query: IPO
status: 200
Fetching Bluesky query: merger acquisition
status: 200
Fetching Bluesky query: FDA approval stock
status: 200
Fetching Bluesky query: SEC investigation stock
status: 200
Fetching Bluesky query: options trading
status: 200
Fetching Bluesky query: $AAPL
status: 200
Fetching Bluesky query: $TSLA
status: 200
Fetching Bluesky query: $NVDA
status: 403
<html><body><h1>403 Forbidden</h1>
Request forbidden by administrative rules.
</body></html>


Fetching Bluesky query: $AMD
status: 403
<html><body><h1>403 Forbidden</h1>
Request forbidden by administrative rules.
</body></html>


{'seen': 219, 'kept': 192, 'upserted': 10, 'modified': 182}
--- StockTwits public symbol streams ---
Fetching StockTwits symbol: AAPL
status: 200
Fetching StockTwits symbol: MSFT
status: 200
Fetching StockTwits symbol: NVDA
status: 200
Fetching StockTwits symbol: AMZN
status: 200
Fetching StockTwits symbol: META
status: 200
Fetching StockTwits symbol: GOOGL
status: 200
Fetching StockTwits symbol: GOOG
status: 200
Fetching StockTwits symbol: TSLA
status: 200
Fetching StockTwits symbol: AVGO
status: 200
Fetching StockTwits symbol: AMD
status: 200
Fetching StockTwits symbol: ORCL
status: 200
Fetching StockTwits symbol: ADBE
status: 200
Fetching StockTwits symbol: CRM
status: 200
Fetching StockTwits symbol: NFLX
status: 200
Fetching StockTwits symbol: INTC
status: 200
Fetching StockTwits symbol: QCOM
status: 200
Fetching StockTwits symbol: TXN
status: 200
Fetching StockTwits symbol: MU
status: 200
Fetching StockTwits symbol: AMAT
status: 200
Fetching StockTwits symbol: LRCX
status: 200
{'seen': 600, 'kept': 542, 'upserted': 11, 'modified': 531}
===== 5m rolling social counts =====
{"ok":true,"counts":{"StockTwits":572,"Bluesky":212,"Reddit":15},"rows":[{"_id":"StockTwits","count":572},{"_id":"Bluesky","count":212},{"_id":"Reddit","count":15}],"total":799,"window_minutes":5,"since_sec":1781216120,"now_sec":1781216420}

===== PUBLIC SOCIAL COLLECTOR RUN Thu Jun 11 16:21:20 MDT 2026 =====
--- Reddit public finance RSS ---
Fetching https://www.reddit.com/r/stocks/new/.rss
Fetching https://www.reddit.com/r/StockMarket/new/.rss
Failed StockMarket: 429 Client Error: Too Many Requests for url: https://www.reddit.com/r/StockMarket/new/.rss
Fetching https://www.reddit.com/r/investing/new/.rss
Failed investing: 429 Client Error: Too Many Requests for url: https://www.reddit.com/r/investing/new/.rss
Fetching https://www.reddit.com/r/SecurityAnalysis/new/.rss
Failed SecurityAnalysis: 429 Client Error: Too Many Requests for url: https://www.reddit.com/r/SecurityAnalysis/new/.rss
{'seen': 15, 'kept': 15, 'upserted': 0, 'modified': 15}
--- Bluesky public search API ---
Fetching Bluesky query: stocks
status: 200
Fetching Bluesky query: earnings
status: 200
Fetching Bluesky query: stock market
status: 200
Fetching Bluesky query: short squeeze
status: 200
Fetching Bluesky query: IPO
status: 200
Fetching Bluesky query: merger acquisition
status: 200
Fetching Bluesky query: FDA approval stock
status: 200
Fetching Bluesky query: SEC investigation stock
status: 200
Fetching Bluesky query: options trading
status: 200
Fetching Bluesky query: $AAPL
status: 200
Fetching Bluesky query: $TSLA
status: 403
<html><body><h1>403 Forbidden</h1>
Request forbidden by administrative rules.
</body></html>


Fetching Bluesky query: $NVDA
status: 403
<html><body><h1>403 Forbidden</h1>
Request forbidden by administrative rules.
</body></html>


Fetching Bluesky query: $AMD
status: 403
<html><body><h1>403 Forbidden</h1>
Request forbidden by administrative rules.
</body></html>


{'seen': 199, 'kept': 175, 'upserted': 8, 'modified': 167}
--- StockTwits public symbol streams ---
Fetching StockTwits symbol: AAPL
status: 200
Fetching StockTwits symbol: MSFT
status: 200
Fetching StockTwits symbol: NVDA
status: 200
Fetching StockTwits symbol: AMZN
status: 200
Fetching StockTwits symbol: META
status: 200
Fetching StockTwits symbol: GOOGL
status: 200
Fetching StockTwits symbol: GOOG
status: 200
Fetching StockTwits symbol: TSLA
status: 200
Fetching StockTwits symbol: AVGO
status: 200
Fetching StockTwits symbol: AMD
status: 200
Fetching StockTwits symbol: ORCL
status: 200
Fetching StockTwits symbol: ADBE
status: 200
Fetching StockTwits symbol: CRM
status: 200
Fetching StockTwits symbol: NFLX
status: 200
Fetching StockTwits symbol: INTC
status: 200
Fetching StockTwits symbol: QCOM
status: 200
Fetching StockTwits symbol: TXN
status: 200
Fetching StockTwits symbol: MU
status: 200
Fetching StockTwits symbol: AMAT
status: 200
Fetching StockTwits symbol: LRCX
status: 200
{'seen': 600, 'kept': 539, 'upserted': 9, 'modified': 530}
===== 5m rolling social counts =====
{"ok":true,"counts":{"StockTwits":571,"Bluesky":214,"Reddit":15},"rows":[{"_id":"StockTwits","count":571},{"_id":"Bluesky","count":214},{"_id":"Reddit","count":15}],"total":800,"window_minutes":5,"since_sec":1781216197,"now_sec":1781216497}

===== PUBLIC SOCIAL COLLECTOR RUN Thu Jun 11 16:22:37 MDT 2026 =====
--- Reddit public finance RSS ---
Fetching https://www.reddit.com/r/stocks/new/.rss
Fetching https://www.reddit.com/r/StockMarket/new/.rss
Failed StockMarket: 429 Client Error: Too Many Requests for url: https://www.reddit.com/r/StockMarket/new/.rss
Fetching https://www.reddit.com/r/investing/new/.rss
Failed investing: 429 Client Error: Too Many Requests for url: https://www.reddit.com/r/investing/new/.rss
Fetching https://www.reddit.com/r/SecurityAnalysis/new/.rss
Failed SecurityAnalysis: 429 Client Error: Too Many Requests for url: https://www.reddit.com/r/SecurityAnalysis/new/.rss
{'seen': 15, 'kept': 15, 'upserted': 0, 'modified': 15}
--- Bluesky public search API ---
Fetching Bluesky query: stocks
status: 200
Fetching Bluesky query: earnings
status: 200
Fetching Bluesky query: stock market
status: 200
Fetching Bluesky query: short squeeze
status: 200
Fetching Bluesky query: IPO
status: 200
Fetching Bluesky query: merger acquisition
status: 200
Fetching Bluesky query: FDA approval stock
status: 200
Fetching Bluesky query: SEC investigation stock
status: 200
Fetching Bluesky query: options trading
status: 200
Fetching Bluesky query: $AAPL
status: 200
Fetching Bluesky query: $TSLA
status: 403
<html><body><h1>403 Forbidden</h1>
Request forbidden by administrative rules.
</body></html>


Fetching Bluesky query: $NVDA
status: 403
<html><body><h1>403 Forbidden</h1>
Request forbidden by administrative rules.
</body></html>


Fetching Bluesky query: $AMD
status: 403
<html><body><h1>403 Forbidden</h1>
Request forbidden by administrative rules.
</body></html>


{'seen': 199, 'kept': 176, 'upserted': 4, 'modified': 172}
--- StockTwits public symbol streams ---
Fetching StockTwits symbol: AAPL
status: 200
Fetching StockTwits symbol: MSFT
status: 200
Fetching StockTwits symbol: NVDA
status: 200
Fetching StockTwits symbol: AMZN
status: 200
Fetching StockTwits symbol: META
status: 200
Fetching StockTwits symbol: GOOGL
status: 200
Fetching StockTwits symbol: GOOG
status: 200
Fetching StockTwits symbol: TSLA
status: 200
Fetching StockTwits symbol: AVGO
status: 200
Fetching StockTwits symbol: AMD
status: 200
Fetching StockTwits symbol: ORCL
status: 200
Fetching StockTwits symbol: ADBE
status: 200
Fetching StockTwits symbol: CRM
status: 200
Fetching StockTwits symbol: NFLX
status: 200
Fetching StockTwits symbol: INTC
status: 200
Fetching StockTwits symbol: QCOM
status: 200
Fetching StockTwits symbol: TXN
status: 200
Fetching StockTwits symbol: MU
status: 200
Fetching StockTwits symbol: AMAT
status: 200
Fetching StockTwits symbol: LRCX
status: 200
{'seen': 600, 'kept': 536, 'upserted': 6, 'modified': 530}
===== 5m rolling social counts =====
{"ok":true,"counts":{"StockTwits":571,"Bluesky":214,"Reddit":15},"rows":[{"_id":"StockTwits","count":571},{"_id":"Bluesky","count":214},{"_id":"Reddit","count":15}],"total":800,"window_minutes":5,"since_sec":1781216272,"now_sec":1781216572}

===== PUBLIC SOCIAL COLLECTOR RUN Thu Jun 11 16:23:52 MDT 2026 =====
--- Reddit public finance RSS ---
Fetching https://www.reddit.com/r/stocks/new/.rss
Fetching https://www.reddit.com/r/StockMarket/new/.rss
Failed StockMarket: 429 Client Error: Too Many Requests for url: https://www.reddit.com/r/StockMarket/new/.rss
Fetching https://www.reddit.com/r/investing/new/.rss
Failed investing: 429 Client Error: Too Many Requests for url: https://www.reddit.com/r/investing/new/.rss
Fetching https://www.reddit.com/r/SecurityAnalysis/new/.rss
Failed SecurityAnalysis: 429 Client Error: Too Many Requests for url: https://www.reddit.com/r/SecurityAnalysis/new/.rss
{'seen': 15, 'kept': 15, 'upserted': 0, 'modified': 15}
--- Bluesky public search API ---
Fetching Bluesky query: stocks
status: 200
Fetching Bluesky query: earnings
status: 200
Fetching Bluesky query: stock market
status: 200
Fetching Bluesky query: short squeeze
status: 200
Fetching Bluesky query: IPO
status: 200
Fetching Bluesky query: merger acquisition
status: 200
Fetching Bluesky query: FDA approval stock
status: 200
Fetching Bluesky query: SEC investigation stock
status: 200
Fetching Bluesky query: options trading
status: 200
Fetching Bluesky query: $AAPL
status: 200
Fetching Bluesky query: $TSLA
status: 403
<html><body><h1>403 Forbidden</h1>
Request forbidden by administrative rules.
</body></html>


Fetching Bluesky query: $NVDA
status: 403
<html><body><h1>403 Forbidden</h1>
Request forbidden by administrative rules.
</body></html>


Fetching Bluesky query: $AMD
status: 403
<html><body><h1>403 Forbidden</h1>
Request forbidden by administrative rules.
</body></html>


{'seen': 199, 'kept': 176, 'upserted': 2, 'modified': 174}
--- StockTwits public symbol streams ---
Fetching StockTwits symbol: AAPL
status: 200
Fetching StockTwits symbol: MSFT
status: 200
Fetching StockTwits symbol: NVDA
status: 200
Fetching StockTwits symbol: AMZN
status: 200
Fetching StockTwits symbol: META
status: 200
Fetching StockTwits symbol: GOOGL
status: 200
Fetching StockTwits symbol: GOOG
status: 200
Fetching StockTwits symbol: TSLA
status: 200
Fetching StockTwits symbol: AVGO
status: 200
Fetching StockTwits symbol: AMD
status: 200
Fetching StockTwits symbol: ORCL
status: 200
Fetching StockTwits symbol: ADBE
status: 200
Fetching StockTwits symbol: CRM
status: 200
Fetching StockTwits symbol: NFLX
status: 200
Fetching StockTwits symbol: INTC
status: 200
Fetching StockTwits symbol: QCOM
status: 200
Fetching StockTwits symbol: TXN
status: 200
Fetching StockTwits symbol: MU
status: 200
Fetching StockTwits symbol: AMAT
status: 200
Fetching StockTwits symbol: LRCX
status: 200
{'seen': 600, 'kept': 534, 'upserted': 5, 'modified': 529}
===== 5m rolling social counts =====
{"ok":true,"counts":{"StockTwits":562,"Bluesky":206,"Reddit":15},"rows":[{"_id":"StockTwits","count":562},{"_id":"Bluesky","count":206},{"_id":"Reddit","count":15}],"total":783,"window_minutes":5,"since_sec":1781216347,"now_sec":1781216647}

===== PUBLIC SOCIAL COLLECTOR RUN Thu Jun 11 16:25:07 MDT 2026 =====
--- Reddit public finance RSS ---
Fetching https://www.reddit.com/r/stocks/new/.rss
Fetching https://www.reddit.com/r/StockMarket/new/.rss
Failed StockMarket: 429 Client Error: Too Many Requests for url: https://www.reddit.com/r/StockMarket/new/.rss
Fetching https://www.reddit.com/r/investing/new/.rss
Failed investing: 429 Client Error: Too Many Requests for url: https://www.reddit.com/r/investing/new/.rss
Fetching https://www.reddit.com/r/SecurityAnalysis/new/.rss
Failed SecurityAnalysis: 429 Client Error: Too Many Requests for url: https://www.reddit.com/r/SecurityAnalysis/new/.rss
{'seen': 15, 'kept': 15, 'upserted': 0, 'modified': 15}
--- Bluesky public search API ---
Fetching Bluesky query: stocks
status: 200
Fetching Bluesky query: earnings
status: 200
Fetching Bluesky query: stock market
status: 200
Fetching Bluesky query: short squeeze
status: 200
Fetching Bluesky query: IPO
status: 200
Fetching Bluesky query: merger acquisition
status: 200
Fetching Bluesky query: FDA approval stock
status: 200
Fetching Bluesky query: SEC investigation stock
status: 200
Fetching Bluesky query: options trading
status: 200
Fetching Bluesky query: $AAPL
status: 200
Fetching Bluesky query: $TSLA
status: 403
<html><body><h1>403 Forbidden</h1>
Request forbidden by administrative rules.
</body></html>


Fetching Bluesky query: $NVDA
status: 403
<html><body><h1>403 Forbidden</h1>
Request forbidden by administrative rules.
</body></html>


Fetching Bluesky query: $AMD
status: 403
<html><body><h1>403 Forbidden</h1>
Request forbidden by administrative rules.
</body></html>


{'seen': 199, 'kept': 176, 'upserted': 5, 'modified': 171}
--- StockTwits public symbol streams ---
Fetching StockTwits symbol: AAPL
status: 200
Fetching StockTwits symbol: MSFT
status: 200
Fetching StockTwits symbol: NVDA
status: 200
Fetching StockTwits symbol: AMZN
status: 200
Fetching StockTwits symbol: META
status: 200
Fetching StockTwits symbol: GOOGL
status: 200
Fetching StockTwits symbol: GOOG
status: 200
Fetching StockTwits symbol: TSLA
status: 200
Fetching StockTwits symbol: AVGO
status: 200
Fetching StockTwits symbol: AMD
status: 200
Fetching StockTwits symbol: ORCL
status: 200
Fetching StockTwits symbol: ADBE
status: 200
Fetching StockTwits symbol: CRM
status: 200
Fetching StockTwits symbol: NFLX
status: 200
Fetching StockTwits symbol: INTC
status: 200
Fetching StockTwits symbol: QCOM
status: 200
Fetching StockTwits symbol: TXN
status: 200
Fetching StockTwits symbol: MU
status: 200
Fetching StockTwits symbol: AMAT
status: 200
Fetching StockTwits symbol: LRCX
status: 200
{'seen': 600, 'kept': 532, 'upserted': 5, 'modified': 527}
===== 5m rolling social counts =====
{"ok":true,"counts":{"StockTwits":555,"Bluesky":186,"Reddit":15},"rows":[{"_id":"StockTwits","count":555},{"_id":"Bluesky","count":186},{"_id":"Reddit","count":15}],"total":756,"window_minutes":5,"since_sec":1781216422,"now_sec":1781216722}

===== PUBLIC SOCIAL COLLECTOR RUN Thu Jun 11 16:26:22 MDT 2026 =====
--- Reddit public finance RSS ---
Fetching https://www.reddit.com/r/stocks/new/.rss
Fetching https://www.reddit.com/r/StockMarket/new/.rss
Failed StockMarket: 429 Client Error: Too Many Requests for url: https://www.reddit.com/r/StockMarket/new/.rss
Fetching https://www.reddit.com/r/investing/new/.rss
Failed investing: 429 Client Error: Too Many Requests for url: https://www.reddit.com/r/investing/new/.rss
Fetching https://www.reddit.com/r/SecurityAnalysis/new/.rss
Failed SecurityAnalysis: 429 Client Error: Too Many Requests for url: https://www.reddit.com/r/SecurityAnalysis/new/.rss
{'seen': 15, 'kept': 15, 'upserted': 0, 'modified': 15}
--- Bluesky public search API ---
Fetching Bluesky query: stocks
status: 200
Fetching Bluesky query: earnings
status: 200
Fetching Bluesky query: stock market
status: 200
Fetching Bluesky query: short squeeze
status: 200
Fetching Bluesky query: IPO
status: 200
Fetching Bluesky query: merger acquisition
status: 200
Fetching Bluesky query: FDA approval stock
status: 200
Fetching Bluesky query: SEC investigation stock
status: 200
Fetching Bluesky query: options trading
status: 200
Fetching Bluesky query: $AAPL
status: 200
Fetching Bluesky query: $TSLA
status: 403
<html><body><h1>403 Forbidden</h1>
Request forbidden by administrative rules.
</body></html>


Fetching Bluesky query: $NVDA
status: 403
<html><body><h1>403 Forbidden</h1>
Request forbidden by administrative rules.
</body></html>


Fetching Bluesky query: $AMD
status: 403
<html><body><h1>403 Forbidden</h1>
Request forbidden by administrative rules.
</body></html>


{'seen': 198, 'kept': 175, 'upserted': 6, 'modified': 169}
--- StockTwits public symbol streams ---
Fetching StockTwits symbol: AAPL
status: 200
Fetching StockTwits symbol: MSFT
status: 200
Fetching StockTwits symbol: NVDA
status: 200
Fetching StockTwits symbol: AMZN
status: 200
Fetching StockTwits symbol: META
status: 200
Fetching StockTwits symbol: GOOGL
status: 200
Fetching StockTwits symbol: GOOG
status: 200
Fetching StockTwits symbol: TSLA
status: 200
Fetching StockTwits symbol: AVGO
status: 200
Fetching StockTwits symbol: AMD
status: 200
Fetching StockTwits symbol: ORCL
status: 200
Fetching StockTwits symbol: ADBE
status: 200
Fetching StockTwits symbol: CRM
status: 200
Fetching StockTwits symbol: NFLX
status: 200
Fetching StockTwits symbol: INTC
status: 200
Fetching StockTwits symbol: QCOM
status: 200
Fetching StockTwits symbol: TXN
status: 200
Fetching StockTwits symbol: MU
status: 200
Fetching StockTwits symbol: AMAT
status: 200
Fetching StockTwits symbol: LRCX
status: 200
{'seen': 600, 'kept': 529, 'upserted': 8, 'modified': 521}
===== 5m rolling social counts =====
{"ok":true,"counts":{"StockTwits":554,"Bluesky":189,"Reddit":15},"rows":[{"_id":"StockTwits","count":554},{"_id":"Bluesky","count":189},{"_id":"Reddit","count":15}],"total":758,"window_minutes":5,"since_sec":1781216497,"now_sec":1781216797}

===== PUBLIC SOCIAL COLLECTOR RUN Thu Jun 11 16:27:37 MDT 2026 =====
--- Reddit public finance RSS ---
Fetching https://www.reddit.com/r/stocks/new/.rss
Fetching https://www.reddit.com/r/StockMarket/new/.rss
Failed StockMarket: 429 Client Error: Too Many Requests for url: https://www.reddit.com/r/StockMarket/new/.rss
Fetching https://www.reddit.com/r/investing/new/.rss
Failed investing: 429 Client Error: Too Many Requests for url: https://www.reddit.com/r/investing/new/.rss
Fetching https://www.reddit.com/r/SecurityAnalysis/new/.rss
Failed SecurityAnalysis: 429 Client Error: Too Many Requests for url: https://www.reddit.com/r/SecurityAnalysis/new/.rss
{'seen': 15, 'kept': 15, 'upserted': 1, 'modified': 14}
--- Bluesky public search API ---
Fetching Bluesky query: stocks
status: 200
Fetching Bluesky query: earnings
status: 200
Fetching Bluesky query: stock market
status: 200
Fetching Bluesky query: short squeeze
status: 200
Fetching Bluesky query: IPO
status: 200
Fetching Bluesky query: merger acquisition
status: 200
Fetching Bluesky query: FDA approval stock
status: 200
Fetching Bluesky query: SEC investigation stock
status: 200
Fetching Bluesky query: options trading
status: 200
Fetching Bluesky query: $AAPL
status: 200
Fetching Bluesky query: $TSLA
status: 403
<html><body><h1>403 Forbidden</h1>
Request forbidden by administrative rules.
</body></html>


Fetching Bluesky query: $NVDA
status: 403
<html><body><h1>403 Forbidden</h1>
Request forbidden by administrative rules.
</body></html>


Fetching Bluesky query: $AMD
status: 403
<html><body><h1>403 Forbidden</h1>
Request forbidden by administrative rules.
</body></html>


{'seen': 198, 'kept': 175, 'upserted': 0, 'modified': 175}
--- StockTwits public symbol streams ---
Fetching StockTwits symbol: AAPL
status: 200
Fetching StockTwits symbol: MSFT
status: 200
Fetching StockTwits symbol: NVDA
status: 200
Fetching StockTwits symbol: AMZN
status: 200
Fetching StockTwits symbol: META
status: 200
Fetching StockTwits symbol: GOOGL
status: 200
Fetching StockTwits symbol: GOOG
status: 200
Fetching StockTwits symbol: TSLA
status: 200
Fetching StockTwits symbol: AVGO
status: 200
Fetching StockTwits symbol: AMD
status: 200
Fetching StockTwits symbol: ORCL
status: 200
Fetching StockTwits symbol: ADBE
status: 200
Fetching StockTwits symbol: CRM
status: 200
Fetching StockTwits symbol: NFLX
status: 200
Fetching StockTwits symbol: INTC
status: 200
Fetching StockTwits symbol: QCOM
status: 200
Fetching StockTwits symbol: TXN
status: 200
Fetching StockTwits symbol: MU
status: 200
Fetching StockTwits symbol: AMAT
status: 200
Fetching StockTwits symbol: LRCX
status: 200
{'seen': 600, 'kept': 529, 'upserted': 7, 'modified': 522}
===== 5m rolling social counts =====
{"ok":true,"counts":{"StockTwits":554,"Bluesky":187,"Reddit":16},"rows":[{"_id":"StockTwits","count":554},{"_id":"Bluesky","count":187},{"_id":"Reddit","count":16}],"total":757,"window_minutes":5,"since_sec":1781216572,"now_sec":1781216872}

===== PUBLIC SOCIAL COLLECTOR RUN Thu Jun 11 16:28:52 MDT 2026 =====
--- Reddit public finance RSS ---
Fetching https://www.reddit.com/r/stocks/new/.rss
Fetching https://www.reddit.com/r/StockMarket/new/.rss
Failed StockMarket: 429 Client Error: Too Many Requests for url: https://www.reddit.com/r/StockMarket/new/.rss
Fetching https://www.reddit.com/r/investing/new/.rss
Failed investing: 429 Client Error: Too Many Requests for url: https://www.reddit.com/r/investing/new/.rss
Fetching https://www.reddit.com/r/SecurityAnalysis/new/.rss
Failed SecurityAnalysis: 429 Client Error: Too Many Requests for url: https://www.reddit.com/r/SecurityAnalysis/new/.rss
{'seen': 15, 'kept': 15, 'upserted': 0, 'modified': 15}
--- Bluesky public search API ---
Fetching Bluesky query: stocks
status: 200
Fetching Bluesky query: earnings
status: 200
Fetching Bluesky query: stock market
status: 200
Fetching Bluesky query: short squeeze
status: 200
Fetching Bluesky query: IPO
status: 200
Fetching Bluesky query: merger acquisition
status: 200
Fetching Bluesky query: FDA approval stock
status: 200
Fetching Bluesky query: SEC investigation stock
status: 200
Fetching Bluesky query: options trading
status: 200
Fetching Bluesky query: $AAPL
status: 200
Fetching Bluesky query: $TSLA
status: 403
<html><body><h1>403 Forbidden</h1>
Request forbidden by administrative rules.
</body></html>


Fetching Bluesky query: $NVDA
status: 403
<html><body><h1>403 Forbidden</h1>
Request forbidden by administrative rules.
</body></html>


Fetching Bluesky query: $AMD
status: 403
<html><body><h1>403 Forbidden</h1>
Request forbidden by administrative rules.
</body></html>


{'seen': 198, 'kept': 175, 'upserted': 3, 'modified': 172}
--- StockTwits public symbol streams ---
Fetching StockTwits symbol: AAPL
status: 200
Fetching StockTwits symbol: MSFT
status: 200
Fetching StockTwits symbol: NVDA
status: 200
Fetching StockTwits symbol: AMZN
status: 200
Fetching StockTwits symbol: META
status: 200
Fetching StockTwits symbol: GOOGL
status: 200
Fetching StockTwits symbol: GOOG
status: 200
Fetching StockTwits symbol: TSLA
status: 200
Fetching StockTwits symbol: AVGO
status: 200
Fetching StockTwits symbol: AMD
status: 200
Fetching StockTwits symbol: ORCL
status: 200
Fetching StockTwits symbol: ADBE
status: 200
Fetching StockTwits symbol: CRM
status: 200
Fetching StockTwits symbol: NFLX
status: 200
Fetching StockTwits symbol: INTC
status: 200
Fetching StockTwits symbol: QCOM
status: 200
Fetching StockTwits symbol: TXN
status: 200
Fetching StockTwits symbol: MU
status: 200
Fetching StockTwits symbol: AMAT
status: 200
Fetching StockTwits symbol: LRCX
status: 200
{'seen': 600, 'kept': 529, 'upserted': 10, 'modified': 519}
===== 5m rolling social counts =====
{"ok":true,"counts":{"StockTwits":557,"Bluesky":185,"Reddit":16},"rows":[{"_id":"StockTwits","count":557},{"_id":"Bluesky","count":185},{"_id":"Reddit","count":16}],"total":758,"window_minutes":5,"since_sec":1781216650,"now_sec":1781216950}

===== PUBLIC SOCIAL COLLECTOR RUN Thu Jun 11 16:30:10 MDT 2026 =====
--- Reddit public finance RSS ---
Fetching https://www.reddit.com/r/stocks/new/.rss
Fetching https://www.reddit.com/r/StockMarket/new/.rss
Failed StockMarket: 429 Client Error: Too Many Requests for url: https://www.reddit.com/r/StockMarket/new/.rss
Fetching https://www.reddit.com/r/investing/new/.rss
Failed investing: 429 Client Error: Too Many Requests for url: https://www.reddit.com/r/investing/new/.rss
Fetching https://www.reddit.com/r/SecurityAnalysis/new/.rss
Failed SecurityAnalysis: 429 Client Error: Too Many Requests for url: https://www.reddit.com/r/SecurityAnalysis/new/.rss
{'seen': 15, 'kept': 15, 'upserted': 0, 'modified': 15}
--- Bluesky public search API ---
Fetching Bluesky query: stocks
status: 200
Fetching Bluesky query: earnings
status: 200
Fetching Bluesky query: stock market
status: 200
Fetching Bluesky query: short squeeze
status: 200
Fetching Bluesky query: IPO
status: 200
Fetching Bluesky query: merger acquisition
status: 200
Fetching Bluesky query: FDA approval stock
status: 200
Fetching Bluesky query: SEC investigation stock
status: 200
Fetching Bluesky query: options trading
status: 200
Fetching Bluesky query: $AAPL
status: 200
Fetching Bluesky query: $TSLA
status: 200
Fetching Bluesky query: $NVDA
status: 200
Fetching Bluesky query: $AMD
status: 200
{'seen': 258, 'kept': 217, 'upserted': 21, 'modified': 196}
--- StockTwits public symbol streams ---
Fetching StockTwits symbol: AAPL
status: 200
Fetching StockTwits symbol: MSFT
status: 200
Fetching StockTwits symbol: NVDA
status: 200
Fetching StockTwits symbol: AMZN
status: 200
Fetching StockTwits symbol: META
status: 200
Fetching StockTwits symbol: GOOGL
status: 200
Fetching StockTwits symbol: GOOG
status: 200
Fetching StockTwits symbol: TSLA
status: 200
Fetching StockTwits symbol: AVGO
status: 200
Fetching StockTwits symbol: AMD
status: 200
Fetching StockTwits symbol: ORCL
status: 200
Fetching StockTwits symbol: ADBE
status: 200
Fetching StockTwits symbol: CRM
status: 200
Fetching StockTwits symbol: NFLX
status: 200
Fetching StockTwits symbol: INTC
status: 200
Fetching StockTwits symbol: QCOM
status: 200
Fetching StockTwits symbol: TXN
status: 200
Fetching StockTwits symbol: MU
status: 200
Fetching StockTwits symbol: AMAT
status: 200
Fetching StockTwits symbol: LRCX
status: 200
{'seen': 600, 'kept': 527, 'upserted': 8, 'modified': 519}
===== 5m rolling social counts =====
{"ok":true,"counts":{"StockTwits":554,"Bluesky":226,"Reddit":16},"rows":[{"_id":"StockTwits","count":554},{"_id":"Bluesky","count":226},{"_id":"Reddit","count":16}],"total":796,"window_minutes":5,"since_sec":1781216737,"now_sec":1781217037}

===== PUBLIC SOCIAL COLLECTOR RUN Thu Jun 11 16:31:37 MDT 2026 =====
--- Reddit public finance RSS ---
Fetching https://www.reddit.com/r/stocks/new/.rss
Fetching https://www.reddit.com/r/StockMarket/new/.rss
Failed StockMarket: 429 Client Error: Too Many Requests for url: https://www.reddit.com/r/StockMarket/new/.rss
Fetching https://www.reddit.com/r/investing/new/.rss
Failed investing: 429 Client Error: Too Many Requests for url: https://www.reddit.com/r/investing/new/.rss
Fetching https://www.reddit.com/r/SecurityAnalysis/new/.rss
Failed SecurityAnalysis: 429 Client Error: Too Many Requests for url: https://www.reddit.com/r/SecurityAnalysis/new/.rss
{'seen': 15, 'kept': 15, 'upserted': 0, 'modified': 15}
--- Bluesky public search API ---
Fetching Bluesky query: stocks
status: 200
Fetching Bluesky query: earnings
status: 200
Fetching Bluesky query: stock market
status: 200
Fetching Bluesky query: short squeeze
status: 200
Fetching Bluesky query: IPO
status: 200
Fetching Bluesky query: merger acquisition
status: 200
Fetching Bluesky query: FDA approval stock
status: 200
Fetching Bluesky query: SEC investigation stock
status: 200
Fetching Bluesky query: options trading
status: 200
Fetching Bluesky query: $AAPL
status: 200
Fetching Bluesky query: $TSLA
status: 403
<html><body><h1>403 Forbidden</h1>
Request forbidden by administrative rules.
</body></html>


Fetching Bluesky query: $NVDA
status: 403
<html><body><h1>403 Forbidden</h1>
Request forbidden by administrative rules.
</body></html>


Fetching Bluesky query: $AMD
status: 403
<html><body><h1>403 Forbidden</h1>
Request forbidden by administrative rules.
</body></html>


{'seen': 198, 'kept': 175, 'upserted': 8, 'modified': 167}
--- StockTwits public symbol streams ---
Fetching StockTwits symbol: AAPL
status: 200
Fetching StockTwits symbol: MSFT
status: 200
Fetching StockTwits symbol: NVDA
status: 200
Fetching StockTwits symbol: AMZN
status: 200
Fetching StockTwits symbol: META
status: 200
Fetching StockTwits symbol: GOOGL
status: 200
Fetching StockTwits symbol: GOOG
status: 200
Fetching StockTwits symbol: TSLA
status: 200
Fetching StockTwits symbol: AVGO
status: 200
Fetching StockTwits symbol: AMD
status: 200
Fetching StockTwits symbol: ORCL
status: 200
Fetching StockTwits symbol: ADBE
status: 200
Fetching StockTwits symbol: CRM
status: 200
Fetching StockTwits symbol: NFLX
status: 200
Fetching StockTwits symbol: INTC
status: 200
Fetching StockTwits symbol: QCOM
status: 200
Fetching StockTwits symbol: TXN
status: 200
Fetching StockTwits symbol: MU
status: 200
Fetching StockTwits symbol: AMAT
status: 200
Fetching StockTwits symbol: LRCX
status: 200
{'seen': 600, 'kept': 527, 'upserted': 5, 'modified': 522}
===== 5m rolling social counts =====
{"ok":true,"counts":{"StockTwits":552,"Bluesky":234,"Reddit":15},"rows":[{"_id":"StockTwits","count":552},{"_id":"Bluesky","count":234},{"_id":"Reddit","count":15}],"total":801,"window_minutes":5,"since_sec":1781216812,"now_sec":1781217112}

===== PUBLIC SOCIAL COLLECTOR RUN Thu Jun 11 16:32:52 MDT 2026 =====
--- Reddit public finance RSS ---
Fetching https://www.reddit.com/r/stocks/new/.rss
Fetching https://www.reddit.com/r/StockMarket/new/.rss
Failed StockMarket: 429 Client Error: Too Many Requests for url: https://www.reddit.com/r/StockMarket/new/.rss
Fetching https://www.reddit.com/r/investing/new/.rss
Failed investing: 429 Client Error: Too Many Requests for url: https://www.reddit.com/r/investing/new/.rss
Fetching https://www.reddit.com/r/SecurityAnalysis/new/.rss
Failed SecurityAnalysis: 429 Client Error: Too Many Requests for url: https://www.reddit.com/r/SecurityAnalysis/new/.rss
{'seen': 15, 'kept': 15, 'upserted': 0, 'modified': 15}
--- Bluesky public search API ---
Fetching Bluesky query: stocks
status: 200
Fetching Bluesky query: earnings
status: 200
Fetching Bluesky query: stock market
status: 200
Fetching Bluesky query: short squeeze
status: 200
Fetching Bluesky query: IPO
status: 200
Fetching Bluesky query: merger acquisition
status: 200
Fetching Bluesky query: FDA approval stock
status: 200
Fetching Bluesky query: SEC investigation stock
status: 200
Fetching Bluesky query: options trading
status: 200
Fetching Bluesky query: $AAPL
status: 200
Fetching Bluesky query: $TSLA
status: 403
<html><body><h1>403 Forbidden</h1>
Request forbidden by administrative rules.
</body></html>


Fetching Bluesky query: $NVDA
status: 403
<html><body><h1>403 Forbidden</h1>
Request forbidden by administrative rules.
</body></html>


Fetching Bluesky query: $AMD
status: 403
<html><body><h1>403 Forbidden</h1>
Request forbidden by administrative rules.
</body></html>


{'seen': 198, 'kept': 176, 'upserted': 5, 'modified': 171}
--- StockTwits public symbol streams ---
Fetching StockTwits symbol: AAPL
status: 200
Fetching StockTwits symbol: MSFT
status: 200
Fetching StockTwits symbol: NVDA
status: 200
Fetching StockTwits symbol: AMZN
status: 200
Fetching StockTwits symbol: META
status: 200
Fetching StockTwits symbol: GOOGL
status: 200
Fetching StockTwits symbol: GOOG
status: 200
Fetching StockTwits symbol: TSLA
status: 200
Fetching StockTwits symbol: AVGO
status: 200
Fetching StockTwits symbol: AMD
status: 200
Fetching StockTwits symbol: ORCL
status: 200
Fetching StockTwits symbol: ADBE
status: 200
Fetching StockTwits symbol: CRM
status: 200
Fetching StockTwits symbol: NFLX
status: 200
Fetching StockTwits symbol: INTC
status: 200
Fetching StockTwits symbol: QCOM
status: 200
Fetching StockTwits symbol: TXN
status: 200
Fetching StockTwits symbol: MU
status: 200
Fetching StockTwits symbol: AMAT
status: 200
Fetching StockTwits symbol: LRCX
status: 200
{'seen': 600, 'kept': 527, 'upserted': 5, 'modified': 522}
===== 5m rolling social counts =====
{"ok":true,"counts":{"StockTwits":547,"Bluesky":236,"Reddit":15},"rows":[{"_id":"StockTwits","count":547},{"_id":"Bluesky","count":236},{"_id":"Reddit","count":15}],"total":798,"window_minutes":5,"since_sec":1781216886,"now_sec":1781217186}

===== PUBLIC SOCIAL COLLECTOR RUN Thu Jun 11 16:34:06 MDT 2026 =====
--- Reddit public finance RSS ---
Fetching https://www.reddit.com/r/stocks/new/.rss
Fetching https://www.reddit.com/r/StockMarket/new/.rss
Failed StockMarket: 429 Client Error: Too Many Requests for url: https://www.reddit.com/r/StockMarket/new/.rss
Fetching https://www.reddit.com/r/investing/new/.rss
Failed investing: 429 Client Error: Too Many Requests for url: https://www.reddit.com/r/investing/new/.rss
Fetching https://www.reddit.com/r/SecurityAnalysis/new/.rss
Failed SecurityAnalysis: 429 Client Error: Too Many Requests for url: https://www.reddit.com/r/SecurityAnalysis/new/.rss
{'seen': 15, 'kept': 15, 'upserted': 0, 'modified': 15}
--- Bluesky public search API ---
Fetching Bluesky query: stocks
status: 200
Fetching Bluesky query: earnings
status: 200
Fetching Bluesky query: stock market
status: 200
Fetching Bluesky query: short squeeze
status: 200
Fetching Bluesky query: IPO
status: 200
Fetching Bluesky query: merger acquisition
status: 200
Fetching Bluesky query: FDA approval stock
status: 200
Fetching Bluesky query: SEC investigation stock
status: 200
Fetching Bluesky query: options trading
status: 200
Fetching Bluesky query: $AAPL
status: 200
Fetching Bluesky query: $TSLA
status: 403
<html><body><h1>403 Forbidden</h1>
Request forbidden by administrative rules.
</body></html>


Fetching Bluesky query: $NVDA
status: 403
<html><body><h1>403 Forbidden</h1>
Request forbidden by administrative rules.
</body></html>


Fetching Bluesky query: $AMD
status: 403
<html><body><h1>403 Forbidden</h1>
Request forbidden by administrative rules.
</body></html>


{'seen': 198, 'kept': 175, 'upserted': 6, 'modified': 169}
--- StockTwits public symbol streams ---
Fetching StockTwits symbol: AAPL
status: 200
Fetching StockTwits symbol: MSFT
status: 200
Fetching StockTwits symbol: NVDA
status: 200
Fetching StockTwits symbol: AMZN
status: 200
Fetching StockTwits symbol: META
status: 200
Fetching StockTwits symbol: GOOGL
status: 200
Fetching StockTwits symbol: GOOG
status: 200
Fetching StockTwits symbol: TSLA
status: 200
Fetching StockTwits symbol: AVGO
status: 200
Fetching StockTwits symbol: AMD
status: 200
Fetching StockTwits symbol: ORCL
status: 200
Fetching StockTwits symbol: ADBE
status: 200
Fetching StockTwits symbol: CRM
status: 200
Fetching StockTwits symbol: NFLX
status: 200
Fetching StockTwits symbol: INTC
status: 200
Fetching StockTwits symbol: QCOM
status: 200
Fetching StockTwits symbol: TXN
status: 200
Fetching StockTwits symbol: MU
status: 200
Fetching StockTwits symbol: AMAT
status: 200
Fetching StockTwits symbol: LRCX
status: 200
{'seen': 600, 'kept': 528, 'upserted': 7, 'modified': 521}
===== 5m rolling social counts =====
{"ok":true,"counts":{"StockTwits":545,"Bluesky":236,"Reddit":15},"rows":[{"_id":"StockTwits","count":545},{"_id":"Bluesky","count":236},{"_id":"Reddit","count":15}],"total":796,"window_minutes":5,"since_sec":1781216962,"now_sec":1781217262}

===== PUBLIC SOCIAL COLLECTOR RUN Thu Jun 11 16:35:22 MDT 2026 =====
--- Reddit public finance RSS ---
Fetching https://www.reddit.com/r/stocks/new/.rss
Fetching https://www.reddit.com/r/StockMarket/new/.rss
Failed StockMarket: 429 Client Error: Too Many Requests for url: https://www.reddit.com/r/StockMarket/new/.rss
Fetching https://www.reddit.com/r/investing/new/.rss
Failed investing: 429 Client Error: Too Many Requests for url: https://www.reddit.com/r/investing/new/.rss
Fetching https://www.reddit.com/r/SecurityAnalysis/new/.rss
Failed SecurityAnalysis: 429 Client Error: Too Many Requests for url: https://www.reddit.com/r/SecurityAnalysis/new/.rss
{'seen': 15, 'kept': 15, 'upserted': 0, 'modified': 15}
--- Bluesky public search API ---
Fetching Bluesky query: stocks
status: 200
Fetching Bluesky query: earnings
status: 200
Fetching Bluesky query: stock market
status: 200
Fetching Bluesky query: short squeeze
status: 200
Fetching Bluesky query: IPO
status: 200
Fetching Bluesky query: merger acquisition
status: 200
Fetching Bluesky query: FDA approval stock
status: 200
Fetching Bluesky query: SEC investigation stock
status: 200
Fetching Bluesky query: options trading
status: 200
Fetching Bluesky query: $AAPL
status: 200
Fetching Bluesky query: $TSLA
status: 403
<html><body><h1>403 Forbidden</h1>
Request forbidden by administrative rules.
</body></html>


Fetching Bluesky query: $NVDA
status: 403
<html><body><h1>403 Forbidden</h1>
Request forbidden by administrative rules.
</body></html>


Fetching Bluesky query: $AMD
status: 403
<html><body><h1>403 Forbidden</h1>
Request forbidden by administrative rules.
</body></html>


{'seen': 198, 'kept': 175, 'upserted': 8, 'modified': 167}
--- StockTwits public symbol streams ---
Fetching StockTwits symbol: AAPL
status: 200
Fetching StockTwits symbol: MSFT
status: 200
Fetching StockTwits symbol: NVDA
status: 200
Fetching StockTwits symbol: AMZN
status: 200
Fetching StockTwits symbol: META
status: 200
Fetching StockTwits symbol: GOOGL
status: 200
Fetching StockTwits symbol: GOOG
status: 200
Fetching StockTwits symbol: TSLA
status: 200
Fetching StockTwits symbol: AVGO
status: 200
Fetching StockTwits symbol: AMD
status: 200
Fetching StockTwits symbol: ORCL
status: 200
Fetching StockTwits symbol: ADBE
status: 200
Fetching StockTwits symbol: CRM
status: 200
Fetching StockTwits symbol: NFLX
status: 200
Fetching StockTwits symbol: INTC
status: 200
Fetching StockTwits symbol: QCOM
status: 200
Fetching StockTwits symbol: TXN
status: 200
Fetching StockTwits symbol: MU
status: 200
Fetching StockTwits symbol: AMAT
status: 200
Fetching StockTwits symbol: LRCX
status: 200
{'seen': 600, 'kept': 528, 'upserted': 2, 'modified': 526}
===== 5m rolling social counts =====
{"ok":true,"counts":{"StockTwits":541,"Bluesky":194,"Reddit":15},"rows":[{"_id":"StockTwits","count":541},{"_id":"Bluesky","count":194},{"_id":"Reddit","count":15}],"total":750,"window_minutes":5,"since_sec":1781217038,"now_sec":1781217338}

===== PUBLIC SOCIAL COLLECTOR RUN Thu Jun 11 16:36:38 MDT 2026 =====
--- Reddit public finance RSS ---
Fetching https://www.reddit.com/r/stocks/new/.rss
Fetching https://www.reddit.com/r/StockMarket/new/.rss
Failed StockMarket: 429 Client Error: Too Many Requests for url: https://www.reddit.com/r/StockMarket/new/.rss
Fetching https://www.reddit.com/r/investing/new/.rss
Failed investing: 429 Client Error: Too Many Requests for url: https://www.reddit.com/r/investing/new/.rss
Fetching https://www.reddit.com/r/SecurityAnalysis/new/.rss
Failed SecurityAnalysis: 429 Client Error: Too Many Requests for url: https://www.reddit.com/r/SecurityAnalysis/new/.rss
{'seen': 15, 'kept': 15, 'upserted': 0, 'modified': 15}
--- Bluesky public search API ---
Fetching Bluesky query: stocks
status: 200
Fetching Bluesky query: earnings
status: 200
Fetching Bluesky query: stock market
status: 200
Fetching Bluesky query: short squeeze
status: 200
Fetching Bluesky query: IPO
status: 200
Fetching Bluesky query: merger acquisition
status: 200
Fetching Bluesky query: FDA approval stock
status: 200
Fetching Bluesky query: SEC investigation stock
status: 200
Fetching Bluesky query: options trading
status: 200
Fetching Bluesky query: $AAPL
status: 200
Fetching Bluesky query: $TSLA
status: 403
<html><body><h1>403 Forbidden</h1>
Request forbidden by administrative rules.
</body></html>


Fetching Bluesky query: $NVDA
status: 403
<html><body><h1>403 Forbidden</h1>
Request forbidden by administrative rules.
</body></html>


Fetching Bluesky query: $AMD
status: 403
<html><body><h1>403 Forbidden</h1>
Request forbidden by administrative rules.
</body></html>


{'seen': 198, 'kept': 175, 'upserted': 6, 'modified': 169}
--- StockTwits public symbol streams ---
Fetching StockTwits symbol: AAPL
status: 200
Fetching StockTwits symbol: MSFT
status: 200
Fetching StockTwits symbol: NVDA
status: 200
Fetching StockTwits symbol: AMZN
status: 200
Fetching StockTwits symbol: META
status: 200
Fetching StockTwits symbol: GOOGL
status: 200
Fetching StockTwits symbol: GOOG
status: 200
Fetching StockTwits symbol: TSLA
status: 200
Fetching StockTwits symbol: AVGO
status: 200
Fetching StockTwits symbol: AMD
status: 200
Fetching StockTwits symbol: ORCL
status: 200
Fetching StockTwits symbol: ADBE
status: 200
Fetching StockTwits symbol: CRM
status: 200
Fetching StockTwits symbol: NFLX
status: 200
Fetching StockTwits symbol: INTC
status: 200
Fetching StockTwits symbol: QCOM
status: 200
Fetching StockTwits symbol: TXN
status: 200
Fetching StockTwits symbol: MU
status: 200
Fetching StockTwits symbol: AMAT
status: 200
Fetching StockTwits symbol: LRCX
status: 200
{'seen': 600, 'kept': 528, 'upserted': 4, 'modified': 524}
===== 5m rolling social counts =====
{"ok":true,"counts":{"StockTwits":540,"Bluesky":196,"Reddit":15},"rows":[{"_id":"StockTwits","count":540},{"_id":"Bluesky","count":196},{"_id":"Reddit","count":15}],"total":751,"window_minutes":5,"since_sec":1781217112,"now_sec":1781217412}

===== PUBLIC SOCIAL COLLECTOR RUN Thu Jun 11 16:37:52 MDT 2026 =====
--- Reddit public finance RSS ---
Fetching https://www.reddit.com/r/stocks/new/.rss
Fetching https://www.reddit.com/r/StockMarket/new/.rss
Failed StockMarket: 429 Client Error: Too Many Requests for url: https://www.reddit.com/r/StockMarket/new/.rss
Fetching https://www.reddit.com/r/investing/new/.rss
Failed investing: 429 Client Error: Too Many Requests for url: https://www.reddit.com/r/investing/new/.rss
Fetching https://www.reddit.com/r/SecurityAnalysis/new/.rss
Failed SecurityAnalysis: 429 Client Error: Too Many Requests for url: https://www.reddit.com/r/SecurityAnalysis/new/.rss
{'seen': 15, 'kept': 15, 'upserted': 0, 'modified': 15}
--- Bluesky public search API ---
Fetching Bluesky query: stocks
status: 200
Fetching Bluesky query: earnings
status: 200
Fetching Bluesky query: stock market
status: 200
Fetching Bluesky query: short squeeze
status: 200
Fetching Bluesky query: IPO
status: 200
Fetching Bluesky query: merger acquisition
status: 200
Fetching Bluesky query: FDA approval stock
status: 200
Fetching Bluesky query: SEC investigation stock
status: 200
Fetching Bluesky query: options trading
status: 200
Fetching Bluesky query: $AAPL
status: 200
Fetching Bluesky query: $TSLA
status: 403
<html><body><h1>403 Forbidden</h1>
Request forbidden by administrative rules.
</body></html>


Fetching Bluesky query: $NVDA
status: 403
<html><body><h1>403 Forbidden</h1>
Request forbidden by administrative rules.
</body></html>


Fetching Bluesky query: $AMD
status: 403
<html><body><h1>403 Forbidden</h1>
Request forbidden by administrative rules.
</body></html>


{'seen': 198, 'kept': 175, 'upserted': 4, 'modified': 171}
--- StockTwits public symbol streams ---
Fetching StockTwits symbol: AAPL
status: 200
Fetching StockTwits symbol: MSFT
status: 200
Fetching StockTwits symbol: NVDA
status: 200
Fetching StockTwits symbol: AMZN
status: 200
Fetching StockTwits symbol: META
status: 200
Fetching StockTwits symbol: GOOGL
status: 200
Fetching StockTwits symbol: GOOG
status: 200
Fetching StockTwits symbol: TSLA
status: 200
Fetching StockTwits symbol: AVGO
status: 200
Fetching StockTwits symbol: AMD
status: 200
Fetching StockTwits symbol: ORCL
status: 200
Fetching StockTwits symbol: ADBE
status: 200
Fetching StockTwits symbol: CRM
status: 200
Fetching StockTwits symbol: NFLX
status: 200
Fetching StockTwits symbol: INTC
status: 200
Fetching StockTwits symbol: QCOM
status: 200
Fetching StockTwits symbol: TXN
status: 200
Fetching StockTwits symbol: MU
status: 200
Fetching StockTwits symbol: AMAT
status: 200
Fetching StockTwits symbol: LRCX
status: 200
{'seen': 600, 'kept': 528, 'upserted': 6, 'modified': 522}
===== 5m rolling social counts =====
{"ok":true,"counts":{"StockTwits":542,"Bluesky":193,"Reddit":15},"rows":[{"_id":"StockTwits","count":542},{"_id":"Bluesky","count":193},{"_id":"Reddit","count":15}],"total":750,"window_minutes":5,"since_sec":1781217188,"now_sec":1781217488}

===== PUBLIC SOCIAL COLLECTOR RUN Thu Jun 11 16:39:08 MDT 2026 =====
--- Reddit public finance RSS ---
Fetching https://www.reddit.com/r/stocks/new/.rss
Fetching https://www.reddit.com/r/StockMarket/new/.rss
Failed StockMarket: 429 Client Error: Too Many Requests for url: https://www.reddit.com/r/StockMarket/new/.rss
Fetching https://www.reddit.com/r/investing/new/.rss
Failed investing: 429 Client Error: Too Many Requests for url: https://www.reddit.com/r/investing/new/.rss
Fetching https://www.reddit.com/r/SecurityAnalysis/new/.rss
Failed SecurityAnalysis: 429 Client Error: Too Many Requests for url: https://www.reddit.com/r/SecurityAnalysis/new/.rss
{'seen': 15, 'kept': 15, 'upserted': 0, 'modified': 15}
--- Bluesky public search API ---
Fetching Bluesky query: stocks
status: 200
Fetching Bluesky query: earnings
status: 200
Fetching Bluesky query: stock market
status: 200
Fetching Bluesky query: short squeeze
status: 200
Fetching Bluesky query: IPO
status: 200
Fetching Bluesky query: merger acquisition
status: 200
Fetching Bluesky query: FDA approval stock
status: 200
Fetching Bluesky query: SEC investigation stock
status: 200
Fetching Bluesky query: options trading
status: 200
Fetching Bluesky query: $AAPL
status: 200
Fetching Bluesky query: $TSLA
status: 403
<html><body><h1>403 Forbidden</h1>
Request forbidden by administrative rules.
</body></html>


Fetching Bluesky query: $NVDA
status: 403
<html><body><h1>403 Forbidden</h1>
Request forbidden by administrative rules.
</body></html>


Fetching Bluesky query: $AMD
status: 403
<html><body><h1>403 Forbidden</h1>
Request forbidden by administrative rules.
</body></html>


{'seen': 198, 'kept': 176, 'upserted': 6, 'modified': 170}
--- StockTwits public symbol streams ---
Fetching StockTwits symbol: AAPL
status: 200
Fetching StockTwits symbol: MSFT
status: 200
Fetching StockTwits symbol: NVDA
status: 200
Fetching StockTwits symbol: AMZN
status: 200
Fetching StockTwits symbol: META
status: 200
Fetching StockTwits symbol: GOOGL
status: 200
Fetching StockTwits symbol: GOOG
status: 200
Fetching StockTwits symbol: TSLA
status: 200
Fetching StockTwits symbol: AVGO
status: 200
Fetching StockTwits symbol: AMD
status: 200
Fetching StockTwits symbol: ORCL
status: 200
Fetching StockTwits symbol: ADBE
status: 200
Fetching StockTwits symbol: CRM
status: 200
Fetching StockTwits symbol: NFLX
status: 200
Fetching StockTwits symbol: INTC
status: 200
Fetching StockTwits symbol: QCOM
status: 200
Fetching StockTwits symbol: TXN
status: 200
Fetching StockTwits symbol: MU
status: 200
Fetching StockTwits symbol: AMAT
status: 200
Fetching StockTwits symbol: LRCX
status: 200
{'seen': 600, 'kept': 528, 'upserted': 7, 'modified': 521}
===== 5m rolling social counts =====
{"ok":true,"counts":{"StockTwits":547,"Bluesky":191,"Reddit":15},"rows":[{"_id":"StockTwits","count":547},{"_id":"Bluesky","count":191},{"_id":"Reddit","count":15}],"total":753,"window_minutes":5,"since_sec":1781217263,"now_sec":1781217563}

===== PUBLIC SOCIAL COLLECTOR RUN Thu Jun 11 16:40:23 MDT 2026 =====
--- Reddit public finance RSS ---
Fetching https://www.reddit.com/r/stocks/new/.rss
Fetching https://www.reddit.com/r/StockMarket/new/.rss
Failed StockMarket: 429 Client Error: Too Many Requests for url: https://www.reddit.com/r/StockMarket/new/.rss
Fetching https://www.reddit.com/r/investing/new/.rss
Failed investing: 429 Client Error: Too Many Requests for url: https://www.reddit.com/r/investing/new/.rss
Fetching https://www.reddit.com/r/SecurityAnalysis/new/.rss
Failed SecurityAnalysis: 429 Client Error: Too Many Requests for url: https://www.reddit.com/r/SecurityAnalysis/new/.rss
{'seen': 15, 'kept': 15, 'upserted': 0, 'modified': 15}
--- Bluesky public search API ---
Fetching Bluesky query: stocks
status: 200
Fetching Bluesky query: earnings
status: 200
Fetching Bluesky query: stock market
status: 200
Fetching Bluesky query: short squeeze
status: 200
Fetching Bluesky query: IPO
status: 200
Fetching Bluesky query: merger acquisition
status: 200
Fetching Bluesky query: FDA approval stock
status: 200
Fetching Bluesky query: SEC investigation stock
status: 200
Fetching Bluesky query: options trading
status: 200
Fetching Bluesky query: $AAPL
status: 200
Fetching Bluesky query: $TSLA
status: 403
<html><body><h1>403 Forbidden</h1>
Request forbidden by administrative rules.
</body></html>


Fetching Bluesky query: $NVDA
status: 403
<html><body><h1>403 Forbidden</h1>
Request forbidden by administrative rules.
</body></html>


Fetching Bluesky query: $AMD
status: 403
<html><body><h1>403 Forbidden</h1>
Request forbidden by administrative rules.
</body></html>


{'seen': 199, 'kept': 177, 'upserted': 8, 'modified': 169}
--- StockTwits public symbol streams ---
Fetching StockTwits symbol: AAPL
status: 200
Fetching StockTwits symbol: MSFT
status: 200
Fetching StockTwits symbol: NVDA
status: 200
Fetching StockTwits symbol: AMZN
status: 200
Fetching StockTwits symbol: META
status: 200
Fetching StockTwits symbol: GOOGL
status: 200
Fetching StockTwits symbol: GOOG
status: 200
Fetching StockTwits symbol: TSLA
status: 200
Fetching StockTwits symbol: AVGO
status: 200
Fetching StockTwits symbol: AMD
status: 200
Fetching StockTwits symbol: ORCL
status: 200
Fetching StockTwits symbol: ADBE
status: 200
Fetching StockTwits symbol: CRM
status: 200
Fetching StockTwits symbol: NFLX
status: 200
Fetching StockTwits symbol: INTC
status: 200
Fetching StockTwits symbol: QCOM
status: 200
Fetching StockTwits symbol: TXN
status: 200
Fetching StockTwits symbol: MU
status: 200
Fetching StockTwits symbol: AMAT
status: 200
Fetching StockTwits symbol: LRCX
status: 200
{'seen': 600, 'kept': 528, 'upserted': 5, 'modified': 523}
===== 5m rolling social counts =====
{"ok":true,"counts":{"StockTwits":549,"Bluesky":193,"Reddit":15},"rows":[{"_id":"StockTwits","count":549},{"_id":"Bluesky","count":193},{"_id":"Reddit","count":15}],"total":757,"window_minutes":5,"since_sec":1781217337,"now_sec":1781217637}

===== PUBLIC SOCIAL COLLECTOR RUN Thu Jun 11 16:41:37 MDT 2026 =====
--- Reddit public finance RSS ---
Fetching https://www.reddit.com/r/stocks/new/.rss
Fetching https://www.reddit.com/r/StockMarket/new/.rss
Failed StockMarket: 429 Client Error: Too Many Requests for url: https://www.reddit.com/r/StockMarket/new/.rss
Fetching https://www.reddit.com/r/investing/new/.rss
Failed investing: 429 Client Error: Too Many Requests for url: https://www.reddit.com/r/investing/new/.rss
Fetching https://www.reddit.com/r/SecurityAnalysis/new/.rss
Failed SecurityAnalysis: 429 Client Error: Too Many Requests for url: https://www.reddit.com/r/SecurityAnalysis/new/.rss
{'seen': 15, 'kept': 15, 'upserted': 0, 'modified': 15}
--- Bluesky public search API ---
Fetching Bluesky query: stocks
status: 200
Fetching Bluesky query: earnings
status: 200
Fetching Bluesky query: stock market
status: 200
Fetching Bluesky query: short squeeze
status: 200
Fetching Bluesky query: IPO
status: 200
Fetching Bluesky query: merger acquisition
status: 200
Fetching Bluesky query: FDA approval stock
status: 200
Fetching Bluesky query: SEC investigation stock
status: 200
Fetching Bluesky query: options trading
status: 200
Fetching Bluesky query: $AAPL
status: 200
Fetching Bluesky query: $TSLA
status: 403
<html><body><h1>403 Forbidden</h1>
Request forbidden by administrative rules.
</body></html>


Fetching Bluesky query: $NVDA
status: 403
<html><body><h1>403 Forbidden</h1>
Request forbidden by administrative rules.
</body></html>


Fetching Bluesky query: $AMD
status: 403
<html><body><h1>403 Forbidden</h1>
Request forbidden by administrative rules.
</body></html>


{'seen': 198, 'kept': 177, 'upserted': 4, 'modified': 173}
--- StockTwits public symbol streams ---
Fetching StockTwits symbol: AAPL
status: 200
Fetching StockTwits symbol: MSFT
status: 200
Fetching StockTwits symbol: NVDA
status: 200
Fetching StockTwits symbol: AMZN
status: 200
Fetching StockTwits symbol: META
status: 200
Fetching StockTwits symbol: GOOGL
status: 200
Fetching StockTwits symbol: GOOG
status: 200
Fetching StockTwits symbol: TSLA
status: 200
Fetching StockTwits symbol: AVGO
status: 200
Fetching StockTwits symbol: AMD
status: 200
Fetching StockTwits symbol: ORCL
status: 200
Fetching StockTwits symbol: ADBE
status: 200
Fetching StockTwits symbol: CRM
status: 200
Fetching StockTwits symbol: NFLX
status: 200
Fetching StockTwits symbol: INTC
status: 200
Fetching StockTwits symbol: QCOM
status: 200
Fetching StockTwits symbol: TXN
status: 200
Fetching StockTwits symbol: MU
status: 200
Fetching StockTwits symbol: AMAT
status: 200
Fetching StockTwits symbol: LRCX
StockTwits LRCX: SKIP HTTPSConnectionPool(host='api.stocktwits.com', port=443): Read timed out. (read timeout=25)
{'seen': 570, 'kept': 508, 'upserted': 17, 'modified': 491}
===== 5m rolling social counts =====
{"ok":true,"counts":{},"rows":[],"total":0,"window_minutes":5,"since_sec":1781218330,"now_sec":1781218630}

===== PUBLIC SOCIAL COLLECTOR RUN Thu Jun 11 17:01:51 MDT 2026 =====
--- Reddit public finance RSS ---
Fetching https://www.reddit.com/r/stocks/new/.rss
Fetching https://www.reddit.com/r/StockMarket/new/.rss
Failed StockMarket: 429 Client Error: Too Many Requests for url: https://www.reddit.com/r/StockMarket/new/.rss
Fetching https://www.reddit.com/r/investing/new/.rss
Failed investing: 429 Client Error: Too Many Requests for url: https://www.reddit.com/r/investing/new/.rss
Fetching https://www.reddit.com/r/SecurityAnalysis/new/.rss
Failed SecurityAnalysis: 429 Client Error: Too Many Requests for url: https://www.reddit.com/r/SecurityAnalysis/new/.rss
{'seen': 15, 'kept': 15, 'upserted': 0, 'modified': 15}
--- Bluesky public search API ---
Fetching Bluesky query: stocks
status: 200
Fetching Bluesky query: earnings
status: 200
Fetching Bluesky query: stock market
status: 200
Fetching Bluesky query: short squeeze
status: 200
Fetching Bluesky query: IPO
status: 200
Fetching Bluesky query: merger acquisition
status: 200
Fetching Bluesky query: FDA approval stock
status: 200
Fetching Bluesky query: SEC investigation stock
status: 200
Fetching Bluesky query: options trading
status: 200
Fetching Bluesky query: $AAPL
status: 502
{"error":"InternalServerError","message":"Upstream server responded with a 500 error"}
Fetching Bluesky query: $TSLA
status: 502
{"error":"InternalServerError","message":"Upstream server responded with a 500 error"}
Fetching Bluesky query: $NVDA
status: 200
Fetching Bluesky query: $AMD
status: 200
{'seen': 218, 'kept': 185, 'upserted': 56, 'modified': 129}
--- StockTwits public symbol streams ---
Fetching StockTwits symbol: AAPL
status: 200
Fetching StockTwits symbol: MSFT
status: 200
Fetching StockTwits symbol: NVDA
status: 200
Fetching StockTwits symbol: AMZN
status: 200
Fetching StockTwits symbol: META
status: 200
Fetching StockTwits symbol: GOOGL
status: 200
Fetching StockTwits symbol: GOOG
status: 200
Fetching StockTwits symbol: TSLA
status: 200
Fetching StockTwits symbol: AVGO
status: 200
Fetching StockTwits symbol: AMD
status: 200
Fetching StockTwits symbol: ORCL
status: 200
Fetching StockTwits symbol: ADBE
status: 200
Fetching StockTwits symbol: CRM
status: 200
Fetching StockTwits symbol: NFLX
status: 200
Fetching StockTwits symbol: INTC
status: 200
Fetching StockTwits symbol: QCOM
status: 200
Fetching StockTwits symbol: TXN
status: 200
Fetching StockTwits symbol: MU
status: 200
Fetching StockTwits symbol: AMAT
status: 200
Fetching StockTwits symbol: LRCX
status: 200
{'seen': 600, 'kept': 519, 'upserted': 92, 'modified': 427}
===== 5m rolling social counts =====
{"ok":true,"counts":{"StockTwits":519,"Bluesky":185,"Reddit":15},"rows":[{"_id":"StockTwits","count":519},{"_id":"Bluesky","count":185},{"_id":"Reddit","count":15}],"total":719,"window_minutes":5,"since_sec":1781218661,"now_sec":1781218961}

===== PUBLIC SOCIAL COLLECTOR RUN Thu Jun 11 17:16:26 MDT 2026 =====
--- Reddit public finance RSS ---
Fetching https://www.reddit.com/r/stocks/new/.rss
Fetching https://www.reddit.com/r/StockMarket/new/.rss
Failed StockMarket: 429 Client Error: Too Many Requests for url: https://www.reddit.com/r/StockMarket/new/.rss
Fetching https://www.reddit.com/r/investing/new/.rss
Failed investing: 429 Client Error: Too Many Requests for url: https://www.reddit.com/r/investing/new/.rss
Fetching https://www.reddit.com/r/SecurityAnalysis/new/.rss
Failed SecurityAnalysis: 429 Client Error: Too Many Requests for url: https://www.reddit.com/r/SecurityAnalysis/new/.rss
{'seen': 15, 'kept': 15, 'upserted': 1, 'modified': 14}
--- Bluesky public search API ---
Fetching Bluesky query: stocks
status: 200
Fetching Bluesky query: earnings
status: 200
Fetching Bluesky query: stock market
status: 200
Fetching Bluesky query: short squeeze
status: 200
Fetching Bluesky query: IPO
status: 200
Fetching Bluesky query: merger acquisition
status: 200
Fetching Bluesky query: FDA approval stock
status: 200
Fetching Bluesky query: SEC investigation stock
status: 200
Fetching Bluesky query: options trading
status: 200
Fetching Bluesky query: $AAPL
status: 200
Fetching Bluesky query: $TSLA
status: 403
<html><body><h1>403 Forbidden</h1>
Request forbidden by administrative rules.
</body></html>


Fetching Bluesky query: $NVDA
status: 403
<html><body><h1>403 Forbidden</h1>
Request forbidden by administrative rules.
</body></html>


Fetching Bluesky query: $AMD
status: 403
<html><body><h1>403 Forbidden</h1>
Request forbidden by administrative rules.
</body></html>


{'seen': 199, 'kept': 179, 'upserted': 47, 'modified': 132}
--- StockTwits public symbol streams ---
Fetching StockTwits symbol: AAPL
status: 200
Fetching StockTwits symbol: MSFT
status: 200
Fetching StockTwits symbol: NVDA
status: 200
Fetching StockTwits symbol: AMZN
status: 200
Fetching StockTwits symbol: META
status: 200
Fetching StockTwits symbol: GOOGL
status: 200
Fetching StockTwits symbol: GOOG
status: 200
Fetching StockTwits symbol: TSLA
status: 200
Fetching StockTwits symbol: AVGO
status: 200
Fetching StockTwits symbol: AMD
status: 200
Fetching StockTwits symbol: ORCL
status: 200
Fetching StockTwits symbol: ADBE
status: 200
Fetching StockTwits symbol: CRM
status: 200
Fetching StockTwits symbol: NFLX
status: 200
Fetching StockTwits symbol: INTC
status: 200
Fetching StockTwits symbol: QCOM
status: 200
Fetching StockTwits symbol: TXN
status: 200
Fetching StockTwits symbol: MU
status: 200
Fetching StockTwits symbol: AMAT
status: 200
Fetching StockTwits symbol: LRCX
status: 200
{'seen': 600, 'kept': 521, 'upserted': 47, 'modified': 474}
===== 5m rolling social counts =====
{"ok":true,"counts":{"StockTwits":521,"Bluesky":179,"Reddit":15},"rows":[{"_id":"StockTwits","count":521},{"_id":"Bluesky","count":179},{"_id":"Reddit","count":15}],"total":715,"window_minutes":5,"since_sec":1781219502,"now_sec":1781219803}

===== PUBLIC SOCIAL COLLECTOR RUN Thu Jun 11 17:22:18 MDT 2026 =====
--- Reddit public finance RSS ---
Fetching https://www.reddit.com/r/stocks/new/.rss
Fetching https://www.reddit.com/r/StockMarket/new/.rss
Failed StockMarket: 429 Client Error: Too Many Requests for url: https://www.reddit.com/r/StockMarket/new/.rss
Fetching https://www.reddit.com/r/investing/new/.rss
Failed investing: 429 Client Error: Too Many Requests for url: https://www.reddit.com/r/investing/new/.rss
Fetching https://www.reddit.com/r/SecurityAnalysis/new/.rss
Failed SecurityAnalysis: 429 Client Error: Too Many Requests for url: https://www.reddit.com/r/SecurityAnalysis/new/.rss
{'seen': 15, 'kept': 15, 'upserted': 0, 'modified': 15}
--- Bluesky public search API ---
Fetching Bluesky query: stocks
status: 200
Fetching Bluesky query: earnings
status: 200
Fetching Bluesky query: stock market
status: 200
Fetching Bluesky query: short squeeze
status: 200
Fetching Bluesky query: IPO
status: 200
Fetching Bluesky query: merger acquisition
status: 200
Fetching Bluesky query: FDA approval stock
status: 200
Fetching Bluesky query: SEC investigation stock
status: 200
Fetching Bluesky query: options trading
status: 200
Fetching Bluesky query: $AAPL
status: 200
Fetching Bluesky query: $TSLA
status: 403
<html><body><h1>403 Forbidden</h1>
Request forbidden by administrative rules.
</body></html>


Fetching Bluesky query: $NVDA
status: 403
<html><body><h1>403 Forbidden</h1>
Request forbidden by administrative rules.
</body></html>


Fetching Bluesky query: $AMD
status: 403
<html><body><h1>403 Forbidden</h1>
Request forbidden by administrative rules.
</body></html>


{'seen': 199, 'kept': 177, 'upserted': 32, 'modified': 145}
--- StockTwits public symbol streams ---
Fetching StockTwits symbol: AAPL
status: 200
Fetching StockTwits symbol: MSFT
status: 200
Fetching StockTwits symbol: NVDA
status: 200
Fetching StockTwits symbol: AMZN
status: 200
Fetching StockTwits symbol: META
status: 200
Fetching StockTwits symbol: GOOGL
status: 200
Fetching StockTwits symbol: GOOG
status: 200
Fetching StockTwits symbol: TSLA
status: 200
Fetching StockTwits symbol: AVGO
status: 200
Fetching StockTwits symbol: AMD
status: 200
Fetching StockTwits symbol: ORCL
status: 200
Fetching StockTwits symbol: ADBE
status: 200
Fetching StockTwits symbol: CRM
status: 200
Fetching StockTwits symbol: NFLX
status: 200
Fetching StockTwits symbol: INTC
status: 200
Fetching StockTwits symbol: QCOM
status: 200
Fetching StockTwits symbol: TXN
status: 200
Fetching StockTwits symbol: MU
status: 200
Fetching StockTwits symbol: AMAT
status: 200
Fetching StockTwits symbol: LRCX
status: 200
{'seen': 600, 'kept': 522, 'upserted': 20, 'modified': 502}
===== 5m rolling social counts =====
{"ok":true,"counts":{"StockTwits":522,"Bluesky":177,"Reddit":15},"rows":[{"_id":"StockTwits","count":522},{"_id":"Bluesky","count":177},{"_id":"Reddit","count":15}],"total":714,"window_minutes":5,"since_sec":1781219853,"now_sec":1781220153}

===== PUBLIC SOCIAL COLLECTOR RUN Thu Jun 11 17:30:52 MDT 2026 =====
--- Reddit public finance RSS ---
Fetching https://www.reddit.com/r/stocks/new/.rss
Fetching https://www.reddit.com/r/StockMarket/new/.rss
Failed StockMarket: 429 Client Error: Too Many Requests for url: https://www.reddit.com/r/StockMarket/new/.rss
Fetching https://www.reddit.com/r/investing/new/.rss
Failed investing: 429 Client Error: Too Many Requests for url: https://www.reddit.com/r/investing/new/.rss
Fetching https://www.reddit.com/r/SecurityAnalysis/new/.rss
Failed SecurityAnalysis: 429 Client Error: Too Many Requests for url: https://www.reddit.com/r/SecurityAnalysis/new/.rss
{'seen': 15, 'kept': 15, 'upserted': 0, 'modified': 15}
--- Bluesky public search API ---
Fetching Bluesky query: stocks
status: 200
Fetching Bluesky query: earnings
status: 200
Fetching Bluesky query: stock market
status: 200
Fetching Bluesky query: short squeeze
status: 200
Fetching Bluesky query: IPO
status: 200
Fetching Bluesky query: merger acquisition
status: 200
Fetching Bluesky query: FDA approval stock
Bluesky FDA approval stock: SKIP HTTPSConnectionPool(host='api.bsky.app', port=443): Read timed out. (read timeout=25)
Fetching Bluesky query: SEC investigation stock
status: 200
Fetching Bluesky query: options trading
status: 200
Fetching Bluesky query: $AAPL
status: 200
Fetching Bluesky query: $TSLA
status: 200
Fetching Bluesky query: $NVDA
status: 200
Fetching Bluesky query: $AMD
status: 200
{'seen': 238, 'kept': 198, 'upserted': 39, 'modified': 159}
--- StockTwits public symbol streams ---
Fetching StockTwits symbol: AAPL
status: 200
Fetching StockTwits symbol: MSFT
status: 200
Fetching StockTwits symbol: NVDA
status: 200
Fetching StockTwits symbol: AMZN
status: 200
Fetching StockTwits symbol: META
status: 200
Fetching StockTwits symbol: GOOGL
status: 200
Fetching StockTwits symbol: GOOG
status: 200
Fetching StockTwits symbol: TSLA
status: 200
Fetching StockTwits symbol: AVGO
status: 200
Fetching StockTwits symbol: AMD
status: 200
Fetching StockTwits symbol: ORCL
status: 200
Fetching StockTwits symbol: ADBE
status: 200
Fetching StockTwits symbol: CRM
status: 200
Fetching StockTwits symbol: NFLX
status: 200
Fetching StockTwits symbol: INTC
status: 200
Fetching StockTwits symbol: QCOM
status: 200
Fetching StockTwits symbol: TXN
status: 200
Fetching StockTwits symbol: MU
status: 200
Fetching StockTwits symbol: AMAT
status: 200
Fetching StockTwits symbol: LRCX
status: 200
{'seen': 600, 'kept': 526, 'upserted': 73, 'modified': 453}
===== 5m rolling social counts =====
{"ok":true,"counts":{"StockTwits":526,"Bluesky":80},"rows":[{"_id":"StockTwits","count":526},{"_id":"Bluesky","count":80}],"total":606,"window_minutes":5,"since_sec":1781220974,"now_sec":1781221274}

===== PUBLIC SOCIAL COLLECTOR RUN Thu Jun 11 17:42:14 MDT 2026 =====
--- Reddit public finance RSS ---
Fetching https://www.reddit.com/r/stocks/new/.rss
Fetching https://www.reddit.com/r/StockMarket/new/.rss
Failed StockMarket: 429 Client Error: Too Many Requests for url: https://www.reddit.com/r/StockMarket/new/.rss
Fetching https://www.reddit.com/r/investing/new/.rss
Failed investing: 429 Client Error: Too Many Requests for url: https://www.reddit.com/r/investing/new/.rss
Fetching https://www.reddit.com/r/SecurityAnalysis/new/.rss
Failed SecurityAnalysis: 429 Client Error: Too Many Requests for url: https://www.reddit.com/r/SecurityAnalysis/new/.rss
{'seen': 15, 'kept': 15, 'upserted': 0, 'modified': 15}
--- Bluesky public search API ---
Fetching Bluesky query: stocks
status: 200
Fetching Bluesky query: earnings
status: 200
Fetching Bluesky query: stock market
status: 200
Fetching Bluesky query: short squeeze
status: 200
Fetching Bluesky query: IPO
status: 200
Fetching Bluesky query: merger acquisition
status: 200
Fetching Bluesky query: FDA approval stock
status: 200
Fetching Bluesky query: SEC investigation stock
status: 200
Fetching Bluesky query: options trading
status: 200
Fetching Bluesky query: $AAPL
status: 200
Fetching Bluesky query: $TSLA
status: 403
<html><body><h1>403 Forbidden</h1>
Request forbidden by administrative rules.
</body></html>


Fetching Bluesky query: $NVDA
status: 403
<html><body><h1>403 Forbidden</h1>
Request forbidden by administrative rules.
</body></html>


Fetching Bluesky query: $AMD
status: 403
<html><body><h1>403 Forbidden</h1>
Request forbidden by administrative rules.
</body></html>


{'seen': 199, 'kept': 177, 'upserted': 42, 'modified': 135}
--- StockTwits public symbol streams ---
Fetching StockTwits symbol: AAPL
status: 200
Fetching StockTwits symbol: MSFT
status: 200
Fetching StockTwits symbol: NVDA
status: 200
Fetching StockTwits symbol: AMZN
status: 200
Fetching StockTwits symbol: META
status: 200
Fetching StockTwits symbol: GOOGL
status: 200
Fetching StockTwits symbol: GOOG
status: 200
Fetching StockTwits symbol: TSLA
status: 200
Fetching StockTwits symbol: AVGO
status: 200
Fetching StockTwits symbol: AMD
status: 200
Fetching StockTwits symbol: ORCL
status: 200
Fetching StockTwits symbol: ADBE
status: 200
Fetching StockTwits symbol: CRM
status: 200
Fetching StockTwits symbol: NFLX
status: 200
Fetching StockTwits symbol: INTC
status: 200
Fetching StockTwits symbol: QCOM
status: 200
Fetching StockTwits symbol: TXN
status: 200
Fetching StockTwits symbol: MU
status: 200
Fetching StockTwits symbol: AMAT
status: 200
Fetching StockTwits symbol: LRCX
status: 200
{'seen': 600, 'kept': 525, 'upserted': 3, 'modified': 522}
===== 5m rolling social counts =====
{"ok":true,"counts":{"StockTwits":529,"Bluesky":215,"Reddit":15},"rows":[{"_id":"StockTwits","count":529},{"_id":"Bluesky","count":215},{"_id":"Reddit","count":15}],"total":759,"window_minutes":5,"since_sec":1781221048,"now_sec":1781221348}

===== PUBLIC SOCIAL COLLECTOR RUN Thu Jun 11 17:43:28 MDT 2026 =====
--- Reddit public finance RSS ---
Fetching https://www.reddit.com/r/stocks/new/.rss
Fetching https://www.reddit.com/r/StockMarket/new/.rss
Failed StockMarket: 429 Client Error: Too Many Requests for url: https://www.reddit.com/r/StockMarket/new/.rss
Fetching https://www.reddit.com/r/investing/new/.rss
Failed investing: 429 Client Error: Too Many Requests for url: https://www.reddit.com/r/investing/new/.rss
Fetching https://www.reddit.com/r/SecurityAnalysis/new/.rss
Failed SecurityAnalysis: 429 Client Error: Too Many Requests for url: https://www.reddit.com/r/SecurityAnalysis/new/.rss
{'seen': 15, 'kept': 15, 'upserted': 0, 'modified': 15}
--- Bluesky public search API ---
Fetching Bluesky query: stocks
status: 200
Fetching Bluesky query: earnings
status: 200
Fetching Bluesky query: stock market
status: 200
Fetching Bluesky query: short squeeze
status: 200
Fetching Bluesky query: IPO
status: 200
Fetching Bluesky query: merger acquisition
status: 200
Fetching Bluesky query: FDA approval stock
status: 200
Fetching Bluesky query: SEC investigation stock
status: 200
Fetching Bluesky query: options trading
status: 200
Fetching Bluesky query: $AAPL
status: 200
Fetching Bluesky query: $TSLA
status: 403
<html><body><h1>403 Forbidden</h1>
Request forbidden by administrative rules.
</body></html>


Fetching Bluesky query: $NVDA
status: 403
<html><body><h1>403 Forbidden</h1>
Request forbidden by administrative rules.
</body></html>


Fetching Bluesky query: $AMD
status: 403
<html><body><h1>403 Forbidden</h1>
Request forbidden by administrative rules.
</body></html>


{'seen': 199, 'kept': 177, 'upserted': 3, 'modified': 174}
--- StockTwits public symbol streams ---
Fetching StockTwits symbol: AAPL
status: 200
Fetching StockTwits symbol: MSFT
status: 200
Fetching StockTwits symbol: NVDA
status: 200
Fetching StockTwits symbol: AMZN
status: 200
Fetching StockTwits symbol: META
status: 200
Fetching StockTwits symbol: GOOGL
status: 200
Fetching StockTwits symbol: GOOG
status: 200
Fetching StockTwits symbol: TSLA
status: 200
Fetching StockTwits symbol: AVGO
status: 200
Fetching StockTwits symbol: AMD
status: 200
Fetching StockTwits symbol: ORCL
status: 200
Fetching StockTwits symbol: ADBE
status: 200
Fetching StockTwits symbol: CRM
status: 200
Fetching StockTwits symbol: NFLX
status: 200
Fetching StockTwits symbol: INTC
status: 200
Fetching StockTwits symbol: QCOM
status: 200
Fetching StockTwits symbol: TXN
status: 200
Fetching StockTwits symbol: MU
status: 200
Fetching StockTwits symbol: AMAT
status: 200
Fetching StockTwits symbol: LRCX
status: 200
{'seen': 600, 'kept': 527, 'upserted': 5, 'modified': 522}
===== 5m rolling social counts =====
{"ok":true,"counts":{"StockTwits":534,"Bluesky":218,"Reddit":15},"rows":[{"_id":"StockTwits","count":534},{"_id":"Bluesky","count":218},{"_id":"Reddit","count":15}],"total":767,"window_minutes":5,"since_sec":1781221123,"now_sec":1781221423}

===== PUBLIC SOCIAL COLLECTOR RUN Thu Jun 11 17:44:43 MDT 2026 =====
--- Reddit public finance RSS ---
Fetching https://www.reddit.com/r/stocks/new/.rss
Fetching https://www.reddit.com/r/StockMarket/new/.rss
Failed StockMarket: 429 Client Error: Too Many Requests for url: https://www.reddit.com/r/StockMarket/new/.rss
Fetching https://www.reddit.com/r/investing/new/.rss
Failed investing: 429 Client Error: Too Many Requests for url: https://www.reddit.com/r/investing/new/.rss
Fetching https://www.reddit.com/r/SecurityAnalysis/new/.rss
Failed SecurityAnalysis: 429 Client Error: Too Many Requests for url: https://www.reddit.com/r/SecurityAnalysis/new/.rss
{'seen': 15, 'kept': 15, 'upserted': 0, 'modified': 15}
--- Bluesky public search API ---
Fetching Bluesky query: stocks
status: 200
Fetching Bluesky query: earnings
status: 200
Fetching Bluesky query: stock market
status: 200
Fetching Bluesky query: short squeeze
status: 200
Fetching Bluesky query: IPO
status: 200
Fetching Bluesky query: merger acquisition
status: 200
Fetching Bluesky query: FDA approval stock
status: 200
Fetching Bluesky query: SEC investigation stock
status: 200
Fetching Bluesky query: options trading
status: 200
Fetching Bluesky query: $AAPL
status: 200
Fetching Bluesky query: $TSLA
status: 403
<html><body><h1>403 Forbidden</h1>
Request forbidden by administrative rules.
</body></html>


Fetching Bluesky query: $NVDA
status: 403
<html><body><h1>403 Forbidden</h1>
Request forbidden by administrative rules.
</body></html>


Fetching Bluesky query: $AMD
status: 403
<html><body><h1>403 Forbidden</h1>
Request forbidden by administrative rules.
</body></html>


{'seen': 199, 'kept': 176, 'upserted': 9, 'modified': 167}
--- StockTwits public symbol streams ---
Fetching StockTwits symbol: AAPL
status: 200
Fetching StockTwits symbol: MSFT
status: 200
Fetching StockTwits symbol: NVDA
status: 200
Fetching StockTwits symbol: AMZN
status: 200
Fetching StockTwits symbol: META
status: 200
Fetching StockTwits symbol: GOOGL
status: 200
Fetching StockTwits symbol: GOOG
status: 200
Fetching StockTwits symbol: TSLA
status: 200
Fetching StockTwits symbol: AVGO
status: 200
Fetching StockTwits symbol: AMD
status: 200
Fetching StockTwits symbol: ORCL
status: 200
Fetching StockTwits symbol: ADBE
status: 200
Fetching StockTwits symbol: CRM
status: 200
Fetching StockTwits symbol: NFLX
status: 200
Fetching StockTwits symbol: INTC
status: 200
Fetching StockTwits symbol: QCOM
status: 200
Fetching StockTwits symbol: TXN
status: 200
Fetching StockTwits symbol: MU
status: 200
Fetching StockTwits symbol: AMAT
status: 200
Fetching StockTwits symbol: LRCX
status: 200
{'seen': 600, 'kept': 527, 'upserted': 1, 'modified': 526}
===== 5m rolling social counts =====
{"ok":true,"counts":{"StockTwits":535,"Bluesky":227,"Reddit":15},"rows":[{"_id":"StockTwits","count":535},{"_id":"Bluesky","count":227},{"_id":"Reddit","count":15}],"total":777,"window_minutes":5,"since_sec":1781221197,"now_sec":1781221497}

===== PUBLIC SOCIAL COLLECTOR RUN Thu Jun 11 17:45:57 MDT 2026 =====
--- Reddit public finance RSS ---
Fetching https://www.reddit.com/r/stocks/new/.rss
Fetching https://www.reddit.com/r/StockMarket/new/.rss
Fetching https://www.reddit.com/r/investing/new/.rss
Failed investing: 429 Client Error: Too Many Requests for url: https://www.reddit.com/r/investing/new/.rss
Fetching https://www.reddit.com/r/SecurityAnalysis/new/.rss
Failed SecurityAnalysis: 429 Client Error: Too Many Requests for url: https://www.reddit.com/r/SecurityAnalysis/new/.rss
{'seen': 30, 'kept': 30, 'upserted': 1, 'modified': 29}
--- Bluesky public search API ---
Fetching Bluesky query: stocks
status: 200
Fetching Bluesky query: earnings
status: 200
Fetching Bluesky query: stock market
status: 200
Fetching Bluesky query: short squeeze
status: 200
Fetching Bluesky query: IPO
status: 200
Fetching Bluesky query: merger acquisition
status: 200
Fetching Bluesky query: FDA approval stock
status: 200
Fetching Bluesky query: SEC investigation stock
status: 200
Fetching Bluesky query: options trading
status: 200
Fetching Bluesky query: $AAPL
status: 200
Fetching Bluesky query: $TSLA
status: 403
<html><body><h1>403 Forbidden</h1>
Request forbidden by administrative rules.
</body></html>


Fetching Bluesky query: $NVDA
status: 403
<html><body><h1>403 Forbidden</h1>
Request forbidden by administrative rules.
</body></html>


Fetching Bluesky query: $AMD
status: 403
<html><body><h1>403 Forbidden</h1>
Request forbidden by administrative rules.
</body></html>


{'seen': 199, 'kept': 177, 'upserted': 8, 'modified': 169}
--- StockTwits public symbol streams ---
Fetching StockTwits symbol: AAPL
status: 200
Fetching StockTwits symbol: MSFT
status: 200
Fetching StockTwits symbol: NVDA
status: 200
Fetching StockTwits symbol: AMZN
status: 200
Fetching StockTwits symbol: META
status: 200
Fetching StockTwits symbol: GOOGL
status: 200
Fetching StockTwits symbol: GOOG
status: 200
Fetching StockTwits symbol: TSLA
status: 200
Fetching StockTwits symbol: AVGO
status: 200
Fetching StockTwits symbol: AMD
status: 200
Fetching StockTwits symbol: ORCL
status: 200
Fetching StockTwits symbol: ADBE
status: 200
Fetching StockTwits symbol: CRM
status: 200
Fetching StockTwits symbol: NFLX
status: 200
Fetching StockTwits symbol: INTC
status: 200
Fetching StockTwits symbol: QCOM
status: 200
Fetching StockTwits symbol: TXN
status: 200
Fetching StockTwits symbol: MU
status: 200
Fetching StockTwits symbol: AMAT
status: 200
Fetching StockTwits symbol: LRCX
status: 200
{'seen': 600, 'kept': 527, 'upserted': 2, 'modified': 525}
===== 5m rolling social counts =====
{"ok":true,"counts":{"StockTwits":533,"Bluesky":197,"Reddit":30},"rows":[{"_id":"StockTwits","count":533},{"_id":"Bluesky","count":197},{"_id":"Reddit","count":30}],"total":760,"window_minutes":5,"since_sec":1781221280,"now_sec":1781221580}

===== PUBLIC SOCIAL COLLECTOR RUN Thu Jun 11 17:47:20 MDT 2026 =====
--- Reddit public finance RSS ---
Fetching https://www.reddit.com/r/stocks/new/.rss
Fetching https://www.reddit.com/r/StockMarket/new/.rss
Failed StockMarket: 429 Client Error: Too Many Requests for url: https://www.reddit.com/r/StockMarket/new/.rss
Fetching https://www.reddit.com/r/investing/new/.rss
Failed investing: 429 Client Error: Too Many Requests for url: https://www.reddit.com/r/investing/new/.rss
Fetching https://www.reddit.com/r/SecurityAnalysis/new/.rss
Failed SecurityAnalysis: 429 Client Error: Too Many Requests for url: https://www.reddit.com/r/SecurityAnalysis/new/.rss
{'seen': 15, 'kept': 15, 'upserted': 0, 'modified': 15}
--- Bluesky public search API ---
Fetching Bluesky query: stocks
status: 200
Fetching Bluesky query: earnings
status: 200
Fetching Bluesky query: stock market
status: 200
Fetching Bluesky query: short squeeze
status: 200
Fetching Bluesky query: IPO
status: 200
Fetching Bluesky query: merger acquisition
status: 200
Fetching Bluesky query: FDA approval stock
status: 200
Fetching Bluesky query: SEC investigation stock
status: 200
Fetching Bluesky query: options trading
status: 200
Fetching Bluesky query: $AAPL
status: 200
Fetching Bluesky query: $TSLA
status: 403
<html><body><h1>403 Forbidden</h1>
Request forbidden by administrative rules.
</body></html>


Fetching Bluesky query: $NVDA
status: 403
<html><body><h1>403 Forbidden</h1>
Request forbidden by administrative rules.
</body></html>


Fetching Bluesky query: $AMD
status: 403
<html><body><h1>403 Forbidden</h1>
Request forbidden by administrative rules.
</body></html>


{'seen': 199, 'kept': 177, 'upserted': 5, 'modified': 172}
--- StockTwits public symbol streams ---
Fetching StockTwits symbol: AAPL
status: 200
Fetching StockTwits symbol: MSFT
status: 200
Fetching StockTwits symbol: NVDA
status: 200
Fetching StockTwits symbol: AMZN
status: 200
Fetching StockTwits symbol: META
status: 200
Fetching StockTwits symbol: GOOGL
status: 200
Fetching StockTwits symbol: GOOG
status: 200
Fetching StockTwits symbol: TSLA
status: 200
Fetching StockTwits symbol: AVGO
status: 200
Fetching StockTwits symbol: AMD
status: 200
Fetching StockTwits symbol: ORCL
status: 200
Fetching StockTwits symbol: ADBE
status: 200
Fetching StockTwits symbol: CRM
status: 200
Fetching StockTwits symbol: NFLX
status: 200
Fetching StockTwits symbol: INTC
status: 200
Fetching StockTwits symbol: QCOM
status: 200
Fetching StockTwits symbol: TXN
status: 200
Fetching StockTwits symbol: MU
status: 200
Fetching StockTwits symbol: AMAT
status: 200
Fetching StockTwits symbol: LRCX
status: 200
{'seen': 600, 'kept': 527, 'upserted': 6, 'modified': 521}
===== 5m rolling social counts =====
{"ok":true,"counts":{"StockTwits":536,"Bluesky":199,"Reddit":30},"rows":[{"_id":"StockTwits","count":536},{"_id":"Bluesky","count":199},{"_id":"Reddit","count":30}],"total":765,"window_minutes":5,"since_sec":1781221355,"now_sec":1781221655}

===== PUBLIC SOCIAL COLLECTOR RUN Thu Jun 11 17:48:35 MDT 2026 =====
--- Reddit public finance RSS ---
Fetching https://www.reddit.com/r/stocks/new/.rss
Fetching https://www.reddit.com/r/StockMarket/new/.rss
Failed StockMarket: 429 Client Error: Too Many Requests for url: https://www.reddit.com/r/StockMarket/new/.rss
Fetching https://www.reddit.com/r/investing/new/.rss
Failed investing: 429 Client Error: Too Many Requests for url: https://www.reddit.com/r/investing/new/.rss
Fetching https://www.reddit.com/r/SecurityAnalysis/new/.rss
Failed SecurityAnalysis: 429 Client Error: Too Many Requests for url: https://www.reddit.com/r/SecurityAnalysis/new/.rss
{'seen': 15, 'kept': 15, 'upserted': 0, 'modified': 15}
--- Bluesky public search API ---
Fetching Bluesky query: stocks
status: 200
Fetching Bluesky query: earnings
status: 200
Fetching Bluesky query: stock market
status: 200
Fetching Bluesky query: short squeeze
status: 200
Fetching Bluesky query: IPO
status: 200
Fetching Bluesky query: merger acquisition
status: 200
Fetching Bluesky query: FDA approval stock
status: 200
Fetching Bluesky query: SEC investigation stock
status: 200
Fetching Bluesky query: options trading
status: 200
Fetching Bluesky query: $AAPL
status: 200
Fetching Bluesky query: $TSLA
status: 403
<html><body><h1>403 Forbidden</h1>
Request forbidden by administrative rules.
</body></html>


Fetching Bluesky query: $NVDA
status: 403
<html><body><h1>403 Forbidden</h1>
Request forbidden by administrative rules.
</body></html>


Fetching Bluesky query: $AMD
status: 403
<html><body><h1>403 Forbidden</h1>
Request forbidden by administrative rules.
</body></html>


{'seen': 199, 'kept': 176, 'upserted': 4, 'modified': 172}
--- StockTwits public symbol streams ---
Fetching StockTwits symbol: AAPL
status: 200
Fetching StockTwits symbol: MSFT
status: 200
Fetching StockTwits symbol: NVDA
status: 200
Fetching StockTwits symbol: AMZN
status: 200
Fetching StockTwits symbol: META
status: 200
Fetching StockTwits symbol: GOOGL
status: 200
Fetching StockTwits symbol: GOOG
status: 200
Fetching StockTwits symbol: TSLA
status: 200
Fetching StockTwits symbol: AVGO
status: 200
Fetching StockTwits symbol: AMD
status: 200
Fetching StockTwits symbol: ORCL
status: 200
Fetching StockTwits symbol: ADBE
status: 200
Fetching StockTwits symbol: CRM
status: 200
Fetching StockTwits symbol: NFLX
status: 200
Fetching StockTwits symbol: INTC
status: 200
Fetching StockTwits symbol: QCOM
status: 200
Fetching StockTwits symbol: TXN
status: 200
Fetching StockTwits symbol: MU
status: 200
Fetching StockTwits symbol: AMAT
status: 200
Fetching StockTwits symbol: LRCX
status: 200
{'seen': 600, 'kept': 527, 'upserted': 4, 'modified': 523}
===== 5m rolling social counts =====
{"ok":true,"counts":{"StockTwits":539,"Bluesky":193,"Reddit":30},"rows":[{"_id":"StockTwits","count":539},{"_id":"Bluesky","count":193},{"_id":"Reddit","count":30}],"total":762,"window_minutes":5,"since_sec":1781221430,"now_sec":1781221731}

===== PUBLIC SOCIAL COLLECTOR RUN Thu Jun 11 17:49:51 MDT 2026 =====
--- Reddit public finance RSS ---
Fetching https://www.reddit.com/r/stocks/new/.rss
Fetching https://www.reddit.com/r/StockMarket/new/.rss
Failed StockMarket: 429 Client Error: Too Many Requests for url: https://www.reddit.com/r/StockMarket/new/.rss
Fetching https://www.reddit.com/r/investing/new/.rss
Failed investing: 429 Client Error: Too Many Requests for url: https://www.reddit.com/r/investing/new/.rss
Fetching https://www.reddit.com/r/SecurityAnalysis/new/.rss
Failed SecurityAnalysis: 429 Client Error: Too Many Requests for url: https://www.reddit.com/r/SecurityAnalysis/new/.rss
{'seen': 15, 'kept': 15, 'upserted': 0, 'modified': 15}
--- Bluesky public search API ---
Fetching Bluesky query: stocks
status: 200
Fetching Bluesky query: earnings
status: 200
Fetching Bluesky query: stock market
status: 200
Fetching Bluesky query: short squeeze
status: 200
Fetching Bluesky query: IPO
status: 200
Fetching Bluesky query: merger acquisition
status: 200
Fetching Bluesky query: FDA approval stock
status: 200
Fetching Bluesky query: SEC investigation stock
status: 200
Fetching Bluesky query: options trading
status: 200
Fetching Bluesky query: $AAPL
status: 200
Fetching Bluesky query: $TSLA
status: 403
<html><body><h1>403 Forbidden</h1>
Request forbidden by administrative rules.
</body></html>


Fetching Bluesky query: $NVDA
status: 403
<html><body><h1>403 Forbidden</h1>
Request forbidden by administrative rules.
</body></html>


Fetching Bluesky query: $AMD
status: 403
<html><body><h1>403 Forbidden</h1>
Request forbidden by administrative rules.
</body></html>


{'seen': 199, 'kept': 176, 'upserted': 4, 'modified': 172}
--- StockTwits public symbol streams ---
Fetching StockTwits symbol: AAPL
status: 200
Fetching StockTwits symbol: MSFT
status: 200
Fetching StockTwits symbol: NVDA
status: 200
Fetching StockTwits symbol: AMZN
status: 200
Fetching StockTwits symbol: META
status: 200
Fetching StockTwits symbol: GOOGL
status: 200
Fetching StockTwits symbol: GOOG
status: 200
Fetching StockTwits symbol: TSLA
status: 200
Fetching StockTwits symbol: AVGO
status: 200
Fetching StockTwits symbol: AMD
status: 200
Fetching StockTwits symbol: ORCL
status: 200
Fetching StockTwits symbol: ADBE
status: 200
Fetching StockTwits symbol: CRM
status: 200
Fetching StockTwits symbol: NFLX
status: 200
Fetching StockTwits symbol: INTC
status: 200
Fetching StockTwits symbol: QCOM
status: 200
Fetching StockTwits symbol: TXN
status: 200
Fetching StockTwits symbol: MU
status: 200
Fetching StockTwits symbol: AMAT
status: 200
Fetching StockTwits symbol: LRCX
status: 200
{'seen': 600, 'kept': 530, 'upserted': 8, 'modified': 522}
===== 5m rolling social counts =====
{"ok":true,"counts":{"StockTwits":545,"Bluesky":190,"Reddit":30},"rows":[{"_id":"StockTwits","count":545},{"_id":"Bluesky","count":190},{"_id":"Reddit","count":30}],"total":765,"window_minutes":5,"since_sec":1781221507,"now_sec":1781221808}

===== PUBLIC SOCIAL COLLECTOR RUN Thu Jun 11 17:51:08 MDT 2026 =====
--- Reddit public finance RSS ---
Fetching https://www.reddit.com/r/stocks/new/.rss
Fetching https://www.reddit.com/r/StockMarket/new/.rss
Failed StockMarket: 429 Client Error: Too Many Requests for url: https://www.reddit.com/r/StockMarket/new/.rss
Fetching https://www.reddit.com/r/investing/new/.rss
Failed investing: 429 Client Error: Too Many Requests for url: https://www.reddit.com/r/investing/new/.rss
Fetching https://www.reddit.com/r/SecurityAnalysis/new/.rss
Failed SecurityAnalysis: 429 Client Error: Too Many Requests for url: https://www.reddit.com/r/SecurityAnalysis/new/.rss
{'seen': 15, 'kept': 15, 'upserted': 0, 'modified': 15}
--- Bluesky public search API ---
Fetching Bluesky query: stocks
status: 200
Fetching Bluesky query: earnings
status: 200
Fetching Bluesky query: stock market
status: 200
Fetching Bluesky query: short squeeze
status: 200
Fetching Bluesky query: IPO
status: 200
Fetching Bluesky query: merger acquisition
status: 200
Fetching Bluesky query: FDA approval stock
status: 200
Fetching Bluesky query: SEC investigation stock
status: 200
Fetching Bluesky query: options trading
status: 200
Fetching Bluesky query: $AAPL
status: 200
Fetching Bluesky query: $TSLA
status: 403
<html><body><h1>403 Forbidden</h1>
Request forbidden by administrative rules.
</body></html>


Fetching Bluesky query: $NVDA
status: 403
<html><body><h1>403 Forbidden</h1>
Request forbidden by administrative rules.
</body></html>


Fetching Bluesky query: $AMD
status: 403
<html><body><h1>403 Forbidden</h1>
Request forbidden by administrative rules.
</body></html>


{'seen': 199, 'kept': 174, 'upserted': 5, 'modified': 169}
--- StockTwits public symbol streams ---
Fetching StockTwits symbol: AAPL
status: 200
Fetching StockTwits symbol: MSFT
status: 200
Fetching StockTwits symbol: NVDA
status: 200
Fetching StockTwits symbol: AMZN
status: 200
Fetching StockTwits symbol: META
status: 200
Fetching StockTwits symbol: GOOGL
status: 200
Fetching StockTwits symbol: GOOG
status: 200
Fetching StockTwits symbol: TSLA
status: 200
Fetching StockTwits symbol: AVGO
status: 200
Fetching StockTwits symbol: AMD
status: 200
Fetching StockTwits symbol: ORCL
status: 200
Fetching StockTwits symbol: ADBE
status: 200
Fetching StockTwits symbol: CRM
status: 200
Fetching StockTwits symbol: NFLX
status: 200
Fetching StockTwits symbol: INTC
status: 200
Fetching StockTwits symbol: QCOM
status: 200
Fetching StockTwits symbol: TXN
status: 200
Fetching StockTwits symbol: MU
status: 200
Fetching StockTwits symbol: AMAT
status: 200
Fetching StockTwits symbol: LRCX
status: 200
{'seen': 600, 'kept': 532, 'upserted': 9, 'modified': 523}
===== 5m rolling social counts =====
{"ok":true,"counts":{"StockTwits":548,"Bluesky":190,"Reddit":15},"rows":[{"_id":"StockTwits","count":548},{"_id":"Bluesky","count":190},{"_id":"Reddit","count":15}],"total":753,"window_minutes":5,"since_sec":1781221582,"now_sec":1781221882}

===== PUBLIC SOCIAL COLLECTOR RUN Thu Jun 11 17:52:22 MDT 2026 =====
--- Reddit public finance RSS ---
Fetching https://www.reddit.com/r/stocks/new/.rss
Fetching https://www.reddit.com/r/StockMarket/new/.rss
Failed StockMarket: 429 Client Error: Too Many Requests for url: https://www.reddit.com/r/StockMarket/new/.rss
Fetching https://www.reddit.com/r/investing/new/.rss
Failed investing: 429 Client Error: Too Many Requests for url: https://www.reddit.com/r/investing/new/.rss
Fetching https://www.reddit.com/r/SecurityAnalysis/new/.rss
Failed SecurityAnalysis: 429 Client Error: Too Many Requests for url: https://www.reddit.com/r/SecurityAnalysis/new/.rss
{'seen': 15, 'kept': 15, 'upserted': 0, 'modified': 15}
--- Bluesky public search API ---
Fetching Bluesky query: stocks
status: 200
Fetching Bluesky query: earnings
status: 200
Fetching Bluesky query: stock market
status: 200
Fetching Bluesky query: short squeeze
status: 200
Fetching Bluesky query: IPO
status: 200
Fetching Bluesky query: merger acquisition
status: 200
Fetching Bluesky query: FDA approval stock
status: 200
Fetching Bluesky query: SEC investigation stock
status: 200
Fetching Bluesky query: options trading
status: 200
Fetching Bluesky query: $AAPL
status: 200
Fetching Bluesky query: $TSLA
status: 403
<html><body><h1>403 Forbidden</h1>
Request forbidden by administrative rules.
</body></html>


Fetching Bluesky query: $NVDA
status: 403
<html><body><h1>403 Forbidden</h1>
Request forbidden by administrative rules.
</body></html>


Fetching Bluesky query: $AMD
status: 403
<html><body><h1>403 Forbidden</h1>
Request forbidden by administrative rules.
</body></html>


{'seen': 199, 'kept': 174, 'upserted': 2, 'modified': 172}
--- StockTwits public symbol streams ---
Fetching StockTwits symbol: AAPL
status: 200
Fetching StockTwits symbol: MSFT
status: 200
Fetching StockTwits symbol: NVDA
status: 200
Fetching StockTwits symbol: AMZN
status: 200
Fetching StockTwits symbol: META
status: 200
Fetching StockTwits symbol: GOOGL
status: 200
Fetching StockTwits symbol: GOOG
status: 200
Fetching StockTwits symbol: TSLA
status: 200
Fetching StockTwits symbol: AVGO
status: 200
Fetching StockTwits symbol: AMD
status: 200
Fetching StockTwits symbol: ORCL
status: 200
Fetching StockTwits symbol: ADBE
status: 200
Fetching StockTwits symbol: CRM
status: 200
Fetching StockTwits symbol: NFLX
status: 200
Fetching StockTwits symbol: INTC
status: 200
Fetching StockTwits symbol: QCOM
status: 200
Fetching StockTwits symbol: TXN
status: 200
Fetching StockTwits symbol: MU
status: 200
Fetching StockTwits symbol: AMAT
status: 200
Fetching StockTwits symbol: LRCX
status: 200
{'seen': 600, 'kept': 532, 'upserted': 3, 'modified': 529}
===== 5m rolling social counts =====
{"ok":true,"counts":{"StockTwits":547,"Bluesky":187,"Reddit":15},"rows":[{"_id":"StockTwits","count":547},{"_id":"Bluesky","count":187},{"_id":"Reddit","count":15}],"total":749,"window_minutes":5,"since_sec":1781221657,"now_sec":1781221957}

===== PUBLIC SOCIAL COLLECTOR RUN Thu Jun 11 17:53:37 MDT 2026 =====
--- Reddit public finance RSS ---
Fetching https://www.reddit.com/r/stocks/new/.rss
Fetching https://www.reddit.com/r/StockMarket/new/.rss
Failed StockMarket: 429 Client Error: Too Many Requests for url: https://www.reddit.com/r/StockMarket/new/.rss
Fetching https://www.reddit.com/r/investing/new/.rss
Failed investing: 429 Client Error: Too Many Requests for url: https://www.reddit.com/r/investing/new/.rss
Fetching https://www.reddit.com/r/SecurityAnalysis/new/.rss
Failed SecurityAnalysis: 429 Client Error: Too Many Requests for url: https://www.reddit.com/r/SecurityAnalysis/new/.rss
{'seen': 15, 'kept': 15, 'upserted': 0, 'modified': 15}
--- Bluesky public search API ---
Fetching Bluesky query: stocks
status: 200
Fetching Bluesky query: earnings
status: 200
Fetching Bluesky query: stock market
status: 200
Fetching Bluesky query: short squeeze
status: 200
Fetching Bluesky query: IPO
status: 200
Fetching Bluesky query: merger acquisition
status: 200
Fetching Bluesky query: FDA approval stock
status: 200
Fetching Bluesky query: SEC investigation stock
status: 200
Fetching Bluesky query: options trading
status: 200
Fetching Bluesky query: $AAPL
status: 200
Fetching Bluesky query: $TSLA
status: 403
<html><body><h1>403 Forbidden</h1>
Request forbidden by administrative rules.
</body></html>


Fetching Bluesky query: $NVDA
status: 403
<html><body><h1>403 Forbidden</h1>
Request forbidden by administrative rules.
</body></html>


Fetching Bluesky query: $AMD
status: 403
<html><body><h1>403 Forbidden</h1>
Request forbidden by administrative rules.
</body></html>


{'seen': 199, 'kept': 174, 'upserted': 10, 'modified': 164}
--- StockTwits public symbol streams ---
Fetching StockTwits symbol: AAPL
status: 200
Fetching StockTwits symbol: MSFT
status: 200
Fetching StockTwits symbol: NVDA
status: 200
Fetching StockTwits symbol: AMZN
status: 200
Fetching StockTwits symbol: META
status: 200
Fetching StockTwits symbol: GOOGL
status: 200
Fetching StockTwits symbol: GOOG
status: 200
Fetching StockTwits symbol: TSLA
status: 200
Fetching StockTwits symbol: AVGO
status: 200
Fetching StockTwits symbol: AMD
status: 200
Fetching StockTwits symbol: ORCL
status: 200
Fetching StockTwits symbol: ADBE
status: 200
Fetching StockTwits symbol: CRM
status: 200
Fetching StockTwits symbol: NFLX
status: 200
Fetching StockTwits symbol: INTC
status: 200
Fetching StockTwits symbol: QCOM
status: 200
Fetching StockTwits symbol: TXN
status: 200
Fetching StockTwits symbol: MU
status: 200
Fetching StockTwits symbol: AMAT
status: 200
Fetching StockTwits symbol: LRCX
status: 200
{'seen': 600, 'kept': 531, 'upserted': 5, 'modified': 526}
===== 5m rolling social counts =====
{"ok":true,"counts":{"StockTwits":547,"Bluesky":193,"Reddit":15},"rows":[{"_id":"StockTwits","count":547},{"_id":"Bluesky","count":193},{"_id":"Reddit","count":15}],"total":755,"window_minutes":5,"since_sec":1781221732,"now_sec":1781222033}

===== PUBLIC SOCIAL COLLECTOR RUN Thu Jun 11 17:54:53 MDT 2026 =====
--- Reddit public finance RSS ---
Fetching https://www.reddit.com/r/stocks/new/.rss
Fetching https://www.reddit.com/r/StockMarket/new/.rss
Failed StockMarket: 429 Client Error: Too Many Requests for url: https://www.reddit.com/r/StockMarket/new/.rss
Fetching https://www.reddit.com/r/investing/new/.rss
Failed investing: 429 Client Error: Too Many Requests for url: https://www.reddit.com/r/investing/new/.rss
Fetching https://www.reddit.com/r/SecurityAnalysis/new/.rss
Failed SecurityAnalysis: 429 Client Error: Too Many Requests for url: https://www.reddit.com/r/SecurityAnalysis/new/.rss
{'seen': 15, 'kept': 15, 'upserted': 0, 'modified': 15}
--- Bluesky public search API ---
Fetching Bluesky query: stocks
status: 200
Fetching Bluesky query: earnings
status: 200
Fetching Bluesky query: stock market
status: 200
Fetching Bluesky query: short squeeze
status: 200
Fetching Bluesky query: IPO
status: 200
Fetching Bluesky query: merger acquisition
status: 200
Fetching Bluesky query: FDA approval stock
status: 200
Fetching Bluesky query: SEC investigation stock
status: 200
Fetching Bluesky query: options trading
status: 200
Fetching Bluesky query: $AAPL
status: 200
Fetching Bluesky query: $TSLA
status: 403
<html><body><h1>403 Forbidden</h1>
Request forbidden by administrative rules.
</body></html>


Fetching Bluesky query: $NVDA
status: 403
<html><body><h1>403 Forbidden</h1>
Request forbidden by administrative rules.
</body></html>


Fetching Bluesky query: $AMD
status: 403
<html><body><h1>403 Forbidden</h1>
Request forbidden by administrative rules.
</body></html>


{'seen': 199, 'kept': 174, 'upserted': 8, 'modified': 166}
--- StockTwits public symbol streams ---
Fetching StockTwits symbol: AAPL
status: 200
Fetching StockTwits symbol: MSFT
status: 200
Fetching StockTwits symbol: NVDA
status: 200
Fetching StockTwits symbol: AMZN
status: 200
Fetching StockTwits symbol: META
status: 200
Fetching StockTwits symbol: GOOGL
status: 200
Fetching StockTwits symbol: GOOG
status: 200
Fetching StockTwits symbol: TSLA
status: 200
Fetching StockTwits symbol: AVGO
status: 200
Fetching StockTwits symbol: AMD
status: 200
Fetching StockTwits symbol: ORCL
status: 200
Fetching StockTwits symbol: ADBE
status: 200
Fetching StockTwits symbol: CRM
status: 200
Fetching StockTwits symbol: NFLX
status: 200
Fetching StockTwits symbol: INTC
status: 200
Fetching StockTwits symbol: QCOM
status: 200
Fetching StockTwits symbol: TXN
status: 200
Fetching StockTwits symbol: MU
status: 200
Fetching StockTwits symbol: AMAT
status: 200
Fetching StockTwits symbol: LRCX
status: 200
{'seen': 600, 'kept': 532, 'upserted': 5, 'modified': 527}
===== 5m rolling social counts =====
{"ok":true,"counts":{"StockTwits":546,"Bluesky":194,"Reddit":15},"rows":[{"_id":"StockTwits","count":546},{"_id":"Bluesky","count":194},{"_id":"Reddit","count":15}],"total":755,"window_minutes":5,"since_sec":1781221806,"now_sec":1781222106}

===== PUBLIC SOCIAL COLLECTOR RUN Thu Jun 11 17:56:07 MDT 2026 =====
--- Reddit public finance RSS ---
Fetching https://www.reddit.com/r/stocks/new/.rss
Fetching https://www.reddit.com/r/StockMarket/new/.rss
Failed StockMarket: 429 Client Error: Too Many Requests for url: https://www.reddit.com/r/StockMarket/new/.rss
Fetching https://www.reddit.com/r/investing/new/.rss
Failed investing: 429 Client Error: Too Many Requests for url: https://www.reddit.com/r/investing/new/.rss
Fetching https://www.reddit.com/r/SecurityAnalysis/new/.rss
Failed SecurityAnalysis: 429 Client Error: Too Many Requests for url: https://www.reddit.com/r/SecurityAnalysis/new/.rss
{'seen': 15, 'kept': 15, 'upserted': 0, 'modified': 15}
--- Bluesky public search API ---
Fetching Bluesky query: stocks
status: 200
Fetching Bluesky query: earnings
status: 200
Fetching Bluesky query: stock market
status: 200
Fetching Bluesky query: short squeeze
status: 200
Fetching Bluesky query: IPO
status: 200
Fetching Bluesky query: merger acquisition
status: 200
Fetching Bluesky query: FDA approval stock
status: 200
Fetching Bluesky query: SEC investigation stock
status: 200
Fetching Bluesky query: options trading
status: 200
Fetching Bluesky query: $AAPL
status: 200
Fetching Bluesky query: $TSLA
status: 403
<html><body><h1>403 Forbidden</h1>
Request forbidden by administrative rules.
</body></html>


Fetching Bluesky query: $NVDA
status: 403
<html><body><h1>403 Forbidden</h1>
Request forbidden by administrative rules.
</body></html>


Fetching Bluesky query: $AMD
status: 403
<html><body><h1>403 Forbidden</h1>
Request forbidden by administrative rules.
</body></html>


{'seen': 199, 'kept': 174, 'upserted': 3, 'modified': 171}
--- StockTwits public symbol streams ---
Fetching StockTwits symbol: AAPL
status: 200
Fetching StockTwits symbol: MSFT
status: 200
Fetching StockTwits symbol: NVDA
status: 200
Fetching StockTwits symbol: AMZN
status: 200
Fetching StockTwits symbol: META
status: 200
Fetching StockTwits symbol: GOOGL
status: 200
Fetching StockTwits symbol: GOOG
status: 200
Fetching StockTwits symbol: TSLA
status: 200
Fetching StockTwits symbol: AVGO
status: 200
Fetching StockTwits symbol: AMD
status: 200
Fetching StockTwits symbol: ORCL
status: 200
Fetching StockTwits symbol: ADBE
status: 200
Fetching StockTwits symbol: CRM
status: 200
Fetching StockTwits symbol: NFLX
status: 200
Fetching StockTwits symbol: INTC
status: 200
Fetching StockTwits symbol: QCOM
status: 200
Fetching StockTwits symbol: TXN
status: 200
Fetching StockTwits symbol: MU
status: 200
Fetching StockTwits symbol: AMAT
status: 200
Fetching StockTwits symbol: LRCX
status: 200
{'seen': 600, 'kept': 535, 'upserted': 5, 'modified': 530}
===== 5m rolling social counts =====
{"ok":true,"counts":{"StockTwits":547,"Bluesky":195,"Reddit":15},"rows":[{"_id":"StockTwits","count":547},{"_id":"Bluesky","count":195},{"_id":"Reddit","count":15}],"total":757,"window_minutes":5,"since_sec":1781221881,"now_sec":1781222181}

===== PUBLIC SOCIAL COLLECTOR RUN Thu Jun 11 17:57:21 MDT 2026 =====
--- Reddit public finance RSS ---
Fetching https://www.reddit.com/r/stocks/new/.rss
Fetching https://www.reddit.com/r/StockMarket/new/.rss
Failed StockMarket: 429 Client Error: Too Many Requests for url: https://www.reddit.com/r/StockMarket/new/.rss
Fetching https://www.reddit.com/r/investing/new/.rss
Failed investing: 429 Client Error: Too Many Requests for url: https://www.reddit.com/r/investing/new/.rss
Fetching https://www.reddit.com/r/SecurityAnalysis/new/.rss
Failed SecurityAnalysis: 429 Client Error: Too Many Requests for url: https://www.reddit.com/r/SecurityAnalysis/new/.rss
{'seen': 15, 'kept': 15, 'upserted': 0, 'modified': 15}
--- Bluesky public search API ---
Fetching Bluesky query: stocks
status: 200
Fetching Bluesky query: earnings
status: 200
Fetching Bluesky query: stock market
status: 200
Fetching Bluesky query: short squeeze
status: 200
Fetching Bluesky query: IPO
status: 200
Fetching Bluesky query: merger acquisition
status: 200
Fetching Bluesky query: FDA approval stock
status: 200
Fetching Bluesky query: SEC investigation stock
status: 200
Fetching Bluesky query: options trading
status: 200
Fetching Bluesky query: $AAPL
status: 200
Fetching Bluesky query: $TSLA
status: 403
<html><body><h1>403 Forbidden</h1>
Request forbidden by administrative rules.
</body></html>


Fetching Bluesky query: $NVDA
status: 403
<html><body><h1>403 Forbidden</h1>
Request forbidden by administrative rules.
</body></html>


Fetching Bluesky query: $AMD
status: 403
<html><body><h1>403 Forbidden</h1>
Request forbidden by administrative rules.
</body></html>


{'seen': 199, 'kept': 175, 'upserted': 4, 'modified': 171}
--- StockTwits public symbol streams ---
Fetching StockTwits symbol: AAPL
status: 200
Fetching StockTwits symbol: MSFT
status: 200
Fetching StockTwits symbol: NVDA
status: 200
Fetching StockTwits symbol: AMZN
status: 200
Fetching StockTwits symbol: META
status: 200
Fetching StockTwits symbol: GOOGL
status: 200
Fetching StockTwits symbol: GOOG
status: 200
Fetching StockTwits symbol: TSLA
status: 200
Fetching StockTwits symbol: AVGO
status: 200
Fetching StockTwits symbol: AMD
status: 200
Fetching StockTwits symbol: ORCL
status: 200
Fetching StockTwits symbol: ADBE
status: 200
Fetching StockTwits symbol: CRM
status: 200
Fetching StockTwits symbol: NFLX
status: 200
Fetching StockTwits symbol: INTC
status: 200
Fetching StockTwits symbol: QCOM
status: 200
Fetching StockTwits symbol: TXN
status: 200
Fetching StockTwits symbol: MU
status: 200
Fetching StockTwits symbol: AMAT
status: 200
Fetching StockTwits symbol: LRCX
status: 200
{'seen': 600, 'kept': 534, 'upserted': 5, 'modified': 529}
===== 5m rolling social counts =====
{"ok":true,"counts":{"StockTwits":548,"Bluesky":189,"Reddit":15},"rows":[{"_id":"StockTwits","count":548},{"_id":"Bluesky","count":189},{"_id":"Reddit","count":15}],"total":752,"window_minutes":5,"since_sec":1781221956,"now_sec":1781222256}

===== PUBLIC SOCIAL COLLECTOR RUN Thu Jun 11 17:58:36 MDT 2026 =====
--- Reddit public finance RSS ---
Fetching https://www.reddit.com/r/stocks/new/.rss
Fetching https://www.reddit.com/r/StockMarket/new/.rss
Failed StockMarket: 429 Client Error: Too Many Requests for url: https://www.reddit.com/r/StockMarket/new/.rss
Fetching https://www.reddit.com/r/investing/new/.rss
Failed investing: 429 Client Error: Too Many Requests for url: https://www.reddit.com/r/investing/new/.rss
Fetching https://www.reddit.com/r/SecurityAnalysis/new/.rss
Failed SecurityAnalysis: 429 Client Error: Too Many Requests for url: https://www.reddit.com/r/SecurityAnalysis/new/.rss
{'seen': 15, 'kept': 15, 'upserted': 0, 'modified': 15}
--- Bluesky public search API ---
Fetching Bluesky query: stocks
status: 200
Fetching Bluesky query: earnings
status: 200
Fetching Bluesky query: stock market
status: 200
Fetching Bluesky query: short squeeze
status: 200
Fetching Bluesky query: IPO
status: 200
Fetching Bluesky query: merger acquisition
status: 200
Fetching Bluesky query: FDA approval stock
status: 200
Fetching Bluesky query: SEC investigation stock
status: 200
Fetching Bluesky query: options trading
status: 200
Fetching Bluesky query: $AAPL
status: 200
Fetching Bluesky query: $TSLA
status: 403
<html><body><h1>403 Forbidden</h1>
Request forbidden by administrative rules.
</body></html>


Fetching Bluesky query: $NVDA
status: 403
<html><body><h1>403 Forbidden</h1>
Request forbidden by administrative rules.
</body></html>


Fetching Bluesky query: $AMD
status: 403
<html><body><h1>403 Forbidden</h1>
Request forbidden by administrative rules.
</body></html>


{'seen': 199, 'kept': 177, 'upserted': 5, 'modified': 172}
--- StockTwits public symbol streams ---
Fetching StockTwits symbol: AAPL
status: 200
Fetching StockTwits symbol: MSFT
status: 200
Fetching StockTwits symbol: NVDA
status: 200
Fetching StockTwits symbol: AMZN
status: 200
Fetching StockTwits symbol: META
status: 200
Fetching StockTwits symbol: GOOGL
status: 200
Fetching StockTwits symbol: GOOG
status: 200
Fetching StockTwits symbol: TSLA
status: 200
Fetching StockTwits symbol: AVGO
status: 200
Fetching StockTwits symbol: AMD
status: 200
Fetching StockTwits symbol: ORCL
status: 200
Fetching StockTwits symbol: ADBE
status: 200
Fetching StockTwits symbol: CRM
status: 200
Fetching StockTwits symbol: NFLX
status: 200
Fetching StockTwits symbol: INTC
status: 200
Fetching StockTwits symbol: QCOM
status: 200
Fetching StockTwits symbol: TXN
status: 200
Fetching StockTwits symbol: MU
status: 200
Fetching StockTwits symbol: AMAT
status: 200
Fetching StockTwits symbol: LRCX
status: 200
{'seen': 600, 'kept': 533, 'upserted': 5, 'modified': 528}
===== 5m rolling social counts =====
{"ok":true,"counts":{"StockTwits":547,"Bluesky":186,"Reddit":15},"rows":[{"_id":"StockTwits","count":547},{"_id":"Bluesky","count":186},{"_id":"Reddit","count":15}],"total":748,"window_minutes":5,"since_sec":1781222032,"now_sec":1781222332}

===== PUBLIC SOCIAL COLLECTOR RUN Thu Jun 11 17:59:52 MDT 2026 =====
--- Reddit public finance RSS ---
Fetching https://www.reddit.com/r/stocks/new/.rss
Fetching https://www.reddit.com/r/StockMarket/new/.rss
Failed StockMarket: 429 Client Error: Too Many Requests for url: https://www.reddit.com/r/StockMarket/new/.rss
Fetching https://www.reddit.com/r/investing/new/.rss
Failed investing: 429 Client Error: Too Many Requests for url: https://www.reddit.com/r/investing/new/.rss
Fetching https://www.reddit.com/r/SecurityAnalysis/new/.rss
Failed SecurityAnalysis: 429 Client Error: Too Many Requests for url: https://www.reddit.com/r/SecurityAnalysis/new/.rss
{'seen': 15, 'kept': 15, 'upserted': 0, 'modified': 15}
--- Bluesky public search API ---
Fetching Bluesky query: stocks
status: 200
Fetching Bluesky query: earnings
status: 200
Fetching Bluesky query: stock market
status: 200
Fetching Bluesky query: short squeeze
status: 200
Fetching Bluesky query: IPO
status: 200
Fetching Bluesky query: merger acquisition
status: 200
Fetching Bluesky query: FDA approval stock
status: 200
Fetching Bluesky query: SEC investigation stock
status: 200
Fetching Bluesky query: options trading
status: 200
Fetching Bluesky query: $AAPL
status: 200
Fetching Bluesky query: $TSLA
status: 403
<html><body><h1>403 Forbidden</h1>
Request forbidden by administrative rules.
</body></html>


Fetching Bluesky query: $NVDA
status: 403
<html><body><h1>403 Forbidden</h1>
Request forbidden by administrative rules.
</body></html>


Fetching Bluesky query: $AMD
status: 403
<html><body><h1>403 Forbidden</h1>
Request forbidden by administrative rules.
</body></html>


{'seen': 199, 'kept': 176, 'upserted': 5, 'modified': 171}
--- StockTwits public symbol streams ---
Fetching StockTwits symbol: AAPL
status: 200
Fetching StockTwits symbol: MSFT
status: 200
Fetching StockTwits symbol: NVDA
status: 200
Fetching StockTwits symbol: AMZN
status: 200
Fetching StockTwits symbol: META
status: 200
Fetching StockTwits symbol: GOOGL
status: 200
Fetching StockTwits symbol: GOOG
status: 200
Fetching StockTwits symbol: TSLA
status: 200
Fetching StockTwits symbol: AVGO
status: 200
Fetching StockTwits symbol: AMD
status: 200
Fetching StockTwits symbol: ORCL
status: 200
Fetching StockTwits symbol: ADBE
status: 200
Fetching StockTwits symbol: CRM
status: 200
Fetching StockTwits symbol: NFLX
status: 200
Fetching StockTwits symbol: INTC
status: 200
Fetching StockTwits symbol: QCOM
status: 200
Fetching StockTwits symbol: TXN
status: 200
Fetching StockTwits symbol: MU
status: 200
Fetching StockTwits symbol: AMAT
status: 200
Fetching StockTwits symbol: LRCX
status: 200
{'seen': 600, 'kept': 535, 'upserted': 7, 'modified': 528}
===== 5m rolling social counts =====
{"ok":true,"counts":{"StockTwits":552,"Bluesky":188,"Reddit":15},"rows":[{"_id":"StockTwits","count":552},{"_id":"Bluesky","count":188},{"_id":"Reddit","count":15}],"total":755,"window_minutes":5,"since_sec":1781222107,"now_sec":1781222407}

===== PUBLIC SOCIAL COLLECTOR RUN Thu Jun 11 18:01:07 MDT 2026 =====
--- Reddit public finance RSS ---
Fetching https://www.reddit.com/r/stocks/new/.rss
Fetching https://www.reddit.com/r/StockMarket/new/.rss
Failed StockMarket: 429 Client Error: Too Many Requests for url: https://www.reddit.com/r/StockMarket/new/.rss
Fetching https://www.reddit.com/r/investing/new/.rss
Failed investing: 429 Client Error: Too Many Requests for url: https://www.reddit.com/r/investing/new/.rss
Fetching https://www.reddit.com/r/SecurityAnalysis/new/.rss
Failed SecurityAnalysis: 429 Client Error: Too Many Requests for url: https://www.reddit.com/r/SecurityAnalysis/new/.rss
{'seen': 15, 'kept': 15, 'upserted': 0, 'modified': 15}
--- Bluesky public search API ---
Fetching Bluesky query: stocks
status: 200
Fetching Bluesky query: earnings
status: 200
Fetching Bluesky query: stock market
status: 200
Fetching Bluesky query: short squeeze
status: 200
Fetching Bluesky query: IPO
status: 200
Fetching Bluesky query: merger acquisition
status: 200
Fetching Bluesky query: FDA approval stock
status: 200
Fetching Bluesky query: SEC investigation stock
status: 200
Fetching Bluesky query: options trading
status: 200
Fetching Bluesky query: $AAPL
status: 200
Fetching Bluesky query: $TSLA
status: 403
<html><body><h1>403 Forbidden</h1>
Request forbidden by administrative rules.
</body></html>


Fetching Bluesky query: $NVDA
status: 403
<html><body><h1>403 Forbidden</h1>
Request forbidden by administrative rules.
</body></html>


Fetching Bluesky query: $AMD
status: 403
<html><body><h1>403 Forbidden</h1>
Request forbidden by administrative rules.
</body></html>


{'seen': 199, 'kept': 177, 'upserted': 8, 'modified': 169}
--- StockTwits public symbol streams ---
Fetching StockTwits symbol: AAPL
status: 200
Fetching StockTwits symbol: MSFT
status: 200
Fetching StockTwits symbol: NVDA
status: 200
Fetching StockTwits symbol: AMZN
status: 200
Fetching StockTwits symbol: META
status: 200
Fetching StockTwits symbol: GOOGL
status: 200
Fetching StockTwits symbol: GOOG
status: 200
Fetching StockTwits symbol: TSLA
status: 200
Fetching StockTwits symbol: AVGO
status: 200
Fetching StockTwits symbol: AMD
status: 200
Fetching StockTwits symbol: ORCL
status: 200
Fetching StockTwits symbol: ADBE
status: 200
Fetching StockTwits symbol: CRM
status: 200
Fetching StockTwits symbol: NFLX
status: 200
Fetching StockTwits symbol: INTC
status: 200
Fetching StockTwits symbol: QCOM
status: 200
Fetching StockTwits symbol: TXN
status: 200
Fetching StockTwits symbol: MU
status: 200
Fetching StockTwits symbol: AMAT
status: 200
Fetching StockTwits symbol: LRCX
status: 200
{'seen': 600, 'kept': 536, 'upserted': 5, 'modified': 531}
===== 5m rolling social counts =====
{"ok":true,"counts":{"StockTwits":551,"Bluesky":193,"Reddit":15},"rows":[{"_id":"StockTwits","count":551},{"_id":"Bluesky","count":193},{"_id":"Reddit","count":15}],"total":759,"window_minutes":5,"since_sec":1781222182,"now_sec":1781222482}

===== PUBLIC SOCIAL COLLECTOR RUN Thu Jun 11 18:02:22 MDT 2026 =====
--- Reddit public finance RSS ---
Fetching https://www.reddit.com/r/stocks/new/.rss
Fetching https://www.reddit.com/r/StockMarket/new/.rss
Failed StockMarket: 429 Client Error: Too Many Requests for url: https://www.reddit.com/r/StockMarket/new/.rss
Fetching https://www.reddit.com/r/investing/new/.rss
Failed investing: 429 Client Error: Too Many Requests for url: https://www.reddit.com/r/investing/new/.rss
Fetching https://www.reddit.com/r/SecurityAnalysis/new/.rss
Failed SecurityAnalysis: 429 Client Error: Too Many Requests for url: https://www.reddit.com/r/SecurityAnalysis/new/.rss
{'seen': 15, 'kept': 15, 'upserted': 0, 'modified': 15}
--- Bluesky public search API ---
Fetching Bluesky query: stocks
status: 200
Fetching Bluesky query: earnings
status: 200
Fetching Bluesky query: stock market
status: 200
Fetching Bluesky query: short squeeze
status: 200
Fetching Bluesky query: IPO
status: 200
Fetching Bluesky query: merger acquisition
status: 200
Fetching Bluesky query: FDA approval stock
status: 200
Fetching Bluesky query: SEC investigation stock
status: 200
Fetching Bluesky query: options trading
status: 200
Fetching Bluesky query: $AAPL
status: 200
Fetching Bluesky query: $TSLA
status: 403
<html><body><h1>403 Forbidden</h1>
Request forbidden by administrative rules.
</body></html>


Fetching Bluesky query: $NVDA
status: 403
<html><body><h1>403 Forbidden</h1>
Request forbidden by administrative rules.
</body></html>


Fetching Bluesky query: $AMD
status: 403
<html><body><h1>403 Forbidden</h1>
Request forbidden by administrative rules.
</body></html>


{'seen': 199, 'kept': 176, 'upserted': 9, 'modified': 167}
--- StockTwits public symbol streams ---
Fetching StockTwits symbol: AAPL
status: 200
Fetching StockTwits symbol: MSFT
status: 200
Fetching StockTwits symbol: NVDA
status: 200
Fetching StockTwits symbol: AMZN
status: 200
Fetching StockTwits symbol: META
status: 200
Fetching StockTwits symbol: GOOGL
status: 200
Fetching StockTwits symbol: GOOG
status: 200
Fetching StockTwits symbol: TSLA
status: 200
Fetching StockTwits symbol: AVGO
status: 200
Fetching StockTwits symbol: AMD
status: 200
Fetching StockTwits symbol: ORCL
status: 200
Fetching StockTwits symbol: ADBE
status: 200
Fetching StockTwits symbol: CRM
status: 200
Fetching StockTwits symbol: NFLX
status: 200
Fetching StockTwits symbol: INTC
status: 200
Fetching StockTwits symbol: QCOM
status: 200
Fetching StockTwits symbol: TXN
status: 200
Fetching StockTwits symbol: MU
status: 200
Fetching StockTwits symbol: AMAT
status: 200
Fetching StockTwits symbol: LRCX
status: 200
{'seen': 600, 'kept': 537, 'upserted': 6, 'modified': 531}
===== 5m rolling social counts =====
{"ok":true,"counts":{"StockTwits":551,"Bluesky":199,"Reddit":15},"rows":[{"_id":"StockTwits","count":551},{"_id":"Bluesky","count":199},{"_id":"Reddit","count":15}],"total":765,"window_minutes":5,"since_sec":1781222256,"now_sec":1781222556}

===== PUBLIC SOCIAL COLLECTOR RUN Thu Jun 11 18:03:36 MDT 2026 =====
--- Reddit public finance RSS ---
Fetching https://www.reddit.com/r/stocks/new/.rss
Fetching https://www.reddit.com/r/StockMarket/new/.rss
Failed StockMarket: 429 Client Error: Too Many Requests for url: https://www.reddit.com/r/StockMarket/new/.rss
Fetching https://www.reddit.com/r/investing/new/.rss
Failed investing: 429 Client Error: Too Many Requests for url: https://www.reddit.com/r/investing/new/.rss
Fetching https://www.reddit.com/r/SecurityAnalysis/new/.rss
Failed SecurityAnalysis: 429 Client Error: Too Many Requests for url: https://www.reddit.com/r/SecurityAnalysis/new/.rss
{'seen': 15, 'kept': 15, 'upserted': 0, 'modified': 15}
--- Bluesky public search API ---
Fetching Bluesky query: stocks
status: 200
Fetching Bluesky query: earnings
status: 200
Fetching Bluesky query: stock market
status: 200
Fetching Bluesky query: short squeeze
status: 200
Fetching Bluesky query: IPO
status: 200
Fetching Bluesky query: merger acquisition
status: 200
Fetching Bluesky query: FDA approval stock
status: 200
Fetching Bluesky query: SEC investigation stock
status: 200
Fetching Bluesky query: options trading
status: 200
Fetching Bluesky query: $AAPL
status: 200
Fetching Bluesky query: $TSLA
status: 403
<html><body><h1>403 Forbidden</h1>
Request forbidden by administrative rules.
</body></html>


Fetching Bluesky query: $NVDA
status: 403
<html><body><h1>403 Forbidden</h1>
Request forbidden by administrative rules.
</body></html>


Fetching Bluesky query: $AMD
status: 403
<html><body><h1>403 Forbidden</h1>
Request forbidden by administrative rules.
</body></html>


{'seen': 199, 'kept': 175, 'upserted': 8, 'modified': 167}
--- StockTwits public symbol streams ---
Fetching StockTwits symbol: AAPL
status: 200
Fetching StockTwits symbol: MSFT
status: 200
Fetching StockTwits symbol: NVDA
status: 200
Fetching StockTwits symbol: AMZN
status: 200
Fetching StockTwits symbol: META
status: 200
Fetching StockTwits symbol: GOOGL
status: 200
Fetching StockTwits symbol: GOOG
status: 200
Fetching StockTwits symbol: TSLA
status: 200
Fetching StockTwits symbol: AVGO
status: 200
Fetching StockTwits symbol: AMD
status: 200
Fetching StockTwits symbol: ORCL
status: 200
Fetching StockTwits symbol: ADBE
status: 200
Fetching StockTwits symbol: CRM
status: 200
Fetching StockTwits symbol: NFLX
status: 200
Fetching StockTwits symbol: INTC
status: 200
Fetching StockTwits symbol: QCOM
status: 200
Fetching StockTwits symbol: TXN
status: 200
Fetching StockTwits symbol: MU
status: 200
Fetching StockTwits symbol: AMAT
status: 200
Fetching StockTwits symbol: LRCX
status: 200
{'seen': 600, 'kept': 536, 'upserted': 6, 'modified': 530}
===== 5m rolling social counts =====
{"ok":true,"counts":{"StockTwits":554,"Bluesky":201,"Reddit":15},"rows":[{"_id":"StockTwits","count":554},{"_id":"Bluesky","count":201},{"_id":"Reddit","count":15}],"total":770,"window_minutes":5,"since_sec":1781222331,"now_sec":1781222631}

===== PUBLIC SOCIAL COLLECTOR RUN Thu Jun 11 18:04:51 MDT 2026 =====
--- Reddit public finance RSS ---
Fetching https://www.reddit.com/r/stocks/new/.rss
Fetching https://www.reddit.com/r/StockMarket/new/.rss
Failed StockMarket: 429 Client Error: Too Many Requests for url: https://www.reddit.com/r/StockMarket/new/.rss
Fetching https://www.reddit.com/r/investing/new/.rss
Failed investing: 429 Client Error: Too Many Requests for url: https://www.reddit.com/r/investing/new/.rss
Fetching https://www.reddit.com/r/SecurityAnalysis/new/.rss
Failed SecurityAnalysis: 429 Client Error: Too Many Requests for url: https://www.reddit.com/r/SecurityAnalysis/new/.rss
{'seen': 15, 'kept': 15, 'upserted': 0, 'modified': 15}
--- Bluesky public search API ---
Fetching Bluesky query: stocks
status: 200
Fetching Bluesky query: earnings
status: 200
Fetching Bluesky query: stock market
status: 200
Fetching Bluesky query: short squeeze
status: 200
Fetching Bluesky query: IPO
status: 200
Fetching Bluesky query: merger acquisition
status: 200
Fetching Bluesky query: FDA approval stock
status: 200
Fetching Bluesky query: SEC investigation stock
status: 200
Fetching Bluesky query: options trading
status: 200
Fetching Bluesky query: $AAPL
status: 200
Fetching Bluesky query: $TSLA
status: 403
<html><body><h1>403 Forbidden</h1>
Request forbidden by administrative rules.
</body></html>


Fetching Bluesky query: $NVDA
status: 403
<html><body><h1>403 Forbidden</h1>
Request forbidden by administrative rules.
</body></html>


Fetching Bluesky query: $AMD
status: 403
<html><body><h1>403 Forbidden</h1>
Request forbidden by administrative rules.
</body></html>


{'seen': 199, 'kept': 175, 'upserted': 3, 'modified': 172}
--- StockTwits public symbol streams ---
Fetching StockTwits symbol: AAPL
status: 200
Fetching StockTwits symbol: MSFT
status: 200
Fetching StockTwits symbol: NVDA
status: 200
Fetching StockTwits symbol: AMZN
status: 200
Fetching StockTwits symbol: META
status: 200
Fetching StockTwits symbol: GOOGL
status: 200
Fetching StockTwits symbol: GOOG
status: 200
Fetching StockTwits symbol: TSLA
status: 200
Fetching StockTwits symbol: AVGO
status: 200
Fetching StockTwits symbol: AMD
status: 200
Fetching StockTwits symbol: ORCL
status: 200
Fetching StockTwits symbol: ADBE
status: 200
Fetching StockTwits symbol: CRM
status: 200
Fetching StockTwits symbol: NFLX
status: 200
Fetching StockTwits symbol: INTC
status: 200
Fetching StockTwits symbol: QCOM
status: 200
Fetching StockTwits symbol: TXN
status: 200
Fetching StockTwits symbol: MU
status: 200
Fetching StockTwits symbol: AMAT
status: 200
Fetching StockTwits symbol: LRCX
status: 200
{'seen': 600, 'kept': 537, 'upserted': 6, 'modified': 531}
===== 5m rolling social counts =====
{"ok":true,"counts":{"StockTwits":555,"Bluesky":197,"Reddit":15},"rows":[{"_id":"StockTwits","count":555},{"_id":"Bluesky","count":197},{"_id":"Reddit","count":15}],"total":767,"window_minutes":5,"since_sec":1781222405,"now_sec":1781222705}

===== PUBLIC SOCIAL COLLECTOR RUN Thu Jun 11 18:06:05 MDT 2026 =====
--- Reddit public finance RSS ---
Fetching https://www.reddit.com/r/stocks/new/.rss
Fetching https://www.reddit.com/r/StockMarket/new/.rss
Failed StockMarket: 429 Client Error: Too Many Requests for url: https://www.reddit.com/r/StockMarket/new/.rss
Fetching https://www.reddit.com/r/investing/new/.rss
Failed investing: 429 Client Error: Too Many Requests for url: https://www.reddit.com/r/investing/new/.rss
Fetching https://www.reddit.com/r/SecurityAnalysis/new/.rss
Failed SecurityAnalysis: 429 Client Error: Too Many Requests for url: https://www.reddit.com/r/SecurityAnalysis/new/.rss
{'seen': 15, 'kept': 15, 'upserted': 0, 'modified': 15}
--- Bluesky public search API ---
Fetching Bluesky query: stocks
status: 200
Fetching Bluesky query: earnings
status: 200
Fetching Bluesky query: stock market
status: 200
Fetching Bluesky query: short squeeze
status: 200
Fetching Bluesky query: IPO
status: 200
Fetching Bluesky query: merger acquisition
status: 200
Fetching Bluesky query: FDA approval stock
status: 200
Fetching Bluesky query: SEC investigation stock
status: 200
Fetching Bluesky query: options trading
status: 200
Fetching Bluesky query: $AAPL
status: 200
Fetching Bluesky query: $TSLA
status: 403
<html><body><h1>403 Forbidden</h1>
Request forbidden by administrative rules.
</body></html>


Fetching Bluesky query: $NVDA
status: 403
<html><body><h1>403 Forbidden</h1>
Request forbidden by administrative rules.
</body></html>


Fetching Bluesky query: $AMD
status: 403
<html><body><h1>403 Forbidden</h1>
Request forbidden by administrative rules.
</body></html>


{'seen': 199, 'kept': 175, 'upserted': 4, 'modified': 171}
--- StockTwits public symbol streams ---
Fetching StockTwits symbol: AAPL
status: 200
Fetching StockTwits symbol: MSFT
status: 200
Fetching StockTwits symbol: NVDA
status: 200
Fetching StockTwits symbol: AMZN
status: 200
Fetching StockTwits symbol: META
status: 200
Fetching StockTwits symbol: GOOGL
status: 200
Fetching StockTwits symbol: GOOG
status: 200
Fetching StockTwits symbol: TSLA
status: 200
Fetching StockTwits symbol: AVGO
status: 200
Fetching StockTwits symbol: AMD
status: 200
Fetching StockTwits symbol: ORCL
status: 200
Fetching StockTwits symbol: ADBE
status: 200
Fetching StockTwits symbol: CRM
status: 200
Fetching StockTwits symbol: NFLX
status: 200
Fetching StockTwits symbol: INTC
status: 200
Fetching StockTwits symbol: QCOM
status: 200
Fetching StockTwits symbol: TXN
status: 200
Fetching StockTwits symbol: MU
status: 200
Fetching StockTwits symbol: AMAT
status: 200
Fetching StockTwits symbol: LRCX
status: 200
{'seen': 600, 'kept': 537, 'upserted': 6, 'modified': 531}
===== 5m rolling social counts =====
{"ok":true,"counts":{"StockTwits":559,"Bluesky":191,"Reddit":15},"rows":[{"_id":"StockTwits","count":559},{"_id":"Bluesky","count":191},{"_id":"Reddit","count":15}],"total":765,"window_minutes":5,"since_sec":1781222479,"now_sec":1781222779}

===== PUBLIC SOCIAL COLLECTOR RUN Thu Jun 11 18:07:19 MDT 2026 =====
--- Reddit public finance RSS ---
Fetching https://www.reddit.com/r/stocks/new/.rss
Fetching https://www.reddit.com/r/StockMarket/new/.rss
Failed StockMarket: 429 Client Error: Too Many Requests for url: https://www.reddit.com/r/StockMarket/new/.rss
Fetching https://www.reddit.com/r/investing/new/.rss
Failed investing: 429 Client Error: Too Many Requests for url: https://www.reddit.com/r/investing/new/.rss
Fetching https://www.reddit.com/r/SecurityAnalysis/new/.rss
Failed SecurityAnalysis: 429 Client Error: Too Many Requests for url: https://www.reddit.com/r/SecurityAnalysis/new/.rss
{'seen': 15, 'kept': 15, 'upserted': 0, 'modified': 15}
--- Bluesky public search API ---
Fetching Bluesky query: stocks
status: 200
Fetching Bluesky query: earnings
status: 200
Fetching Bluesky query: stock market
status: 200
Fetching Bluesky query: short squeeze
status: 200
Fetching Bluesky query: IPO
status: 200
Fetching Bluesky query: merger acquisition
status: 200
Fetching Bluesky query: FDA approval stock
status: 200
Fetching Bluesky query: SEC investigation stock
status: 200
Fetching Bluesky query: options trading
status: 200
Fetching Bluesky query: $AAPL
status: 200
Fetching Bluesky query: $TSLA
status: 403
<html><body><h1>403 Forbidden</h1>
Request forbidden by administrative rules.
</body></html>


Fetching Bluesky query: $NVDA
status: 403
<html><body><h1>403 Forbidden</h1>
Request forbidden by administrative rules.
</body></html>


Fetching Bluesky query: $AMD
status: 403
<html><body><h1>403 Forbidden</h1>
Request forbidden by administrative rules.
</body></html>


{'seen': 199, 'kept': 175, 'upserted': 7, 'modified': 168}
--- StockTwits public symbol streams ---
Fetching StockTwits symbol: AAPL
status: 200
Fetching StockTwits symbol: MSFT
status: 200
Fetching StockTwits symbol: NVDA
status: 200
Fetching StockTwits symbol: AMZN
status: 200
Fetching StockTwits symbol: META
status: 200
Fetching StockTwits symbol: GOOGL
status: 200
Fetching StockTwits symbol: GOOG
status: 200
Fetching StockTwits symbol: TSLA
status: 200
Fetching StockTwits symbol: AVGO
status: 200
Fetching StockTwits symbol: AMD
status: 200
Fetching StockTwits symbol: ORCL
status: 200
Fetching StockTwits symbol: ADBE
status: 200
Fetching StockTwits symbol: CRM
status: 200
Fetching StockTwits symbol: NFLX
status: 200
Fetching StockTwits symbol: INTC
status: 200
Fetching StockTwits symbol: QCOM
status: 200
Fetching StockTwits symbol: TXN
status: 200
Fetching StockTwits symbol: MU
status: 200
Fetching StockTwits symbol: AMAT
status: 200
Fetching StockTwits symbol: LRCX
status: 200
{'seen': 600, 'kept': 540, 'upserted': 14, 'modified': 526}
===== 5m rolling social counts =====
{"ok":true,"counts":{"StockTwits":564,"Bluesky":189,"Reddit":15},"rows":[{"_id":"StockTwits","count":564},{"_id":"Bluesky","count":189},{"_id":"Reddit","count":15}],"total":768,"window_minutes":5,"since_sec":1781222554,"now_sec":1781222854}

===== PUBLIC SOCIAL COLLECTOR RUN Thu Jun 11 18:08:34 MDT 2026 =====
--- Reddit public finance RSS ---
Fetching https://www.reddit.com/r/stocks/new/.rss
Fetching https://www.reddit.com/r/StockMarket/new/.rss
Failed StockMarket: 429 Client Error: Too Many Requests for url: https://www.reddit.com/r/StockMarket/new/.rss
Fetching https://www.reddit.com/r/investing/new/.rss
Failed investing: 429 Client Error: Too Many Requests for url: https://www.reddit.com/r/investing/new/.rss
Fetching https://www.reddit.com/r/SecurityAnalysis/new/.rss
Failed SecurityAnalysis: 429 Client Error: Too Many Requests for url: https://www.reddit.com/r/SecurityAnalysis/new/.rss
{'seen': 15, 'kept': 15, 'upserted': 0, 'modified': 15}
--- Bluesky public search API ---
Fetching Bluesky query: stocks
status: 200
Fetching Bluesky query: earnings
status: 200
Fetching Bluesky query: stock market
status: 200
Fetching Bluesky query: short squeeze
status: 200
Fetching Bluesky query: IPO
status: 200
Fetching Bluesky query: merger acquisition
status: 200
Fetching Bluesky query: FDA approval stock
status: 200
Fetching Bluesky query: SEC investigation stock
status: 200
Fetching Bluesky query: options trading
status: 200
Fetching Bluesky query: $AAPL
status: 200
Fetching Bluesky query: $TSLA
status: 403
<html><body><h1>403 Forbidden</h1>
Request forbidden by administrative rules.
</body></html>


Fetching Bluesky query: $NVDA
status: 403
<html><body><h1>403 Forbidden</h1>
Request forbidden by administrative rules.
</body></html>


Fetching Bluesky query: $AMD
status: 403
<html><body><h1>403 Forbidden</h1>
Request forbidden by administrative rules.
</body></html>


{'seen': 199, 'kept': 177, 'upserted': 7, 'modified': 170}
--- StockTwits public symbol streams ---
Fetching StockTwits symbol: AAPL
status: 200
Fetching StockTwits symbol: MSFT
status: 200
Fetching StockTwits symbol: NVDA
status: 200
Fetching StockTwits symbol: AMZN
status: 200
Fetching StockTwits symbol: META
status: 200
Fetching StockTwits symbol: GOOGL
status: 200
Fetching StockTwits symbol: GOOG
status: 200
Fetching StockTwits symbol: TSLA
status: 200
Fetching StockTwits symbol: AVGO
status: 200
Fetching StockTwits symbol: AMD
status: 200
Fetching StockTwits symbol: ORCL
status: 200
Fetching StockTwits symbol: ADBE
status: 200
Fetching StockTwits symbol: CRM
status: 200
Fetching StockTwits symbol: NFLX
status: 200
Fetching StockTwits symbol: INTC
status: 200
Fetching StockTwits symbol: QCOM
status: 200
Fetching StockTwits symbol: TXN
status: 200
Fetching StockTwits symbol: MU
status: 200
Fetching StockTwits symbol: AMAT
status: 200
Fetching StockTwits symbol: LRCX
status: 200
{'seen': 600, 'kept': 541, 'upserted': 10, 'modified': 531}
===== 5m rolling social counts =====
{"ok":true,"counts":{"StockTwits":570,"Bluesky":193,"Reddit":15},"rows":[{"_id":"StockTwits","count":570},{"_id":"Bluesky","count":193},{"_id":"Reddit","count":15}],"total":778,"window_minutes":5,"since_sec":1781222627,"now_sec":1781222927}

===== PUBLIC SOCIAL COLLECTOR RUN Thu Jun 11 18:09:47 MDT 2026 =====
--- Reddit public finance RSS ---
Fetching https://www.reddit.com/r/stocks/new/.rss
Fetching https://www.reddit.com/r/StockMarket/new/.rss
Failed StockMarket: 429 Client Error: Too Many Requests for url: https://www.reddit.com/r/StockMarket/new/.rss
Fetching https://www.reddit.com/r/investing/new/.rss
Failed investing: 429 Client Error: Too Many Requests for url: https://www.reddit.com/r/investing/new/.rss
Fetching https://www.reddit.com/r/SecurityAnalysis/new/.rss
Failed SecurityAnalysis: 429 Client Error: Too Many Requests for url: https://www.reddit.com/r/SecurityAnalysis/new/.rss
{'seen': 15, 'kept': 15, 'upserted': 0, 'modified': 15}
--- Bluesky public search API ---
Fetching Bluesky query: stocks
status: 200
Fetching Bluesky query: earnings
status: 200
Fetching Bluesky query: stock market
status: 200
Fetching Bluesky query: short squeeze
status: 200
Fetching Bluesky query: IPO
status: 200
Fetching Bluesky query: merger acquisition
status: 200
Fetching Bluesky query: FDA approval stock
status: 200
Fetching Bluesky query: SEC investigation stock
status: 200
Fetching Bluesky query: options trading
status: 200
Fetching Bluesky query: $AAPL
status: 200
Fetching Bluesky query: $TSLA
status: 403
<html><body><h1>403 Forbidden</h1>
Request forbidden by administrative rules.
</body></html>


Fetching Bluesky query: $NVDA
status: 403
<html><body><h1>403 Forbidden</h1>
Request forbidden by administrative rules.
</body></html>


Fetching Bluesky query: $AMD
status: 403
<html><body><h1>403 Forbidden</h1>
Request forbidden by administrative rules.
</body></html>


{'seen': 199, 'kept': 177, 'upserted': 3, 'modified': 174}
--- StockTwits public symbol streams ---
Fetching StockTwits symbol: AAPL
status: 200
Fetching StockTwits symbol: MSFT
status: 200
Fetching StockTwits symbol: NVDA
status: 200
Fetching StockTwits symbol: AMZN
status: 200
Fetching StockTwits symbol: META
status: 200
Fetching StockTwits symbol: GOOGL
status: 200
Fetching StockTwits symbol: GOOG
status: 200
Fetching StockTwits symbol: TSLA
status: 200
Fetching StockTwits symbol: AVGO
status: 200
Fetching StockTwits symbol: AMD
status: 200
Fetching StockTwits symbol: ORCL
status: 200
Fetching StockTwits symbol: ADBE
status: 200
Fetching StockTwits symbol: CRM
status: 200
Fetching StockTwits symbol: NFLX
status: 200
Fetching StockTwits symbol: INTC
status: 200
Fetching StockTwits symbol: QCOM
status: 200
Fetching StockTwits symbol: TXN
status: 200
Fetching StockTwits symbol: MU
status: 200
Fetching StockTwits symbol: AMAT
status: 200
Fetching StockTwits symbol: LRCX
status: 200
{'seen': 600, 'kept': 538, 'upserted': 7, 'modified': 531}
===== 5m rolling social counts =====
{"ok":true,"counts":{"StockTwits":574,"Bluesky":192,"Reddit":15},"rows":[{"_id":"StockTwits","count":574},{"_id":"Bluesky","count":192},{"_id":"Reddit","count":15}],"total":781,"window_minutes":5,"since_sec":1781222700,"now_sec":1781223000}

===== PUBLIC SOCIAL COLLECTOR RUN Thu Jun 11 18:11:00 MDT 2026 =====
--- Reddit public finance RSS ---
Fetching https://www.reddit.com/r/stocks/new/.rss
Fetching https://www.reddit.com/r/StockMarket/new/.rss
Failed StockMarket: 429 Client Error: Too Many Requests for url: https://www.reddit.com/r/StockMarket/new/.rss
Fetching https://www.reddit.com/r/investing/new/.rss
Failed investing: 429 Client Error: Too Many Requests for url: https://www.reddit.com/r/investing/new/.rss
Fetching https://www.reddit.com/r/SecurityAnalysis/new/.rss
Failed SecurityAnalysis: 429 Client Error: Too Many Requests for url: https://www.reddit.com/r/SecurityAnalysis/new/.rss
{'seen': 15, 'kept': 15, 'upserted': 0, 'modified': 15}
--- Bluesky public search API ---
Fetching Bluesky query: stocks
status: 200
Fetching Bluesky query: earnings
status: 200
Fetching Bluesky query: stock market
status: 200
Fetching Bluesky query: short squeeze
status: 200
Fetching Bluesky query: IPO
status: 200
Fetching Bluesky query: merger acquisition
status: 200
Fetching Bluesky query: FDA approval stock
status: 200
Fetching Bluesky query: SEC investigation stock
status: 200
Fetching Bluesky query: options trading
status: 200
Fetching Bluesky query: $AAPL
status: 200
Fetching Bluesky query: $TSLA
status: 403
<html><body><h1>403 Forbidden</h1>
Request forbidden by administrative rules.
</body></html>


Fetching Bluesky query: $NVDA
status: 403
<html><body><h1>403 Forbidden</h1>
Request forbidden by administrative rules.
</body></html>


Fetching Bluesky query: $AMD
status: 403
<html><body><h1>403 Forbidden</h1>
Request forbidden by administrative rules.
</body></html>


{'seen': 199, 'kept': 177, 'upserted': 7, 'modified': 170}
--- StockTwits public symbol streams ---
Fetching StockTwits symbol: AAPL
status: 200
Fetching StockTwits symbol: MSFT
status: 200
Fetching StockTwits symbol: NVDA
status: 200
Fetching StockTwits symbol: AMZN
status: 200
Fetching StockTwits symbol: META
status: 200
Fetching StockTwits symbol: GOOGL
status: 200
Fetching StockTwits symbol: GOOG
status: 200
Fetching StockTwits symbol: TSLA
status: 200
Fetching StockTwits symbol: AVGO
status: 200
Fetching StockTwits symbol: AMD
status: 200
Fetching StockTwits symbol: ORCL
status: 200
Fetching StockTwits symbol: ADBE
status: 200
Fetching StockTwits symbol: CRM
status: 200
Fetching StockTwits symbol: NFLX
status: 200
Fetching StockTwits symbol: INTC
status: 200
Fetching StockTwits symbol: QCOM
status: 200
Fetching StockTwits symbol: TXN
status: 200
Fetching StockTwits symbol: MU
status: 200
Fetching StockTwits symbol: AMAT
status: 200
Fetching StockTwits symbol: LRCX
status: 200
{'seen': 600, 'kept': 539, 'upserted': 5, 'modified': 534}
===== 5m rolling social counts =====
{"ok":true,"counts":{"StockTwits":570,"Bluesky":192,"Reddit":15},"rows":[{"_id":"StockTwits","count":570},{"_id":"Bluesky","count":192},{"_id":"Reddit","count":15}],"total":777,"window_minutes":5,"since_sec":1781222776,"now_sec":1781223076}

===== PUBLIC SOCIAL COLLECTOR RUN Thu Jun 11 18:12:17 MDT 2026 =====
--- Reddit public finance RSS ---
Fetching https://www.reddit.com/r/stocks/new/.rss
Fetching https://www.reddit.com/r/StockMarket/new/.rss
Failed StockMarket: 429 Client Error: Too Many Requests for url: https://www.reddit.com/r/StockMarket/new/.rss
Fetching https://www.reddit.com/r/investing/new/.rss
Failed investing: 429 Client Error: Too Many Requests for url: https://www.reddit.com/r/investing/new/.rss
Fetching https://www.reddit.com/r/SecurityAnalysis/new/.rss
Failed SecurityAnalysis: 429 Client Error: Too Many Requests for url: https://www.reddit.com/r/SecurityAnalysis/new/.rss
{'seen': 15, 'kept': 15, 'upserted': 0, 'modified': 15}
--- Bluesky public search API ---
Fetching Bluesky query: stocks
status: 200
Fetching Bluesky query: earnings
status: 200
Fetching Bluesky query: stock market
status: 200
Fetching Bluesky query: short squeeze
status: 200
Fetching Bluesky query: IPO
status: 200
Fetching Bluesky query: merger acquisition
status: 200
Fetching Bluesky query: FDA approval stock
status: 200
Fetching Bluesky query: SEC investigation stock
status: 200
Fetching Bluesky query: options trading
status: 200
Fetching Bluesky query: $AAPL
status: 200
Fetching Bluesky query: $TSLA
status: 403
<html><body><h1>403 Forbidden</h1>
Request forbidden by administrative rules.
</body></html>


Fetching Bluesky query: $NVDA
status: 403
<html><body><h1>403 Forbidden</h1>
Request forbidden by administrative rules.
</body></html>


Fetching Bluesky query: $AMD
status: 403
<html><body><h1>403 Forbidden</h1>
Request forbidden by administrative rules.
</body></html>


{'seen': 199, 'kept': 177, 'upserted': 5, 'modified': 172}
--- StockTwits public symbol streams ---
Fetching StockTwits symbol: AAPL
status: 200
Fetching StockTwits symbol: MSFT
status: 200
Fetching StockTwits symbol: NVDA
status: 200
Fetching StockTwits symbol: AMZN
status: 200
Fetching StockTwits symbol: META
status: 200
Fetching StockTwits symbol: GOOGL
status: 200
Fetching StockTwits symbol: GOOG
status: 200
Fetching StockTwits symbol: TSLA
status: 200
Fetching StockTwits symbol: AVGO
status: 200
Fetching StockTwits symbol: AMD
status: 200
Fetching StockTwits symbol: ORCL
status: 200
Fetching StockTwits symbol: ADBE
status: 200
Fetching StockTwits symbol: CRM
status: 200
Fetching StockTwits symbol: NFLX
status: 200
Fetching StockTwits symbol: INTC
status: 200
Fetching StockTwits symbol: QCOM
status: 200
Fetching StockTwits symbol: TXN
status: 200
Fetching StockTwits symbol: MU
status: 200
Fetching StockTwits symbol: AMAT
status: 200
Fetching StockTwits symbol: LRCX
status: 200
{'seen': 600, 'kept': 542, 'upserted': 12, 'modified': 530}
===== 5m rolling social counts =====
{"ok":true,"counts":{"StockTwits":567,"Bluesky":192,"Reddit":15},"rows":[{"_id":"StockTwits","count":567},{"_id":"Bluesky","count":192},{"_id":"Reddit","count":15}],"total":774,"window_minutes":5,"since_sec":1781222853,"now_sec":1781223153}

===== PUBLIC SOCIAL COLLECTOR RUN Thu Jun 11 18:13:33 MDT 2026 =====
--- Reddit public finance RSS ---
Fetching https://www.reddit.com/r/stocks/new/.rss
Fetching https://www.reddit.com/r/StockMarket/new/.rss
Failed StockMarket: 429 Client Error: Too Many Requests for url: https://www.reddit.com/r/StockMarket/new/.rss
Fetching https://www.reddit.com/r/investing/new/.rss
Failed investing: 429 Client Error: Too Many Requests for url: https://www.reddit.com/r/investing/new/.rss
Fetching https://www.reddit.com/r/SecurityAnalysis/new/.rss
Failed SecurityAnalysis: 429 Client Error: Too Many Requests for url: https://www.reddit.com/r/SecurityAnalysis/new/.rss
{'seen': 15, 'kept': 15, 'upserted': 0, 'modified': 15}
--- Bluesky public search API ---
Fetching Bluesky query: stocks
status: 200
Fetching Bluesky query: earnings
status: 200
Fetching Bluesky query: stock market
status: 200
Fetching Bluesky query: short squeeze
status: 200
Fetching Bluesky query: IPO
status: 200
Fetching Bluesky query: merger acquisition
status: 200
Fetching Bluesky query: FDA approval stock
status: 200
Fetching Bluesky query: SEC investigation stock
status: 200
Fetching Bluesky query: options trading
status: 200
Fetching Bluesky query: $AAPL
status: 200
Fetching Bluesky query: $TSLA
status: 403
<html><body><h1>403 Forbidden</h1>
Request forbidden by administrative rules.
</body></html>


Fetching Bluesky query: $NVDA
status: 403
<html><body><h1>403 Forbidden</h1>
Request forbidden by administrative rules.
</body></html>


Fetching Bluesky query: $AMD
status: 403
<html><body><h1>403 Forbidden</h1>
Request forbidden by administrative rules.
</body></html>


{'seen': 199, 'kept': 177, 'upserted': 5, 'modified': 172}
--- StockTwits public symbol streams ---
Fetching StockTwits symbol: AAPL
status: 200
Fetching StockTwits symbol: MSFT
status: 200
Fetching StockTwits symbol: NVDA
status: 200
Fetching StockTwits symbol: AMZN
status: 200
Fetching StockTwits symbol: META
status: 200
Fetching StockTwits symbol: GOOGL
status: 200
Fetching StockTwits symbol: GOOG
status: 200
Fetching StockTwits symbol: TSLA
status: 200
Fetching StockTwits symbol: AVGO
status: 200
Fetching StockTwits symbol: AMD
status: 200
Fetching StockTwits symbol: ORCL
status: 200
Fetching StockTwits symbol: ADBE
status: 200
Fetching StockTwits symbol: CRM
status: 200
Fetching StockTwits symbol: NFLX
status: 200
Fetching StockTwits symbol: INTC
status: 200
Fetching StockTwits symbol: QCOM
status: 200
Fetching StockTwits symbol: TXN
status: 200
Fetching StockTwits symbol: MU
status: 200
Fetching StockTwits symbol: AMAT
status: 200
Fetching StockTwits symbol: LRCX
status: 200
{'seen': 600, 'kept': 543, 'upserted': 3, 'modified': 540}
===== 5m rolling social counts =====
{"ok":true,"counts":{"StockTwits":558,"Bluesky":194,"Reddit":15},"rows":[{"_id":"StockTwits","count":558},{"_id":"Bluesky","count":194},{"_id":"Reddit","count":15}],"total":767,"window_minutes":5,"since_sec":1781222927,"now_sec":1781223227}

===== PUBLIC SOCIAL COLLECTOR RUN Thu Jun 11 18:14:47 MDT 2026 =====
--- Reddit public finance RSS ---
Fetching https://www.reddit.com/r/stocks/new/.rss
Fetching https://www.reddit.com/r/StockMarket/new/.rss
Failed StockMarket: 429 Client Error: Too Many Requests for url: https://www.reddit.com/r/StockMarket/new/.rss
Fetching https://www.reddit.com/r/investing/new/.rss
Failed investing: 429 Client Error: Too Many Requests for url: https://www.reddit.com/r/investing/new/.rss
Fetching https://www.reddit.com/r/SecurityAnalysis/new/.rss
Failed SecurityAnalysis: 429 Client Error: Too Many Requests for url: https://www.reddit.com/r/SecurityAnalysis/new/.rss
{'seen': 15, 'kept': 15, 'upserted': 0, 'modified': 15}
--- Bluesky public search API ---
Fetching Bluesky query: stocks
status: 200
Fetching Bluesky query: earnings
status: 200
Fetching Bluesky query: stock market
status: 200
Fetching Bluesky query: short squeeze
status: 200
Fetching Bluesky query: IPO
status: 200
Fetching Bluesky query: merger acquisition
status: 200
Fetching Bluesky query: FDA approval stock
status: 200
Fetching Bluesky query: SEC investigation stock
status: 200
Fetching Bluesky query: options trading
status: 200
Fetching Bluesky query: $AAPL
status: 200
Fetching Bluesky query: $TSLA
status: 403
<html><body><h1>403 Forbidden</h1>
Request forbidden by administrative rules.
</body></html>


Fetching Bluesky query: $NVDA
status: 403
<html><body><h1>403 Forbidden</h1>
Request forbidden by administrative rules.
</body></html>


Fetching Bluesky query: $AMD
status: 403
<html><body><h1>403 Forbidden</h1>
Request forbidden by administrative rules.
</body></html>


{'seen': 199, 'kept': 176, 'upserted': 2, 'modified': 174}
--- StockTwits public symbol streams ---
Fetching StockTwits symbol: AAPL
status: 200
Fetching StockTwits symbol: MSFT
status: 200
Fetching StockTwits symbol: NVDA
status: 200
Fetching StockTwits symbol: AMZN
status: 200
Fetching StockTwits symbol: META
status: 200
Fetching StockTwits symbol: GOOGL
status: 200
Fetching StockTwits symbol: GOOG
status: 200
Fetching StockTwits symbol: TSLA
status: 200
Fetching StockTwits symbol: AVGO
status: 200
Fetching StockTwits symbol: AMD
status: 200
Fetching StockTwits symbol: ORCL
status: 200
Fetching StockTwits symbol: ADBE
status: 200
Fetching StockTwits symbol: CRM
status: 200
Fetching StockTwits symbol: NFLX
status: 200
Fetching StockTwits symbol: INTC
status: 200
Fetching StockTwits symbol: QCOM
status: 200
Fetching StockTwits symbol: TXN
status: 200
Fetching StockTwits symbol: MU
status: 200
Fetching StockTwits symbol: AMAT
status: 200
Fetching StockTwits symbol: LRCX
status: 200
{'seen': 600, 'kept': 542, 'upserted': 6, 'modified': 536}
===== 5m rolling social counts =====
{"ok":true,"counts":{"StockTwits":560,"Bluesky":189,"Reddit":15},"rows":[{"_id":"StockTwits","count":560},{"_id":"Bluesky","count":189},{"_id":"Reddit","count":15}],"total":764,"window_minutes":5,"since_sec":1781223001,"now_sec":1781223301}

===== PUBLIC SOCIAL COLLECTOR RUN Thu Jun 11 18:16:01 MDT 2026 =====
--- Reddit public finance RSS ---
Fetching https://www.reddit.com/r/stocks/new/.rss
Fetching https://www.reddit.com/r/StockMarket/new/.rss
Failed StockMarket: 429 Client Error: Too Many Requests for url: https://www.reddit.com/r/StockMarket/new/.rss
Fetching https://www.reddit.com/r/investing/new/.rss
Failed investing: 429 Client Error: Too Many Requests for url: https://www.reddit.com/r/investing/new/.rss
Fetching https://www.reddit.com/r/SecurityAnalysis/new/.rss
Failed SecurityAnalysis: 429 Client Error: Too Many Requests for url: https://www.reddit.com/r/SecurityAnalysis/new/.rss
{'seen': 15, 'kept': 15, 'upserted': 1, 'modified': 14}
--- Bluesky public search API ---
Fetching Bluesky query: stocks
status: 200
Fetching Bluesky query: earnings
status: 200
Fetching Bluesky query: stock market
status: 200
Fetching Bluesky query: short squeeze
status: 200
Fetching Bluesky query: IPO
status: 200
Fetching Bluesky query: merger acquisition
status: 200
Fetching Bluesky query: FDA approval stock
status: 200
Fetching Bluesky query: SEC investigation stock
status: 200
Fetching Bluesky query: options trading
status: 200
Fetching Bluesky query: $AAPL
status: 200
Fetching Bluesky query: $TSLA
status: 403
<html><body><h1>403 Forbidden</h1>
Request forbidden by administrative rules.
</body></html>


Fetching Bluesky query: $NVDA
status: 403
<html><body><h1>403 Forbidden</h1>
Request forbidden by administrative rules.
</body></html>


Fetching Bluesky query: $AMD
status: 403
<html><body><h1>403 Forbidden</h1>
Request forbidden by administrative rules.
</body></html>


{'seen': 199, 'kept': 176, 'upserted': 6, 'modified': 170}
--- StockTwits public symbol streams ---
Fetching StockTwits symbol: AAPL
status: 200
Fetching StockTwits symbol: MSFT
status: 200
Fetching StockTwits symbol: NVDA
status: 200
Fetching StockTwits symbol: AMZN
status: 200
Fetching StockTwits symbol: META
status: 200
Fetching StockTwits symbol: GOOGL
status: 200
Fetching StockTwits symbol: GOOG
status: 200
Fetching StockTwits symbol: TSLA
status: 200
Fetching StockTwits symbol: AVGO
status: 200
Fetching StockTwits symbol: AMD
status: 200
Fetching StockTwits symbol: ORCL
status: 200
Fetching StockTwits symbol: ADBE
status: 200
Fetching StockTwits symbol: CRM
status: 200
Fetching StockTwits symbol: NFLX
status: 200
Fetching StockTwits symbol: INTC
status: 200
Fetching StockTwits symbol: QCOM
status: 200
Fetching StockTwits symbol: TXN
status: 200
Fetching StockTwits symbol: MU
status: 200
Fetching StockTwits symbol: AMAT
status: 200
Fetching StockTwits symbol: LRCX
status: 200
{'seen': 600, 'kept': 540, 'upserted': 6, 'modified': 534}
===== 5m rolling social counts =====
{"ok":true,"counts":{"StockTwits":564,"Bluesky":190,"Reddit":16},"rows":[{"_id":"StockTwits","count":564},{"_id":"Bluesky","count":190},{"_id":"Reddit","count":16}],"total":770,"window_minutes":5,"since_sec":1781223074,"now_sec":1781223374}

===== PUBLIC SOCIAL COLLECTOR RUN Thu Jun 11 18:17:14 MDT 2026 =====
--- Reddit public finance RSS ---
Fetching https://www.reddit.com/r/stocks/new/.rss
Fetching https://www.reddit.com/r/StockMarket/new/.rss
Failed StockMarket: 429 Client Error: Too Many Requests for url: https://www.reddit.com/r/StockMarket/new/.rss
Fetching https://www.reddit.com/r/investing/new/.rss
Failed investing: 429 Client Error: Too Many Requests for url: https://www.reddit.com/r/investing/new/.rss
Fetching https://www.reddit.com/r/SecurityAnalysis/new/.rss
Failed SecurityAnalysis: 429 Client Error: Too Many Requests for url: https://www.reddit.com/r/SecurityAnalysis/new/.rss
{'seen': 15, 'kept': 15, 'upserted': 0, 'modified': 15}
--- Bluesky public search API ---
Fetching Bluesky query: stocks
status: 200
Fetching Bluesky query: earnings
status: 200
Fetching Bluesky query: stock market
status: 200
Fetching Bluesky query: short squeeze
status: 200
Fetching Bluesky query: IPO
status: 200
Fetching Bluesky query: merger acquisition
status: 200
Fetching Bluesky query: FDA approval stock
status: 200
Fetching Bluesky query: SEC investigation stock
status: 200
Fetching Bluesky query: options trading
status: 200
Fetching Bluesky query: $AAPL
status: 200
Fetching Bluesky query: $TSLA
status: 403
<html><body><h1>403 Forbidden</h1>
Request forbidden by administrative rules.
</body></html>


Fetching Bluesky query: $NVDA
status: 403
<html><body><h1>403 Forbidden</h1>
Request forbidden by administrative rules.
</body></html>


Fetching Bluesky query: $AMD
status: 403
<html><body><h1>403 Forbidden</h1>
Request forbidden by administrative rules.
</body></html>


{'seen': 199, 'kept': 176, 'upserted': 3, 'modified': 173}
--- StockTwits public symbol streams ---
Fetching StockTwits symbol: AAPL
status: 200
Fetching StockTwits symbol: MSFT
status: 200
Fetching StockTwits symbol: NVDA
status: 200
Fetching StockTwits symbol: AMZN
status: 200
Fetching StockTwits symbol: META
status: 200
Fetching StockTwits symbol: GOOGL
status: 200
Fetching StockTwits symbol: GOOG
status: 200
Fetching StockTwits symbol: TSLA
status: 200
Fetching StockTwits symbol: AVGO
status: 200
Fetching StockTwits symbol: AMD
status: 200
Fetching StockTwits symbol: ORCL
status: 200
Fetching StockTwits symbol: ADBE
status: 200
Fetching StockTwits symbol: CRM
status: 200
Fetching StockTwits symbol: NFLX
status: 200
Fetching StockTwits symbol: INTC
status: 200
Fetching StockTwits symbol: QCOM
status: 200
Fetching StockTwits symbol: TXN
status: 200
Fetching StockTwits symbol: MU
status: 200
Fetching StockTwits symbol: AMAT
status: 200
Fetching StockTwits symbol: LRCX
status: 200
{'seen': 600, 'kept': 539, 'upserted': 6, 'modified': 533}
===== 5m rolling social counts =====
{"ok":true,"counts":{"StockTwits":563,"Bluesky":188,"Reddit":16},"rows":[{"_id":"StockTwits","count":563},{"_id":"Bluesky","count":188},{"_id":"Reddit","count":16}],"total":767,"window_minutes":5,"since_sec":1781223147,"now_sec":1781223447}

===== PUBLIC SOCIAL COLLECTOR RUN Thu Jun 11 18:18:27 MDT 2026 =====
--- Reddit public finance RSS ---
Fetching https://www.reddit.com/r/stocks/new/.rss
Fetching https://www.reddit.com/r/StockMarket/new/.rss
Failed StockMarket: 429 Client Error: Too Many Requests for url: https://www.reddit.com/r/StockMarket/new/.rss
Fetching https://www.reddit.com/r/investing/new/.rss
Failed investing: 429 Client Error: Too Many Requests for url: https://www.reddit.com/r/investing/new/.rss
Fetching https://www.reddit.com/r/SecurityAnalysis/new/.rss
Failed SecurityAnalysis: 429 Client Error: Too Many Requests for url: https://www.reddit.com/r/SecurityAnalysis/new/.rss
{'seen': 15, 'kept': 15, 'upserted': 0, 'modified': 15}
--- Bluesky public search API ---
Fetching Bluesky query: stocks
status: 200
Fetching Bluesky query: earnings
status: 200
Fetching Bluesky query: stock market
status: 200
Fetching Bluesky query: short squeeze
status: 200
Fetching Bluesky query: IPO
status: 200
Fetching Bluesky query: merger acquisition
status: 200
Fetching Bluesky query: FDA approval stock
status: 200
Fetching Bluesky query: SEC investigation stock
status: 200
Fetching Bluesky query: options trading
status: 200
Fetching Bluesky query: $AAPL
status: 200
Fetching Bluesky query: $TSLA
status: 403
<html><body><h1>403 Forbidden</h1>
Request forbidden by administrative rules.
</body></html>


Fetching Bluesky query: $NVDA
status: 403
<html><body><h1>403 Forbidden</h1>
Request forbidden by administrative rules.
</body></html>


Fetching Bluesky query: $AMD
status: 403
<html><body><h1>403 Forbidden</h1>
Request forbidden by administrative rules.
</body></html>


{'seen': 199, 'kept': 176, 'upserted': 8, 'modified': 168}
--- StockTwits public symbol streams ---
Fetching StockTwits symbol: AAPL
status: 200
Fetching StockTwits symbol: MSFT
status: 200
Fetching StockTwits symbol: NVDA
status: 200
Fetching StockTwits symbol: AMZN
status: 200
Fetching StockTwits symbol: META
status: 200
Fetching StockTwits symbol: GOOGL
status: 200
Fetching StockTwits symbol: GOOG
status: 200
Fetching StockTwits symbol: TSLA
status: 200
Fetching StockTwits symbol: AVGO
status: 200
Fetching StockTwits symbol: AMD
status: 200
Fetching StockTwits symbol: ORCL
status: 200
Fetching StockTwits symbol: ADBE
status: 200
Fetching StockTwits symbol: CRM
status: 200
Fetching StockTwits symbol: NFLX
status: 200
Fetching StockTwits symbol: INTC
status: 200
Fetching StockTwits symbol: QCOM
status: 200
Fetching StockTwits symbol: TXN
status: 200
Fetching StockTwits symbol: MU
status: 200
Fetching StockTwits symbol: AMAT
status: 200
Fetching StockTwits symbol: LRCX
status: 200
{'seen': 600, 'kept': 539, 'upserted': 3, 'modified': 536}
===== 5m rolling social counts =====
{"ok":true,"counts":{"StockTwits":564,"Bluesky":193,"Reddit":16},"rows":[{"_id":"StockTwits","count":564},{"_id":"Bluesky","count":193},{"_id":"Reddit","count":16}],"total":773,"window_minutes":5,"since_sec":1781223221,"now_sec":1781223521}

===== PUBLIC SOCIAL COLLECTOR RUN Thu Jun 11 18:19:41 MDT 2026 =====
--- Reddit public finance RSS ---
Fetching https://www.reddit.com/r/stocks/new/.rss
Fetching https://www.reddit.com/r/StockMarket/new/.rss
Failed StockMarket: 429 Client Error: Too Many Requests for url: https://www.reddit.com/r/StockMarket/new/.rss
Fetching https://www.reddit.com/r/investing/new/.rss
Failed investing: 429 Client Error: Too Many Requests for url: https://www.reddit.com/r/investing/new/.rss
Fetching https://www.reddit.com/r/SecurityAnalysis/new/.rss
Failed SecurityAnalysis: 429 Client Error: Too Many Requests for url: https://www.reddit.com/r/SecurityAnalysis/new/.rss
{'seen': 15, 'kept': 15, 'upserted': 0, 'modified': 15}
--- Bluesky public search API ---
Fetching Bluesky query: stocks
status: 200
Fetching Bluesky query: earnings
status: 200
Fetching Bluesky query: stock market
status: 200
Fetching Bluesky query: short squeeze
status: 200
Fetching Bluesky query: IPO
status: 200
Fetching Bluesky query: merger acquisition
status: 200
Fetching Bluesky query: FDA approval stock
status: 200
Fetching Bluesky query: SEC investigation stock
status: 200
Fetching Bluesky query: options trading
status: 200
Fetching Bluesky query: $AAPL
status: 200
Fetching Bluesky query: $TSLA
status: 403
<html><body><h1>403 Forbidden</h1>
Request forbidden by administrative rules.
</body></html>


Fetching Bluesky query: $NVDA
status: 403
<html><body><h1>403 Forbidden</h1>
Request forbidden by administrative rules.
</body></html>


Fetching Bluesky query: $AMD
status: 403
<html><body><h1>403 Forbidden</h1>
Request forbidden by administrative rules.
</body></html>


{'seen': 199, 'kept': 177, 'upserted': 4, 'modified': 173}
--- StockTwits public symbol streams ---
Fetching StockTwits symbol: AAPL
status: 200
Fetching StockTwits symbol: MSFT
status: 200
Fetching StockTwits symbol: NVDA
status: 200
Fetching StockTwits symbol: AMZN
status: 200
Fetching StockTwits symbol: META
status: 200
Fetching StockTwits symbol: GOOGL
status: 200
Fetching StockTwits symbol: GOOG
status: 200
Fetching StockTwits symbol: TSLA
status: 200
Fetching StockTwits symbol: AVGO
status: 200
Fetching StockTwits symbol: AMD
status: 200
Fetching StockTwits symbol: ORCL
status: 200
Fetching StockTwits symbol: ADBE
status: 200
Fetching StockTwits symbol: CRM
status: 200
Fetching StockTwits symbol: NFLX
status: 200
Fetching StockTwits symbol: INTC
status: 200
Fetching StockTwits symbol: QCOM
status: 200
Fetching StockTwits symbol: TXN
status: 200
Fetching StockTwits symbol: MU
status: 200
Fetching StockTwits symbol: AMAT
status: 200
Fetching StockTwits symbol: LRCX
status: 200
{'seen': 600, 'kept': 539, 'upserted': 3, 'modified': 536}
===== 5m rolling social counts =====
{"ok":true,"counts":{"StockTwits":560,"Bluesky":191,"Reddit":15},"rows":[{"_id":"StockTwits","count":560},{"_id":"Bluesky","count":191},{"_id":"Reddit","count":15}],"total":766,"window_minutes":5,"since_sec":1781223293,"now_sec":1781223594}

===== PUBLIC SOCIAL COLLECTOR RUN Thu Jun 11 18:20:54 MDT 2026 =====
--- Reddit public finance RSS ---
Fetching https://www.reddit.com/r/stocks/new/.rss
Fetching https://www.reddit.com/r/StockMarket/new/.rss
Failed StockMarket: 429 Client Error: Too Many Requests for url: https://www.reddit.com/r/StockMarket/new/.rss
Fetching https://www.reddit.com/r/investing/new/.rss
Failed investing: 429 Client Error: Too Many Requests for url: https://www.reddit.com/r/investing/new/.rss
Fetching https://www.reddit.com/r/SecurityAnalysis/new/.rss
Failed SecurityAnalysis: 429 Client Error: Too Many Requests for url: https://www.reddit.com/r/SecurityAnalysis/new/.rss
{'seen': 15, 'kept': 15, 'upserted': 0, 'modified': 15}
--- Bluesky public search API ---
Fetching Bluesky query: stocks
status: 200
Fetching Bluesky query: earnings
status: 200
Fetching Bluesky query: stock market
status: 200
Fetching Bluesky query: short squeeze
status: 200
Fetching Bluesky query: IPO
status: 200
Fetching Bluesky query: merger acquisition
status: 200
Fetching Bluesky query: FDA approval stock
status: 200
Fetching Bluesky query: SEC investigation stock
status: 200
Fetching Bluesky query: options trading
status: 200
Fetching Bluesky query: $AAPL
status: 200
Fetching Bluesky query: $TSLA
status: 403
<html><body><h1>403 Forbidden</h1>
Request forbidden by administrative rules.
</body></html>


Fetching Bluesky query: $NVDA
status: 403
<html><body><h1>403 Forbidden</h1>
Request forbidden by administrative rules.
</body></html>


Fetching Bluesky query: $AMD
status: 403
<html><body><h1>403 Forbidden</h1>
Request forbidden by administrative rules.
</body></html>


{'seen': 199, 'kept': 177, 'upserted': 4, 'modified': 173}
--- StockTwits public symbol streams ---
Fetching StockTwits symbol: AAPL
status: 200
Fetching StockTwits symbol: MSFT
status: 200
Fetching StockTwits symbol: NVDA
status: 200
Fetching StockTwits symbol: AMZN
status: 200
Fetching StockTwits symbol: META
status: 200
Fetching StockTwits symbol: GOOGL
status: 200
Fetching StockTwits symbol: GOOG
status: 200
Fetching StockTwits symbol: TSLA
status: 200
Fetching StockTwits symbol: AVGO
status: 200
Fetching StockTwits symbol: AMD
status: 200
Fetching StockTwits symbol: ORCL
status: 200
Fetching StockTwits symbol: ADBE
status: 200
Fetching StockTwits symbol: CRM
status: 200
Fetching StockTwits symbol: NFLX
status: 200
Fetching StockTwits symbol: INTC
status: 200
Fetching StockTwits symbol: QCOM
status: 200
Fetching StockTwits symbol: TXN
status: 200
Fetching StockTwits symbol: MU
status: 200
Fetching StockTwits symbol: AMAT
status: 200
Fetching StockTwits symbol: LRCX
status: 200
{'seen': 600, 'kept': 539, 'upserted': 3, 'modified': 536}
===== 5m rolling social counts =====
{"ok":true,"counts":{"StockTwits":555,"Bluesky":192,"Reddit":15},"rows":[{"_id":"StockTwits","count":555},{"_id":"Bluesky","count":192},{"_id":"Reddit","count":15}],"total":762,"window_minutes":5,"since_sec":1781223368,"now_sec":1781223668}

===== PUBLIC SOCIAL COLLECTOR RUN Thu Jun 11 18:22:09 MDT 2026 =====
--- Reddit public finance RSS ---
Fetching https://www.reddit.com/r/stocks/new/.rss
Fetching https://www.reddit.com/r/StockMarket/new/.rss
Failed StockMarket: 429 Client Error: Too Many Requests for url: https://www.reddit.com/r/StockMarket/new/.rss
Fetching https://www.reddit.com/r/investing/new/.rss
Failed investing: 429 Client Error: Too Many Requests for url: https://www.reddit.com/r/investing/new/.rss
Fetching https://www.reddit.com/r/SecurityAnalysis/new/.rss
Failed SecurityAnalysis: 429 Client Error: Too Many Requests for url: https://www.reddit.com/r/SecurityAnalysis/new/.rss
{'seen': 15, 'kept': 15, 'upserted': 0, 'modified': 15}
--- Bluesky public search API ---
Fetching Bluesky query: stocks
status: 200
Fetching Bluesky query: earnings
status: 200
Fetching Bluesky query: stock market
status: 200
Fetching Bluesky query: short squeeze
status: 200
Fetching Bluesky query: IPO
status: 200
Fetching Bluesky query: merger acquisition
status: 200
Fetching Bluesky query: FDA approval stock
status: 200
Fetching Bluesky query: SEC investigation stock
status: 200
Fetching Bluesky query: options trading
status: 200
Fetching Bluesky query: $AAPL
status: 200
Fetching Bluesky query: $TSLA
status: 403
<html><body><h1>403 Forbidden</h1>
Request forbidden by administrative rules.
</body></html>


Fetching Bluesky query: $NVDA
status: 403
<html><body><h1>403 Forbidden</h1>
Request forbidden by administrative rules.
</body></html>


Fetching Bluesky query: $AMD
status: 403
<html><body><h1>403 Forbidden</h1>
Request forbidden by administrative rules.
</body></html>


{'seen': 199, 'kept': 176, 'upserted': 5, 'modified': 171}
--- StockTwits public symbol streams ---
Fetching StockTwits symbol: AAPL
status: 200
Fetching StockTwits symbol: MSFT
status: 200
Fetching StockTwits symbol: NVDA
status: 200
Fetching StockTwits symbol: AMZN
status: 200
Fetching StockTwits symbol: META
status: 200
Fetching StockTwits symbol: GOOGL
status: 200
Fetching StockTwits symbol: GOOG
status: 200
Fetching StockTwits symbol: TSLA
status: 200
Fetching StockTwits symbol: AVGO
status: 200
Fetching StockTwits symbol: AMD
status: 200
Fetching StockTwits symbol: ORCL
status: 200
Fetching StockTwits symbol: ADBE
status: 200
Fetching StockTwits symbol: CRM
status: 200
Fetching StockTwits symbol: NFLX
status: 200
Fetching StockTwits symbol: INTC
status: 200
Fetching StockTwits symbol: QCOM
status: 200
Fetching StockTwits symbol: TXN
status: 200
Fetching StockTwits symbol: MU
status: 200
Fetching StockTwits symbol: AMAT
status: 200
Fetching StockTwits symbol: LRCX
status: 200
{'seen': 600, 'kept': 539, 'upserted': 5, 'modified': 534}
===== 5m rolling social counts =====
{"ok":true,"counts":{"StockTwits":553,"Bluesky":189,"Reddit":15},"rows":[{"_id":"StockTwits","count":553},{"_id":"Bluesky","count":189},{"_id":"Reddit","count":15}],"total":757,"window_minutes":5,"since_sec":1781223442,"now_sec":1781223742}

===== PUBLIC SOCIAL COLLECTOR RUN Thu Jun 11 18:23:22 MDT 2026 =====
--- Reddit public finance RSS ---
Fetching https://www.reddit.com/r/stocks/new/.rss
Fetching https://www.reddit.com/r/StockMarket/new/.rss
Failed StockMarket: 429 Client Error: Too Many Requests for url: https://www.reddit.com/r/StockMarket/new/.rss
Fetching https://www.reddit.com/r/investing/new/.rss
Failed investing: 429 Client Error: Too Many Requests for url: https://www.reddit.com/r/investing/new/.rss
Fetching https://www.reddit.com/r/SecurityAnalysis/new/.rss
Failed SecurityAnalysis: 429 Client Error: Too Many Requests for url: https://www.reddit.com/r/SecurityAnalysis/new/.rss
{'seen': 15, 'kept': 15, 'upserted': 1, 'modified': 14}
--- Bluesky public search API ---
Fetching Bluesky query: stocks
status: 200
Fetching Bluesky query: earnings
status: 200
Fetching Bluesky query: stock market
status: 200
Fetching Bluesky query: short squeeze
status: 200
Fetching Bluesky query: IPO
status: 200
Fetching Bluesky query: merger acquisition
status: 200
Fetching Bluesky query: FDA approval stock
status: 200
Fetching Bluesky query: SEC investigation stock
status: 200
Fetching Bluesky query: options trading
status: 200
Fetching Bluesky query: $AAPL
status: 200
Fetching Bluesky query: $TSLA
status: 403
<html><body><h1>403 Forbidden</h1>
Request forbidden by administrative rules.
</body></html>


Fetching Bluesky query: $NVDA
status: 403
<html><body><h1>403 Forbidden</h1>
Request forbidden by administrative rules.
</body></html>


Fetching Bluesky query: $AMD
status: 403
<html><body><h1>403 Forbidden</h1>
Request forbidden by administrative rules.
</body></html>


{'seen': 199, 'kept': 176, 'upserted': 5, 'modified': 171}
--- StockTwits public symbol streams ---
Fetching StockTwits symbol: AAPL
status: 200
Fetching StockTwits symbol: MSFT
status: 200
Fetching StockTwits symbol: NVDA
status: 200
Fetching StockTwits symbol: AMZN
status: 200
Fetching StockTwits symbol: META
status: 200
Fetching StockTwits symbol: GOOGL
status: 200
Fetching StockTwits symbol: GOOG
status: 200
Fetching StockTwits symbol: TSLA
status: 200
Fetching StockTwits symbol: AVGO
status: 200
Fetching StockTwits symbol: AMD
status: 200
Fetching StockTwits symbol: ORCL
status: 200
Fetching StockTwits symbol: ADBE
status: 200
Fetching StockTwits symbol: CRM
status: 200
Fetching StockTwits symbol: NFLX
status: 200
Fetching StockTwits symbol: INTC
status: 200
Fetching StockTwits symbol: QCOM
status: 200
Fetching StockTwits symbol: TXN
status: 200
Fetching StockTwits symbol: MU
status: 200
Fetching StockTwits symbol: AMAT
status: 200
Fetching StockTwits symbol: LRCX
status: 200
{'seen': 600, 'kept': 540, 'upserted': 1, 'modified': 539}
===== 5m rolling social counts =====
{"ok":true,"counts":{"StockTwits":551,"Bluesky":191,"Reddit":16},"rows":[{"_id":"StockTwits","count":551},{"_id":"Bluesky","count":191},{"_id":"Reddit","count":16}],"total":758,"window_minutes":5,"since_sec":1781223516,"now_sec":1781223816}

===== PUBLIC SOCIAL COLLECTOR RUN Thu Jun 11 18:24:37 MDT 2026 =====
--- Reddit public finance RSS ---
Fetching https://www.reddit.com/r/stocks/new/.rss
Fetching https://www.reddit.com/r/StockMarket/new/.rss
Failed StockMarket: 429 Client Error: Too Many Requests for url: https://www.reddit.com/r/StockMarket/new/.rss
Fetching https://www.reddit.com/r/investing/new/.rss
Failed investing: 429 Client Error: Too Many Requests for url: https://www.reddit.com/r/investing/new/.rss
Fetching https://www.reddit.com/r/SecurityAnalysis/new/.rss
Failed SecurityAnalysis: 429 Client Error: Too Many Requests for url: https://www.reddit.com/r/SecurityAnalysis/new/.rss
{'seen': 15, 'kept': 15, 'upserted': 1, 'modified': 14}
--- Bluesky public search API ---
Fetching Bluesky query: stocks
status: 200
Fetching Bluesky query: earnings
status: 200
Fetching Bluesky query: stock market
status: 200
Fetching Bluesky query: short squeeze
status: 200
Fetching Bluesky query: IPO
status: 200
Fetching Bluesky query: merger acquisition
status: 200
Fetching Bluesky query: FDA approval stock
status: 200
Fetching Bluesky query: SEC investigation stock
status: 200
Fetching Bluesky query: options trading
status: 200
Fetching Bluesky query: $AAPL
status: 200
Fetching Bluesky query: $TSLA
status: 403
<html><body><h1>403 Forbidden</h1>
Request forbidden by administrative rules.
</body></html>


Fetching Bluesky query: $NVDA
status: 403
<html><body><h1>403 Forbidden</h1>
Request forbidden by administrative rules.
</body></html>


Fetching Bluesky query: $AMD
status: 403
<html><body><h1>403 Forbidden</h1>
Request forbidden by administrative rules.
</body></html>


{'seen': 199, 'kept': 176, 'upserted': 9, 'modified': 167}
--- StockTwits public symbol streams ---
Fetching StockTwits symbol: AAPL
status: 200
Fetching StockTwits symbol: MSFT
status: 200
Fetching StockTwits symbol: NVDA
status: 200
Fetching StockTwits symbol: AMZN
status: 200
Fetching StockTwits symbol: META
status: 200
Fetching StockTwits symbol: GOOGL
status: 200
Fetching StockTwits symbol: GOOG
status: 200
Fetching StockTwits symbol: TSLA
status: 200
Fetching StockTwits symbol: AVGO
status: 200
Fetching StockTwits symbol: AMD
status: 200
Fetching StockTwits symbol: ORCL
status: 200
Fetching StockTwits symbol: ADBE
status: 200
Fetching StockTwits symbol: CRM
status: 200
Fetching StockTwits symbol: NFLX
status: 200
Fetching StockTwits symbol: INTC
status: 200
Fetching StockTwits symbol: QCOM
status: 200
Fetching StockTwits symbol: TXN
status: 200
Fetching StockTwits symbol: MU
status: 200
Fetching StockTwits symbol: AMAT
status: 200
Fetching StockTwits symbol: LRCX
status: 200
{'seen': 600, 'kept': 541, 'upserted': 2, 'modified': 539}
===== 5m rolling social counts =====
{"ok":true,"counts":{"StockTwits":550,"Bluesky":196,"Reddit":17},"rows":[{"_id":"StockTwits","count":550},{"_id":"Bluesky","count":196},{"_id":"Reddit","count":17}],"total":763,"window_minutes":5,"since_sec":1781223589,"now_sec":1781223889}

===== PUBLIC SOCIAL COLLECTOR RUN Thu Jun 11 18:25:49 MDT 2026 =====
--- Reddit public finance RSS ---
Fetching https://www.reddit.com/r/stocks/new/.rss
Fetching https://www.reddit.com/r/StockMarket/new/.rss
Failed StockMarket: 429 Client Error: Too Many Requests for url: https://www.reddit.com/r/StockMarket/new/.rss
Fetching https://www.reddit.com/r/investing/new/.rss
Failed investing: 429 Client Error: Too Many Requests for url: https://www.reddit.com/r/investing/new/.rss
Fetching https://www.reddit.com/r/SecurityAnalysis/new/.rss
Failed SecurityAnalysis: 429 Client Error: Too Many Requests for url: https://www.reddit.com/r/SecurityAnalysis/new/.rss
{'seen': 15, 'kept': 15, 'upserted': 0, 'modified': 15}
--- Bluesky public search API ---
Fetching Bluesky query: stocks
status: 200
Fetching Bluesky query: earnings
status: 200
Fetching Bluesky query: stock market
status: 200
Fetching Bluesky query: short squeeze
status: 200
Fetching Bluesky query: IPO
status: 200
Fetching Bluesky query: merger acquisition
status: 200
Fetching Bluesky query: FDA approval stock
status: 200
Fetching Bluesky query: SEC investigation stock
status: 200
Fetching Bluesky query: options trading
status: 200
Fetching Bluesky query: $AAPL
status: 200
Fetching Bluesky query: $TSLA
status: 403
<html><body><h1>403 Forbidden</h1>
Request forbidden by administrative rules.
</body></html>


Fetching Bluesky query: $NVDA
status: 403
<html><body><h1>403 Forbidden</h1>
Request forbidden by administrative rules.
</body></html>


Fetching Bluesky query: $AMD
status: 403
<html><body><h1>403 Forbidden</h1>
Request forbidden by administrative rules.
</body></html>


{'seen': 199, 'kept': 175, 'upserted': 4, 'modified': 171}
--- StockTwits public symbol streams ---
Fetching StockTwits symbol: AAPL
status: 200
Fetching StockTwits symbol: MSFT
status: 200
Fetching StockTwits symbol: NVDA
status: 200
Fetching StockTwits symbol: AMZN
status: 200
Fetching StockTwits symbol: META
status: 200
Fetching StockTwits symbol: GOOGL
status: 200
Fetching StockTwits symbol: GOOG
status: 200
Fetching StockTwits symbol: TSLA
status: 200
Fetching StockTwits symbol: AVGO
status: 200
Fetching StockTwits symbol: AMD
status: 200
Fetching StockTwits symbol: ORCL
status: 200
Fetching StockTwits symbol: ADBE
status: 200
Fetching StockTwits symbol: CRM
status: 200
Fetching StockTwits symbol: NFLX
status: 200
Fetching StockTwits symbol: INTC
status: 200
Fetching StockTwits symbol: QCOM
status: 200
Fetching StockTwits symbol: TXN
status: 200
Fetching StockTwits symbol: MU
status: 200
Fetching StockTwits symbol: AMAT
status: 200
Fetching StockTwits symbol: LRCX
status: 200
{'seen': 600, 'kept': 542, 'upserted': 3, 'modified': 539}
===== 5m rolling social counts =====
{"ok":true,"counts":{"StockTwits":550,"Bluesky":194,"Reddit":18},"rows":[{"_id":"StockTwits","count":550},{"_id":"Bluesky","count":194},{"_id":"Reddit","count":18}],"total":762,"window_minutes":5,"since_sec":1781223662,"now_sec":1781223962}

===== PUBLIC SOCIAL COLLECTOR RUN Thu Jun 11 18:27:02 MDT 2026 =====
--- Reddit public finance RSS ---
Fetching https://www.reddit.com/r/stocks/new/.rss
Fetching https://www.reddit.com/r/StockMarket/new/.rss
Failed StockMarket: 429 Client Error: Too Many Requests for url: https://www.reddit.com/r/StockMarket/new/.rss
Fetching https://www.reddit.com/r/investing/new/.rss
Failed investing: 429 Client Error: Too Many Requests for url: https://www.reddit.com/r/investing/new/.rss
Fetching https://www.reddit.com/r/SecurityAnalysis/new/.rss
Failed SecurityAnalysis: 429 Client Error: Too Many Requests for url: https://www.reddit.com/r/SecurityAnalysis/new/.rss
{'seen': 15, 'kept': 15, 'upserted': 0, 'modified': 15}
--- Bluesky public search API ---
Fetching Bluesky query: stocks
status: 200
Fetching Bluesky query: earnings
status: 200
Fetching Bluesky query: stock market
status: 200
Fetching Bluesky query: short squeeze
status: 200
Fetching Bluesky query: IPO
status: 200
Fetching Bluesky query: merger acquisition
status: 200
Fetching Bluesky query: FDA approval stock
status: 200
Fetching Bluesky query: SEC investigation stock
status: 200
Fetching Bluesky query: options trading
status: 200
Fetching Bluesky query: $AAPL
status: 200
Fetching Bluesky query: $TSLA
status: 403
<html><body><h1>403 Forbidden</h1>
Request forbidden by administrative rules.
</body></html>


Fetching Bluesky query: $NVDA
status: 403
<html><body><h1>403 Forbidden</h1>
Request forbidden by administrative rules.
</body></html>


Fetching Bluesky query: $AMD
status: 403
<html><body><h1>403 Forbidden</h1>
Request forbidden by administrative rules.
</body></html>


{'seen': 199, 'kept': 175, 'upserted': 1, 'modified': 174}
--- StockTwits public symbol streams ---
Fetching StockTwits symbol: AAPL
status: 200
Fetching StockTwits symbol: MSFT
status: 200
Fetching StockTwits symbol: NVDA
status: 200
Fetching StockTwits symbol: AMZN
status: 200
Fetching StockTwits symbol: META
status: 200
Fetching StockTwits symbol: GOOGL
status: 200
Fetching StockTwits symbol: GOOG
status: 200
Fetching StockTwits symbol: TSLA
status: 200
Fetching StockTwits symbol: AVGO
status: 200
Fetching StockTwits symbol: AMD
status: 200
Fetching StockTwits symbol: ORCL
status: 200
Fetching StockTwits symbol: ADBE
status: 200
Fetching StockTwits symbol: CRM
status: 200
Fetching StockTwits symbol: NFLX
status: 200
Fetching StockTwits symbol: INTC
status: 200
Fetching StockTwits symbol: QCOM
status: 200
Fetching StockTwits symbol: TXN
status: 200
Fetching StockTwits symbol: MU
status: 200
Fetching StockTwits symbol: AMAT
status: 200
Fetching StockTwits symbol: LRCX
status: 200
{'seen': 600, 'kept': 542, 'upserted': 8, 'modified': 534}
===== 5m rolling social counts =====
{"ok":true,"counts":{"StockTwits":553,"Bluesky":190,"Reddit":20},"rows":[{"_id":"StockTwits","count":553},{"_id":"Bluesky","count":190},{"_id":"Reddit","count":20}],"total":763,"window_minutes":5,"since_sec":1781223736,"now_sec":1781224036}

===== PUBLIC SOCIAL COLLECTOR RUN Thu Jun 11 18:28:16 MDT 2026 =====
--- Reddit public finance RSS ---
Fetching https://www.reddit.com/r/stocks/new/.rss
Fetching https://www.reddit.com/r/StockMarket/new/.rss
Failed StockMarket: 429 Client Error: Too Many Requests for url: https://www.reddit.com/r/StockMarket/new/.rss
Fetching https://www.reddit.com/r/investing/new/.rss
Failed investing: 429 Client Error: Too Many Requests for url: https://www.reddit.com/r/investing/new/.rss
Fetching https://www.reddit.com/r/SecurityAnalysis/new/.rss
Failed SecurityAnalysis: 429 Client Error: Too Many Requests for url: https://www.reddit.com/r/SecurityAnalysis/new/.rss
{'seen': 15, 'kept': 15, 'upserted': 0, 'modified': 15}
--- Bluesky public search API ---
Fetching Bluesky query: stocks
status: 200
Fetching Bluesky query: earnings
status: 200
Fetching Bluesky query: stock market
status: 200
Fetching Bluesky query: short squeeze
status: 200
Fetching Bluesky query: IPO
status: 200
Fetching Bluesky query: merger acquisition
status: 200
Fetching Bluesky query: FDA approval stock
status: 200
Fetching Bluesky query: SEC investigation stock
status: 200
Fetching Bluesky query: options trading
status: 200
Fetching Bluesky query: $AAPL
status: 200
Fetching Bluesky query: $TSLA
status: 403
<html><body><h1>403 Forbidden</h1>
Request forbidden by administrative rules.
</body></html>


Fetching Bluesky query: $NVDA
status: 403
<html><body><h1>403 Forbidden</h1>
Request forbidden by administrative rules.
</body></html>


Fetching Bluesky query: $AMD
status: 403
<html><body><h1>403 Forbidden</h1>
Request forbidden by administrative rules.
</body></html>


{'seen': 199, 'kept': 175, 'upserted': 1, 'modified': 174}
--- StockTwits public symbol streams ---
Fetching StockTwits symbol: AAPL
status: 200
Fetching StockTwits symbol: MSFT
status: 200
Fetching StockTwits symbol: NVDA
status: 200
Fetching StockTwits symbol: AMZN
status: 200
Fetching StockTwits symbol: META
status: 200
Fetching StockTwits symbol: GOOGL
status: 200
Fetching StockTwits symbol: GOOG
status: 200
Fetching StockTwits symbol: TSLA
status: 200
Fetching StockTwits symbol: AVGO
status: 200
Fetching StockTwits symbol: AMD
status: 200
Fetching StockTwits symbol: ORCL
status: 200
Fetching StockTwits symbol: ADBE
status: 200
Fetching StockTwits symbol: CRM
status: 200
Fetching StockTwits symbol: NFLX
status: 200
Fetching StockTwits symbol: INTC
status: 200
Fetching StockTwits symbol: QCOM
status: 200
Fetching StockTwits symbol: TXN
status: 200
Fetching StockTwits symbol: MU
status: 200
Fetching StockTwits symbol: AMAT
status: 200
Fetching StockTwits symbol: LRCX
status: 200
{'seen': 600, 'kept': 542, 'upserted': 5, 'modified': 537}
===== 5m rolling social counts =====
{"ok":true,"counts":{"StockTwits":558,"Bluesky":182,"Reddit":19},"rows":[{"_id":"StockTwits","count":558},{"_id":"Bluesky","count":182},{"_id":"Reddit","count":19}],"total":759,"window_minutes":5,"since_sec":1781223810,"now_sec":1781224111}

===== PUBLIC SOCIAL COLLECTOR RUN Thu Jun 11 18:29:31 MDT 2026 =====
--- Reddit public finance RSS ---
Fetching https://www.reddit.com/r/stocks/new/.rss
Fetching https://www.reddit.com/r/StockMarket/new/.rss
Failed StockMarket: 429 Client Error: Too Many Requests for url: https://www.reddit.com/r/StockMarket/new/.rss
Fetching https://www.reddit.com/r/investing/new/.rss
Failed investing: 429 Client Error: Too Many Requests for url: https://www.reddit.com/r/investing/new/.rss
Fetching https://www.reddit.com/r/SecurityAnalysis/new/.rss
Failed SecurityAnalysis: 429 Client Error: Too Many Requests for url: https://www.reddit.com/r/SecurityAnalysis/new/.rss
{'seen': 15, 'kept': 15, 'upserted': 0, 'modified': 15}
--- Bluesky public search API ---
Fetching Bluesky query: stocks
status: 200
Fetching Bluesky query: earnings
status: 200
Fetching Bluesky query: stock market
status: 200
Fetching Bluesky query: short squeeze
status: 200
Fetching Bluesky query: IPO
status: 200
Fetching Bluesky query: merger acquisition
status: 200
Fetching Bluesky query: FDA approval stock
status: 200
Fetching Bluesky query: SEC investigation stock
status: 200
Fetching Bluesky query: options trading
status: 200
Fetching Bluesky query: $AAPL
status: 200
Fetching Bluesky query: $TSLA
status: 403
<html><body><h1>403 Forbidden</h1>
Request forbidden by administrative rules.
</body></html>


Fetching Bluesky query: $NVDA
status: 403
<html><body><h1>403 Forbidden</h1>
Request forbidden by administrative rules.
</body></html>


Fetching Bluesky query: $AMD
status: 403
<html><body><h1>403 Forbidden</h1>
Request forbidden by administrative rules.
</body></html>


{'seen': 199, 'kept': 175, 'upserted': 3, 'modified': 172}
--- StockTwits public symbol streams ---
Fetching StockTwits symbol: AAPL
status: 200
Fetching StockTwits symbol: MSFT
status: 200
Fetching StockTwits symbol: NVDA
status: 200
Fetching StockTwits symbol: AMZN
status: 200
Fetching StockTwits symbol: META
status: 200
Fetching StockTwits symbol: GOOGL
status: 200
Fetching StockTwits symbol: GOOG
status: 200
Fetching StockTwits symbol: TSLA
status: 200
Fetching StockTwits symbol: AVGO
status: 200
Fetching StockTwits symbol: AMD
status: 200
Fetching StockTwits symbol: ORCL
status: 200
Fetching StockTwits symbol: ADBE
status: 200
Fetching StockTwits symbol: CRM
status: 200
Fetching StockTwits symbol: NFLX
status: 200
Fetching StockTwits symbol: INTC
status: 200
Fetching StockTwits symbol: QCOM
status: 200
Fetching StockTwits symbol: TXN
status: 200
Fetching StockTwits symbol: MU
status: 200
Fetching StockTwits symbol: AMAT
status: 200
Fetching StockTwits symbol: LRCX
status: 200
{'seen': 600, 'kept': 541, 'upserted': 4, 'modified': 537}
===== 5m rolling social counts =====
{"ok":true,"counts":{"StockTwits":561,"Bluesky":180,"Reddit":17},"rows":[{"_id":"StockTwits","count":561},{"_id":"Bluesky","count":180},{"_id":"Reddit","count":17}],"total":758,"window_minutes":5,"since_sec":1781223885,"now_sec":1781224185}

===== PUBLIC SOCIAL COLLECTOR RUN Thu Jun 11 18:30:45 MDT 2026 =====
--- Reddit public finance RSS ---
Fetching https://www.reddit.com/r/stocks/new/.rss
Fetching https://www.reddit.com/r/StockMarket/new/.rss
Failed StockMarket: 429 Client Error: Too Many Requests for url: https://www.reddit.com/r/StockMarket/new/.rss
Fetching https://www.reddit.com/r/investing/new/.rss
Failed investing: 429 Client Error: Too Many Requests for url: https://www.reddit.com/r/investing/new/.rss
Fetching https://www.reddit.com/r/SecurityAnalysis/new/.rss
Failed SecurityAnalysis: 429 Client Error: Too Many Requests for url: https://www.reddit.com/r/SecurityAnalysis/new/.rss
{'seen': 15, 'kept': 15, 'upserted': 0, 'modified': 15}
--- Bluesky public search API ---
Fetching Bluesky query: stocks
status: 200
Fetching Bluesky query: earnings
status: 200
Fetching Bluesky query: stock market
status: 200
Fetching Bluesky query: short squeeze
status: 200
Fetching Bluesky query: IPO
status: 200
Fetching Bluesky query: merger acquisition
status: 200
Fetching Bluesky query: FDA approval stock
status: 200
Fetching Bluesky query: SEC investigation stock
status: 200
Fetching Bluesky query: options trading
status: 200
Fetching Bluesky query: $AAPL
status: 200
Fetching Bluesky query: $TSLA
status: 403
<html><body><h1>403 Forbidden</h1>
Request forbidden by administrative rules.
</body></html>


Fetching Bluesky query: $NVDA
status: 403
<html><body><h1>403 Forbidden</h1>
Request forbidden by administrative rules.
</body></html>


Fetching Bluesky query: $AMD
status: 403
<html><body><h1>403 Forbidden</h1>
Request forbidden by administrative rules.
</body></html>


{'seen': 199, 'kept': 175, 'upserted': 5, 'modified': 170}
--- StockTwits public symbol streams ---
Fetching StockTwits symbol: AAPL
status: 200
Fetching StockTwits symbol: MSFT
status: 200
Fetching StockTwits symbol: NVDA
status: 200
Fetching StockTwits symbol: AMZN
status: 200
Fetching StockTwits symbol: META
status: 200
Fetching StockTwits symbol: GOOGL
status: 200
Fetching StockTwits symbol: GOOG
status: 200
Fetching StockTwits symbol: TSLA
status: 200
Fetching StockTwits symbol: AVGO
status: 200
Fetching StockTwits symbol: AMD
status: 200
Fetching StockTwits symbol: ORCL
status: 200
Fetching StockTwits symbol: ADBE
status: 200
Fetching StockTwits symbol: CRM
status: 200
Fetching StockTwits symbol: NFLX
status: 200
Fetching StockTwits symbol: INTC
status: 200
Fetching StockTwits symbol: QCOM
status: 200
Fetching StockTwits symbol: TXN
status: 200
Fetching StockTwits symbol: MU
status: 200
Fetching StockTwits symbol: AMAT
status: 200
Fetching StockTwits symbol: LRCX
status: 200
{'seen': 600, 'kept': 541, 'upserted': 4, 'modified': 537}
===== 5m rolling social counts =====
{"ok":true,"counts":{"StockTwits":556,"Bluesky":184,"Reddit":15},"rows":[{"_id":"StockTwits","count":556},{"_id":"Bluesky","count":184},{"_id":"Reddit","count":15}],"total":755,"window_minutes":5,"since_sec":1781223960,"now_sec":1781224260}

===== PUBLIC SOCIAL COLLECTOR RUN Thu Jun 11 18:32:00 MDT 2026 =====
--- Reddit public finance RSS ---
Fetching https://www.reddit.com/r/stocks/new/.rss
Fetching https://www.reddit.com/r/StockMarket/new/.rss
Failed StockMarket: 429 Client Error: Too Many Requests for url: https://www.reddit.com/r/StockMarket/new/.rss
Fetching https://www.reddit.com/r/investing/new/.rss
Failed investing: 429 Client Error: Too Many Requests for url: https://www.reddit.com/r/investing/new/.rss
Fetching https://www.reddit.com/r/SecurityAnalysis/new/.rss
Failed SecurityAnalysis: 429 Client Error: Too Many Requests for url: https://www.reddit.com/r/SecurityAnalysis/new/.rss
{'seen': 15, 'kept': 15, 'upserted': 0, 'modified': 15}
--- Bluesky public search API ---
Fetching Bluesky query: stocks
status: 200
Fetching Bluesky query: earnings
status: 200
Fetching Bluesky query: stock market
status: 200
Fetching Bluesky query: short squeeze
status: 200
Fetching Bluesky query: IPO
status: 200
Fetching Bluesky query: merger acquisition
status: 200
Fetching Bluesky query: FDA approval stock
status: 200
Fetching Bluesky query: SEC investigation stock
status: 200
Fetching Bluesky query: options trading
status: 200
Fetching Bluesky query: $AAPL
status: 200
Fetching Bluesky query: $TSLA
status: 403
<html><body><h1>403 Forbidden</h1>
Request forbidden by administrative rules.
</body></html>


Fetching Bluesky query: $NVDA
status: 403
<html><body><h1>403 Forbidden</h1>
Request forbidden by administrative rules.
</body></html>


Fetching Bluesky query: $AMD
status: 403
<html><body><h1>403 Forbidden</h1>
Request forbidden by administrative rules.
</body></html>


{'seen': 199, 'kept': 175, 'upserted': 11, 'modified': 164}
--- StockTwits public symbol streams ---
Fetching StockTwits symbol: AAPL
status: 200
Fetching StockTwits symbol: MSFT
status: 200
Fetching StockTwits symbol: NVDA
status: 200
Fetching StockTwits symbol: AMZN
status: 200
Fetching StockTwits symbol: META
status: 200
Fetching StockTwits symbol: GOOGL
status: 200
Fetching StockTwits symbol: GOOG
status: 200
Fetching StockTwits symbol: TSLA
status: 200
Fetching StockTwits symbol: AVGO
status: 200
Fetching StockTwits symbol: AMD
status: 200
Fetching StockTwits symbol: ORCL
status: 200
Fetching StockTwits symbol: ADBE
status: 200
Fetching StockTwits symbol: CRM
status: 200
Fetching StockTwits symbol: NFLX
status: 200
Fetching StockTwits symbol: INTC
status: 200
Fetching StockTwits symbol: QCOM
status: 200
Fetching StockTwits symbol: TXN
status: 200
Fetching StockTwits symbol: MU
status: 200
Fetching StockTwits symbol: AMAT
status: 200
Fetching StockTwits symbol: LRCX
status: 200
{'seen': 600, 'kept': 542, 'upserted': 5, 'modified': 537}
===== 5m rolling social counts =====
{"ok":true,"counts":{"StockTwits":556,"Bluesky":194,"Reddit":15},"rows":[{"_id":"StockTwits","count":556},{"_id":"Bluesky","count":194},{"_id":"Reddit","count":15}],"total":765,"window_minutes":5,"since_sec":1781224034,"now_sec":1781224334}

===== PUBLIC SOCIAL COLLECTOR RUN Thu Jun 11 18:33:14 MDT 2026 =====
--- Reddit public finance RSS ---
Fetching https://www.reddit.com/r/stocks/new/.rss
Fetching https://www.reddit.com/r/StockMarket/new/.rss
Failed StockMarket: 429 Client Error: Too Many Requests for url: https://www.reddit.com/r/StockMarket/new/.rss
Fetching https://www.reddit.com/r/investing/new/.rss
Failed investing: 429 Client Error: Too Many Requests for url: https://www.reddit.com/r/investing/new/.rss
Fetching https://www.reddit.com/r/SecurityAnalysis/new/.rss
Failed SecurityAnalysis: 429 Client Error: Too Many Requests for url: https://www.reddit.com/r/SecurityAnalysis/new/.rss
{'seen': 15, 'kept': 15, 'upserted': 0, 'modified': 15}
--- Bluesky public search API ---
Fetching Bluesky query: stocks
status: 200
Fetching Bluesky query: earnings
status: 200
Fetching Bluesky query: stock market
status: 200
Fetching Bluesky query: short squeeze
status: 200
Fetching Bluesky query: IPO
status: 200
Fetching Bluesky query: merger acquisition
status: 200
Fetching Bluesky query: FDA approval stock
status: 200
Fetching Bluesky query: SEC investigation stock
status: 200
Fetching Bluesky query: options trading
status: 200
Fetching Bluesky query: $AAPL
status: 200
Fetching Bluesky query: $TSLA
status: 403
<html><body><h1>403 Forbidden</h1>
Request forbidden by administrative rules.
</body></html>


Fetching Bluesky query: $NVDA
status: 403
<html><body><h1>403 Forbidden</h1>
Request forbidden by administrative rules.
</body></html>


Fetching Bluesky query: $AMD
status: 403
<html><body><h1>403 Forbidden</h1>
Request forbidden by administrative rules.
</body></html>


{'seen': 199, 'kept': 175, 'upserted': 1, 'modified': 174}
--- StockTwits public symbol streams ---
Fetching StockTwits symbol: AAPL
status: 200
Fetching StockTwits symbol: MSFT
status: 200
Fetching StockTwits symbol: NVDA
status: 200
Fetching StockTwits symbol: AMZN
status: 200
Fetching StockTwits symbol: META
status: 200
Fetching StockTwits symbol: GOOGL
status: 200
Fetching StockTwits symbol: GOOG
status: 200
Fetching StockTwits symbol: TSLA
status: 200
Fetching StockTwits symbol: AVGO
status: 200
Fetching StockTwits symbol: AMD
status: 200
Fetching StockTwits symbol: ORCL
status: 200
Fetching StockTwits symbol: ADBE
status: 200
Fetching StockTwits symbol: CRM
status: 200
Fetching StockTwits symbol: NFLX
status: 200
Fetching StockTwits symbol: INTC
status: 200
Fetching StockTwits symbol: QCOM
status: 200
Fetching StockTwits symbol: TXN
status: 200
Fetching StockTwits symbol: MU
status: 200
Fetching StockTwits symbol: AMAT
status: 200
Fetching StockTwits symbol: LRCX
status: 200
{'seen': 600, 'kept': 542, 'upserted': 6, 'modified': 536}
===== 5m rolling social counts =====
{"ok":true,"counts":{"StockTwits":560,"Bluesky":192,"Reddit":15},"rows":[{"_id":"StockTwits","count":560},{"_id":"Bluesky","count":192},{"_id":"Reddit","count":15}],"total":767,"window_minutes":5,"since_sec":1781224107,"now_sec":1781224407}

===== PUBLIC SOCIAL COLLECTOR RUN Thu Jun 11 18:34:28 MDT 2026 =====
--- Reddit public finance RSS ---
Fetching https://www.reddit.com/r/stocks/new/.rss
Fetching https://www.reddit.com/r/StockMarket/new/.rss
Failed StockMarket: 429 Client Error: Too Many Requests for url: https://www.reddit.com/r/StockMarket/new/.rss
Fetching https://www.reddit.com/r/investing/new/.rss
Failed investing: 429 Client Error: Too Many Requests for url: https://www.reddit.com/r/investing/new/.rss
Fetching https://www.reddit.com/r/SecurityAnalysis/new/.rss
Failed SecurityAnalysis: 429 Client Error: Too Many Requests for url: https://www.reddit.com/r/SecurityAnalysis/new/.rss
{'seen': 15, 'kept': 15, 'upserted': 0, 'modified': 15}
--- Bluesky public search API ---
Fetching Bluesky query: stocks
status: 200
Fetching Bluesky query: earnings
status: 200
Fetching Bluesky query: stock market
status: 200
Fetching Bluesky query: short squeeze
status: 200
Fetching Bluesky query: IPO
status: 200
Fetching Bluesky query: merger acquisition
status: 200
Fetching Bluesky query: FDA approval stock
status: 200
Fetching Bluesky query: SEC investigation stock
status: 200
Fetching Bluesky query: options trading
status: 200
Fetching Bluesky query: $AAPL
status: 200
Fetching Bluesky query: $TSLA
status: 403
<html><body><h1>403 Forbidden</h1>
Request forbidden by administrative rules.
</body></html>


Fetching Bluesky query: $NVDA
status: 403
<html><body><h1>403 Forbidden</h1>
Request forbidden by administrative rules.
</body></html>


Fetching Bluesky query: $AMD
status: 403
<html><body><h1>403 Forbidden</h1>
Request forbidden by administrative rules.
</body></html>


{'seen': 199, 'kept': 175, 'upserted': 4, 'modified': 171}
--- StockTwits public symbol streams ---
Fetching StockTwits symbol: AAPL
status: 200
Fetching StockTwits symbol: MSFT
status: 200
Fetching StockTwits symbol: NVDA
status: 200
Fetching StockTwits symbol: AMZN
status: 200
Fetching StockTwits symbol: META
status: 200
Fetching StockTwits symbol: GOOGL
status: 200
Fetching StockTwits symbol: GOOG
status: 200
Fetching StockTwits symbol: TSLA
status: 200
Fetching StockTwits symbol: AVGO
status: 200
Fetching StockTwits symbol: AMD
status: 200
Fetching StockTwits symbol: ORCL
status: 200
Fetching StockTwits symbol: ADBE
status: 200
Fetching StockTwits symbol: CRM
status: 200
Fetching StockTwits symbol: NFLX
status: 200
Fetching StockTwits symbol: INTC
status: 200
Fetching StockTwits symbol: QCOM
status: 200
Fetching StockTwits symbol: TXN
status: 200
Fetching StockTwits symbol: MU
status: 200
Fetching StockTwits symbol: AMAT
status: 200
Fetching StockTwits symbol: LRCX
status: 200
{'seen': 600, 'kept': 543, 'upserted': 6, 'modified': 537}
===== 5m rolling social counts =====
{"ok":true,"counts":{"StockTwits":562,"Bluesky":191,"Reddit":15},"rows":[{"_id":"StockTwits","count":562},{"_id":"Bluesky","count":191},{"_id":"Reddit","count":15}],"total":768,"window_minutes":5,"since_sec":1781224180,"now_sec":1781224480}

===== PUBLIC SOCIAL COLLECTOR RUN Thu Jun 11 18:35:40 MDT 2026 =====
--- Reddit public finance RSS ---
Fetching https://www.reddit.com/r/stocks/new/.rss
Fetching https://www.reddit.com/r/StockMarket/new/.rss
Failed StockMarket: 429 Client Error: Too Many Requests for url: https://www.reddit.com/r/StockMarket/new/.rss
Fetching https://www.reddit.com/r/investing/new/.rss
Failed investing: 429 Client Error: Too Many Requests for url: https://www.reddit.com/r/investing/new/.rss
Fetching https://www.reddit.com/r/SecurityAnalysis/new/.rss
Failed SecurityAnalysis: 429 Client Error: Too Many Requests for url: https://www.reddit.com/r/SecurityAnalysis/new/.rss
{'seen': 15, 'kept': 15, 'upserted': 0, 'modified': 15}
--- Bluesky public search API ---
Fetching Bluesky query: stocks
status: 200
Fetching Bluesky query: earnings
status: 200
Fetching Bluesky query: stock market
status: 200
Fetching Bluesky query: short squeeze
status: 200
Fetching Bluesky query: IPO
status: 200
Fetching Bluesky query: merger acquisition
status: 200
Fetching Bluesky query: FDA approval stock
status: 200
Fetching Bluesky query: SEC investigation stock
status: 200
Fetching Bluesky query: options trading
status: 200
Fetching Bluesky query: $AAPL
status: 200
Fetching Bluesky query: $TSLA
status: 403
<html><body><h1>403 Forbidden</h1>
Request forbidden by administrative rules.
</body></html>


Fetching Bluesky query: $NVDA
status: 403
<html><body><h1>403 Forbidden</h1>
Request forbidden by administrative rules.
</body></html>


Fetching Bluesky query: $AMD
status: 403
<html><body><h1>403 Forbidden</h1>
Request forbidden by administrative rules.
</body></html>


{'seen': 199, 'kept': 175, 'upserted': 3, 'modified': 172}
--- StockTwits public symbol streams ---
Fetching StockTwits symbol: AAPL
status: 200
Fetching StockTwits symbol: MSFT
status: 200
Fetching StockTwits symbol: NVDA
status: 200
Fetching StockTwits symbol: AMZN
status: 200
Fetching StockTwits symbol: META
status: 200
Fetching StockTwits symbol: GOOGL
status: 200
Fetching StockTwits symbol: GOOG
status: 200
Fetching StockTwits symbol: TSLA
status: 200
Fetching StockTwits symbol: AVGO
status: 200
Fetching StockTwits symbol: AMD
status: 200
Fetching StockTwits symbol: ORCL
status: 200
Fetching StockTwits symbol: ADBE
status: 200
Fetching StockTwits symbol: CRM
status: 200
Fetching StockTwits symbol: NFLX
status: 200
Fetching StockTwits symbol: INTC
status: 200
Fetching StockTwits symbol: QCOM
status: 200
Fetching StockTwits symbol: TXN
status: 200
Fetching StockTwits symbol: MU
status: 200
Fetching StockTwits symbol: AMAT
status: 200
Fetching StockTwits symbol: LRCX
status: 200
{'seen': 600, 'kept': 542, 'upserted': 12, 'modified': 530}
===== 5m rolling social counts =====
{"ok":true,"counts":{"StockTwits":570,"Bluesky":183,"Reddit":15},"rows":[{"_id":"StockTwits","count":570},{"_id":"Bluesky","count":183},{"_id":"Reddit","count":15}],"total":768,"window_minutes":5,"since_sec":1781224253,"now_sec":1781224553}

===== PUBLIC SOCIAL COLLECTOR RUN Thu Jun 11 18:36:53 MDT 2026 =====
--- Reddit public finance RSS ---
Fetching https://www.reddit.com/r/stocks/new/.rss
Fetching https://www.reddit.com/r/StockMarket/new/.rss
Failed StockMarket: 429 Client Error: Too Many Requests for url: https://www.reddit.com/r/StockMarket/new/.rss
Fetching https://www.reddit.com/r/investing/new/.rss
Failed investing: 429 Client Error: Too Many Requests for url: https://www.reddit.com/r/investing/new/.rss
Fetching https://www.reddit.com/r/SecurityAnalysis/new/.rss
Failed SecurityAnalysis: 429 Client Error: Too Many Requests for url: https://www.reddit.com/r/SecurityAnalysis/new/.rss
{'seen': 15, 'kept': 15, 'upserted': 0, 'modified': 15}
--- Bluesky public search API ---
Fetching Bluesky query: stocks
status: 200
Fetching Bluesky query: earnings
status: 200
Fetching Bluesky query: stock market
status: 200
Fetching Bluesky query: short squeeze
status: 200
Fetching Bluesky query: IPO
status: 200
Fetching Bluesky query: merger acquisition
status: 200
Fetching Bluesky query: FDA approval stock
status: 200
Fetching Bluesky query: SEC investigation stock
status: 200
Fetching Bluesky query: options trading
status: 200
Fetching Bluesky query: $AAPL
status: 200
Fetching Bluesky query: $TSLA
status: 403
<html><body><h1>403 Forbidden</h1>
Request forbidden by administrative rules.
</body></html>


Fetching Bluesky query: $NVDA
status: 403
<html><body><h1>403 Forbidden</h1>
Request forbidden by administrative rules.
</body></html>


Fetching Bluesky query: $AMD
status: 403
<html><body><h1>403 Forbidden</h1>
Request forbidden by administrative rules.
</body></html>


{'seen': 199, 'kept': 175, 'upserted': 4, 'modified': 171}
--- StockTwits public symbol streams ---
Fetching StockTwits symbol: AAPL
status: 200
Fetching StockTwits symbol: MSFT
status: 200
Fetching StockTwits symbol: NVDA
status: 200
Fetching StockTwits symbol: AMZN
status: 200
Fetching StockTwits symbol: META
status: 200
Fetching StockTwits symbol: GOOGL
status: 200
Fetching StockTwits symbol: GOOG
status: 200
Fetching StockTwits symbol: TSLA
status: 200
Fetching StockTwits symbol: AVGO
status: 200
Fetching StockTwits symbol: AMD
status: 200
Fetching StockTwits symbol: ORCL
status: 200
Fetching StockTwits symbol: ADBE
status: 200
Fetching StockTwits symbol: CRM
status: 200
Fetching StockTwits symbol: NFLX
status: 200
Fetching StockTwits symbol: INTC
status: 200
Fetching StockTwits symbol: QCOM
status: 200
Fetching StockTwits symbol: TXN
status: 200
Fetching StockTwits symbol: MU
status: 200
Fetching StockTwits symbol: AMAT
status: 200
Fetching StockTwits symbol: LRCX
status: 200
{'seen': 600, 'kept': 542, 'upserted': 2, 'modified': 540}
===== 5m rolling social counts =====
{"ok":true,"counts":{"StockTwits":568,"Bluesky":186,"Reddit":15},"rows":[{"_id":"StockTwits","count":568},{"_id":"Bluesky","count":186},{"_id":"Reddit","count":15}],"total":769,"window_minutes":5,"since_sec":1781224327,"now_sec":1781224627}

===== PUBLIC SOCIAL COLLECTOR RUN Thu Jun 11 18:38:07 MDT 2026 =====
--- Reddit public finance RSS ---
Fetching https://www.reddit.com/r/stocks/new/.rss
Fetching https://www.reddit.com/r/StockMarket/new/.rss
Failed StockMarket: 429 Client Error: Too Many Requests for url: https://www.reddit.com/r/StockMarket/new/.rss
Fetching https://www.reddit.com/r/investing/new/.rss
Failed investing: 429 Client Error: Too Many Requests for url: https://www.reddit.com/r/investing/new/.rss
Fetching https://www.reddit.com/r/SecurityAnalysis/new/.rss
Failed SecurityAnalysis: 429 Client Error: Too Many Requests for url: https://www.reddit.com/r/SecurityAnalysis/new/.rss
{'seen': 15, 'kept': 15, 'upserted': 0, 'modified': 15}
--- Bluesky public search API ---
Fetching Bluesky query: stocks
status: 200
Fetching Bluesky query: earnings
status: 200
Fetching Bluesky query: stock market
status: 200
Fetching Bluesky query: short squeeze
status: 200
Fetching Bluesky query: IPO
status: 200
Fetching Bluesky query: merger acquisition
status: 200
Fetching Bluesky query: FDA approval stock
status: 200
Fetching Bluesky query: SEC investigation stock
status: 200
Fetching Bluesky query: options trading
status: 200
Fetching Bluesky query: $AAPL
status: 200
Fetching Bluesky query: $TSLA
status: 403
<html><body><h1>403 Forbidden</h1>
Request forbidden by administrative rules.
</body></html>


Fetching Bluesky query: $NVDA
status: 403
<html><body><h1>403 Forbidden</h1>
Request forbidden by administrative rules.
</body></html>


Fetching Bluesky query: $AMD
status: 403
<html><body><h1>403 Forbidden</h1>
Request forbidden by administrative rules.
</body></html>


{'seen': 199, 'kept': 175, 'upserted': 4, 'modified': 171}
--- StockTwits public symbol streams ---
Fetching StockTwits symbol: AAPL
status: 200
Fetching StockTwits symbol: MSFT
status: 200
Fetching StockTwits symbol: NVDA
status: 200
Fetching StockTwits symbol: AMZN
status: 200
Fetching StockTwits symbol: META
status: 200
Fetching StockTwits symbol: GOOGL
status: 200
Fetching StockTwits symbol: GOOG
status: 200
Fetching StockTwits symbol: TSLA
status: 200
Fetching StockTwits symbol: AVGO
status: 200
Fetching StockTwits symbol: AMD
status: 200
Fetching StockTwits symbol: ORCL
status: 200
Fetching StockTwits symbol: ADBE
status: 200
Fetching StockTwits symbol: CRM
status: 200
Fetching StockTwits symbol: NFLX
status: 200
Fetching StockTwits symbol: INTC
status: 200
Fetching StockTwits symbol: QCOM
status: 200
Fetching StockTwits symbol: TXN
status: 200
Fetching StockTwits symbol: MU
status: 200
Fetching StockTwits symbol: AMAT
status: 200
Fetching StockTwits symbol: LRCX
status: 200
{'seen': 600, 'kept': 544, 'upserted': 7, 'modified': 537}
===== 5m rolling social counts =====
{"ok":true,"counts":{"StockTwits":569,"Bluesky":186,"Reddit":15},"rows":[{"_id":"StockTwits","count":569},{"_id":"Bluesky","count":186},{"_id":"Reddit","count":15}],"total":770,"window_minutes":5,"since_sec":1781224401,"now_sec":1781224701}

===== PUBLIC SOCIAL COLLECTOR RUN Thu Jun 11 18:39:21 MDT 2026 =====
--- Reddit public finance RSS ---
Fetching https://www.reddit.com/r/stocks/new/.rss
Fetching https://www.reddit.com/r/StockMarket/new/.rss
Failed StockMarket: 429 Client Error: Too Many Requests for url: https://www.reddit.com/r/StockMarket/new/.rss
Fetching https://www.reddit.com/r/investing/new/.rss
Failed investing: 429 Client Error: Too Many Requests for url: https://www.reddit.com/r/investing/new/.rss
Fetching https://www.reddit.com/r/SecurityAnalysis/new/.rss
Failed SecurityAnalysis: 429 Client Error: Too Many Requests for url: https://www.reddit.com/r/SecurityAnalysis/new/.rss
{'seen': 15, 'kept': 15, 'upserted': 0, 'modified': 15}
--- Bluesky public search API ---
Fetching Bluesky query: stocks
status: 200
Fetching Bluesky query: earnings
status: 200
Fetching Bluesky query: stock market
status: 200
Fetching Bluesky query: short squeeze
status: 200
Fetching Bluesky query: IPO
status: 200
Fetching Bluesky query: merger acquisition
status: 200
Fetching Bluesky query: FDA approval stock
status: 200
Fetching Bluesky query: SEC investigation stock
status: 200
Fetching Bluesky query: options trading
status: 200
Fetching Bluesky query: $AAPL
status: 200
Fetching Bluesky query: $TSLA
status: 403
<html><body><h1>403 Forbidden</h1>
Request forbidden by administrative rules.
</body></html>


Fetching Bluesky query: $NVDA
status: 403
<html><body><h1>403 Forbidden</h1>
Request forbidden by administrative rules.
</body></html>


Fetching Bluesky query: $AMD
status: 403
<html><body><h1>403 Forbidden</h1>
Request forbidden by administrative rules.
</body></html>


{'seen': 199, 'kept': 175, 'upserted': 3, 'modified': 172}
--- StockTwits public symbol streams ---
Fetching StockTwits symbol: AAPL
status: 200
Fetching StockTwits symbol: MSFT
status: 200
Fetching StockTwits symbol: NVDA
status: 200
Fetching StockTwits symbol: AMZN
status: 200
Fetching StockTwits symbol: META
status: 200
Fetching StockTwits symbol: GOOGL
status: 200
Fetching StockTwits symbol: GOOG
status: 200
Fetching StockTwits symbol: TSLA
status: 200
Fetching StockTwits symbol: AVGO
status: 200
Fetching StockTwits symbol: AMD
status: 200
Fetching StockTwits symbol: ORCL
status: 200
Fetching StockTwits symbol: ADBE
status: 200
Fetching StockTwits symbol: CRM
status: 200
Fetching StockTwits symbol: NFLX
status: 200
Fetching StockTwits symbol: INTC
status: 200
Fetching StockTwits symbol: QCOM
status: 200
Fetching StockTwits symbol: TXN
status: 200
Fetching StockTwits symbol: MU
status: 200
Fetching StockTwits symbol: AMAT
status: 200
Fetching StockTwits symbol: LRCX
status: 200
{'seen': 600, 'kept': 543, 'upserted': 6, 'modified': 537}
===== 5m rolling social counts =====
{"ok":true,"counts":{"StockTwits":567,"Bluesky":186,"Reddit":15},"rows":[{"_id":"StockTwits","count":567},{"_id":"Bluesky","count":186},{"_id":"Reddit","count":15}],"total":768,"window_minutes":5,"since_sec":1781224476,"now_sec":1781224777}

===== PUBLIC SOCIAL COLLECTOR RUN Thu Jun 11 18:40:37 MDT 2026 =====
--- Reddit public finance RSS ---
Fetching https://www.reddit.com/r/stocks/new/.rss
Fetching https://www.reddit.com/r/StockMarket/new/.rss
Failed StockMarket: 429 Client Error: Too Many Requests for url: https://www.reddit.com/r/StockMarket/new/.rss
Fetching https://www.reddit.com/r/investing/new/.rss
Failed investing: 429 Client Error: Too Many Requests for url: https://www.reddit.com/r/investing/new/.rss
Fetching https://www.reddit.com/r/SecurityAnalysis/new/.rss
Failed SecurityAnalysis: 429 Client Error: Too Many Requests for url: https://www.reddit.com/r/SecurityAnalysis/new/.rss
{'seen': 15, 'kept': 15, 'upserted': 0, 'modified': 15}
--- Bluesky public search API ---
Fetching Bluesky query: stocks
status: 200
Fetching Bluesky query: earnings
status: 200
Fetching Bluesky query: stock market
status: 200
Fetching Bluesky query: short squeeze
status: 200
Fetching Bluesky query: IPO
status: 200
Fetching Bluesky query: merger acquisition
status: 200
Fetching Bluesky query: FDA approval stock
status: 200
Fetching Bluesky query: SEC investigation stock
status: 200
Fetching Bluesky query: options trading
status: 200
Fetching Bluesky query: $AAPL
status: 200
Fetching Bluesky query: $TSLA
status: 403
<html><body><h1>403 Forbidden</h1>
Request forbidden by administrative rules.
</body></html>


Fetching Bluesky query: $NVDA
status: 403
<html><body><h1>403 Forbidden</h1>
Request forbidden by administrative rules.
</body></html>


Fetching Bluesky query: $AMD
status: 403
<html><body><h1>403 Forbidden</h1>
Request forbidden by administrative rules.
</body></html>


{'seen': 199, 'kept': 175, 'upserted': 4, 'modified': 171}
--- StockTwits public symbol streams ---
Fetching StockTwits symbol: AAPL
status: 200
Fetching StockTwits symbol: MSFT
status: 200
Fetching StockTwits symbol: NVDA
status: 200
Fetching StockTwits symbol: AMZN
status: 200
Fetching StockTwits symbol: META
status: 200
Fetching StockTwits symbol: GOOGL
status: 200
Fetching StockTwits symbol: GOOG
status: 200
Fetching StockTwits symbol: TSLA
status: 200
Fetching StockTwits symbol: AVGO
status: 200
Fetching StockTwits symbol: AMD
status: 200
Fetching StockTwits symbol: ORCL
status: 200
Fetching StockTwits symbol: ADBE
status: 200
Fetching StockTwits symbol: CRM
status: 200
Fetching StockTwits symbol: NFLX
status: 200
Fetching StockTwits symbol: INTC
status: 200
Fetching StockTwits symbol: QCOM
status: 200
Fetching StockTwits symbol: TXN
status: 200
Fetching StockTwits symbol: MU
status: 200
Fetching StockTwits symbol: AMAT
status: 200
Fetching StockTwits symbol: LRCX
status: 200
{'seen': 600, 'kept': 542, 'upserted': 15, 'modified': 527}
===== 5m rolling social counts =====
{"ok":true,"counts":{"StockTwits":570,"Bluesky":186,"Reddit":15},"rows":[{"_id":"StockTwits","count":570},{"_id":"Bluesky","count":186},{"_id":"Reddit","count":15}],"total":771,"window_minutes":5,"since_sec":1781224552,"now_sec":1781224852}

===== PUBLIC SOCIAL COLLECTOR RUN Thu Jun 11 18:41:52 MDT 2026 =====
--- Reddit public finance RSS ---
Fetching https://www.reddit.com/r/stocks/new/.rss
Fetching https://www.reddit.com/r/StockMarket/new/.rss
Failed StockMarket: 429 Client Error: Too Many Requests for url: https://www.reddit.com/r/StockMarket/new/.rss
Fetching https://www.reddit.com/r/investing/new/.rss
Failed investing: 429 Client Error: Too Many Requests for url: https://www.reddit.com/r/investing/new/.rss
Fetching https://www.reddit.com/r/SecurityAnalysis/new/.rss
Failed SecurityAnalysis: 429 Client Error: Too Many Requests for url: https://www.reddit.com/r/SecurityAnalysis/new/.rss
{'seen': 15, 'kept': 15, 'upserted': 0, 'modified': 15}
--- Bluesky public search API ---
Fetching Bluesky query: stocks
status: 200
Fetching Bluesky query: earnings
status: 200
Fetching Bluesky query: stock market
status: 200
Fetching Bluesky query: short squeeze
status: 200
Fetching Bluesky query: IPO
status: 200
Fetching Bluesky query: merger acquisition
status: 200
Fetching Bluesky query: FDA approval stock
status: 200
Fetching Bluesky query: SEC investigation stock
status: 200
Fetching Bluesky query: options trading
status: 200
Fetching Bluesky query: $AAPL
status: 200
Fetching Bluesky query: $TSLA
status: 403
<html><body><h1>403 Forbidden</h1>
Request forbidden by administrative rules.
</body></html>


Fetching Bluesky query: $NVDA
status: 403
<html><body><h1>403 Forbidden</h1>
Request forbidden by administrative rules.
</body></html>


Fetching Bluesky query: $AMD
status: 403
<html><body><h1>403 Forbidden</h1>
Request forbidden by administrative rules.
</body></html>


{'seen': 199, 'kept': 175, 'upserted': 3, 'modified': 172}
--- StockTwits public symbol streams ---
Fetching StockTwits symbol: AAPL
status: 200
Fetching StockTwits symbol: MSFT
status: 200
Fetching StockTwits symbol: NVDA
status: 200
Fetching StockTwits symbol: AMZN
status: 200
Fetching StockTwits symbol: META
status: 200
Fetching StockTwits symbol: GOOGL
status: 200
Fetching StockTwits symbol: GOOG
status: 200
Fetching StockTwits symbol: TSLA
status: 200
Fetching StockTwits symbol: AVGO
status: 200
Fetching StockTwits symbol: AMD
status: 200
Fetching StockTwits symbol: ORCL
status: 200
Fetching StockTwits symbol: ADBE
status: 200
Fetching StockTwits symbol: CRM
status: 200
Fetching StockTwits symbol: NFLX
status: 200
Fetching StockTwits symbol: INTC
status: 200
Fetching StockTwits symbol: QCOM
status: 200
Fetching StockTwits symbol: TXN
status: 200
Fetching StockTwits symbol: MU
status: 200
Fetching StockTwits symbol: AMAT
status: 200
Fetching StockTwits symbol: LRCX
status: 200
{'seen': 600, 'kept': 541, 'upserted': 4, 'modified': 537}
===== 5m rolling social counts =====
{"ok":true,"counts":{"StockTwits":569,"Bluesky":185,"Reddit":15},"rows":[{"_id":"StockTwits","count":569},{"_id":"Bluesky","count":185},{"_id":"Reddit","count":15}],"total":769,"window_minutes":5,"since_sec":1781224627,"now_sec":1781224927}

===== PUBLIC SOCIAL COLLECTOR RUN Thu Jun 11 18:43:07 MDT 2026 =====
--- Reddit public finance RSS ---
Fetching https://www.reddit.com/r/stocks/new/.rss
Fetching https://www.reddit.com/r/StockMarket/new/.rss
Failed StockMarket: 429 Client Error: Too Many Requests for url: https://www.reddit.com/r/StockMarket/new/.rss
Fetching https://www.reddit.com/r/investing/new/.rss
Failed investing: 429 Client Error: Too Many Requests for url: https://www.reddit.com/r/investing/new/.rss
Fetching https://www.reddit.com/r/SecurityAnalysis/new/.rss
Failed SecurityAnalysis: 429 Client Error: Too Many Requests for url: https://www.reddit.com/r/SecurityAnalysis/new/.rss
{'seen': 15, 'kept': 15, 'upserted': 0, 'modified': 15}
--- Bluesky public search API ---
Fetching Bluesky query: stocks
status: 200
Fetching Bluesky query: earnings
status: 200
Fetching Bluesky query: stock market
status: 200
Fetching Bluesky query: short squeeze
status: 200
Fetching Bluesky query: IPO
status: 200
Fetching Bluesky query: merger acquisition
status: 200
Fetching Bluesky query: FDA approval stock
status: 200
Fetching Bluesky query: SEC investigation stock
status: 200
Fetching Bluesky query: options trading
status: 200
Fetching Bluesky query: $AAPL
status: 200
Fetching Bluesky query: $TSLA
status: 403
<html><body><h1>403 Forbidden</h1>
Request forbidden by administrative rules.
</body></html>


Fetching Bluesky query: $NVDA
status: 403
<html><body><h1>403 Forbidden</h1>
Request forbidden by administrative rules.
</body></html>


Fetching Bluesky query: $AMD
status: 403
<html><body><h1>403 Forbidden</h1>
Request forbidden by administrative rules.
</body></html>


{'seen': 199, 'kept': 174, 'upserted': 2, 'modified': 172}
--- StockTwits public symbol streams ---
Fetching StockTwits symbol: AAPL
status: 200
Fetching StockTwits symbol: MSFT
status: 200
Fetching StockTwits symbol: NVDA
status: 200
Fetching StockTwits symbol: AMZN
status: 200
Fetching StockTwits symbol: META
status: 200
Fetching StockTwits symbol: GOOGL
status: 200
Fetching StockTwits symbol: GOOG
status: 200
Fetching StockTwits symbol: TSLA
status: 200
Fetching StockTwits symbol: AVGO
status: 200
Fetching StockTwits symbol: AMD
status: 200
Fetching StockTwits symbol: ORCL
status: 200
Fetching StockTwits symbol: ADBE
status: 200
Fetching StockTwits symbol: CRM
status: 200
Fetching StockTwits symbol: NFLX
status: 200
Fetching StockTwits symbol: INTC
status: 200
Fetching StockTwits symbol: QCOM
status: 200
Fetching StockTwits symbol: TXN
status: 200
Fetching StockTwits symbol: MU
status: 200
Fetching StockTwits symbol: AMAT
status: 200
Fetching StockTwits symbol: LRCX
status: 200
{'seen': 600, 'kept': 544, 'upserted': 10, 'modified': 534}
===== 5m rolling social counts =====
{"ok":true,"counts":{"StockTwits":572,"Bluesky":184,"Reddit":15},"rows":[{"_id":"StockTwits","count":572},{"_id":"Bluesky","count":184},{"_id":"Reddit","count":15}],"total":771,"window_minutes":5,"since_sec":1781224701,"now_sec":1781225001}

===== PUBLIC SOCIAL COLLECTOR RUN Thu Jun 11 18:44:21 MDT 2026 =====
--- Reddit public finance RSS ---
Fetching https://www.reddit.com/r/stocks/new/.rss
Fetching https://www.reddit.com/r/StockMarket/new/.rss
Failed StockMarket: 429 Client Error: Too Many Requests for url: https://www.reddit.com/r/StockMarket/new/.rss
Fetching https://www.reddit.com/r/investing/new/.rss
Failed investing: 429 Client Error: Too Many Requests for url: https://www.reddit.com/r/investing/new/.rss
Fetching https://www.reddit.com/r/SecurityAnalysis/new/.rss
Failed SecurityAnalysis: 429 Client Error: Too Many Requests for url: https://www.reddit.com/r/SecurityAnalysis/new/.rss
{'seen': 15, 'kept': 15, 'upserted': 0, 'modified': 15}
--- Bluesky public search API ---
Fetching Bluesky query: stocks
status: 200
Fetching Bluesky query: earnings
status: 200
Fetching Bluesky query: stock market
status: 200
Fetching Bluesky query: short squeeze
status: 200
Fetching Bluesky query: IPO
status: 200
Fetching Bluesky query: merger acquisition
status: 200
Fetching Bluesky query: FDA approval stock
status: 200
Fetching Bluesky query: SEC investigation stock
status: 200
Fetching Bluesky query: options trading
status: 200
Fetching Bluesky query: $AAPL
status: 200
Fetching Bluesky query: $TSLA
status: 403
<html><body><h1>403 Forbidden</h1>
Request forbidden by administrative rules.
</body></html>


Fetching Bluesky query: $NVDA
status: 403
<html><body><h1>403 Forbidden</h1>
Request forbidden by administrative rules.
</body></html>


Fetching Bluesky query: $AMD
status: 403
<html><body><h1>403 Forbidden</h1>
Request forbidden by administrative rules.
</body></html>


{'seen': 199, 'kept': 174, 'upserted': 3, 'modified': 171}
--- StockTwits public symbol streams ---
Fetching StockTwits symbol: AAPL
status: 200
Fetching StockTwits symbol: MSFT
status: 200
Fetching StockTwits symbol: NVDA
status: 200
Fetching StockTwits symbol: AMZN
status: 200
Fetching StockTwits symbol: META
status: 200
Fetching StockTwits symbol: GOOGL
status: 200
Fetching StockTwits symbol: GOOG
status: 200
Fetching StockTwits symbol: TSLA
status: 200
Fetching StockTwits symbol: AVGO
status: 200
Fetching StockTwits symbol: AMD
status: 200
Fetching StockTwits symbol: ORCL
status: 200
Fetching StockTwits symbol: ADBE
status: 200
Fetching StockTwits symbol: CRM
status: 200
Fetching StockTwits symbol: NFLX
status: 200
Fetching StockTwits symbol: INTC
status: 200
Fetching StockTwits symbol: QCOM
status: 200
Fetching StockTwits symbol: TXN
status: 200
Fetching StockTwits symbol: MU
status: 200
Fetching StockTwits symbol: AMAT
status: 200
Fetching StockTwits symbol: LRCX
status: 200
{'seen': 600, 'kept': 545, 'upserted': 3, 'modified': 542}
===== 5m rolling social counts =====
{"ok":true,"counts":{"StockTwits":561,"Bluesky":183,"Reddit":15},"rows":[{"_id":"StockTwits","count":561},{"_id":"Bluesky","count":183},{"_id":"Reddit","count":15}],"total":759,"window_minutes":5,"since_sec":1781224774,"now_sec":1781225074}

===== PUBLIC SOCIAL COLLECTOR RUN Thu Jun 11 18:45:35 MDT 2026 =====
--- Reddit public finance RSS ---
Fetching https://www.reddit.com/r/stocks/new/.rss
Fetching https://www.reddit.com/r/StockMarket/new/.rss
Failed StockMarket: 429 Client Error: Too Many Requests for url: https://www.reddit.com/r/StockMarket/new/.rss
Fetching https://www.reddit.com/r/investing/new/.rss
Failed investing: 429 Client Error: Too Many Requests for url: https://www.reddit.com/r/investing/new/.rss
Fetching https://www.reddit.com/r/SecurityAnalysis/new/.rss
Failed SecurityAnalysis: 429 Client Error: Too Many Requests for url: https://www.reddit.com/r/SecurityAnalysis/new/.rss
{'seen': 15, 'kept': 15, 'upserted': 1, 'modified': 14}
--- Bluesky public search API ---
Fetching Bluesky query: stocks
status: 200
Fetching Bluesky query: earnings
status: 200
Fetching Bluesky query: stock market
status: 200
Fetching Bluesky query: short squeeze
status: 200
Fetching Bluesky query: IPO
status: 200
Fetching Bluesky query: merger acquisition
status: 200
Fetching Bluesky query: FDA approval stock
status: 200
Fetching Bluesky query: SEC investigation stock
status: 200
Fetching Bluesky query: options trading
status: 200
Fetching Bluesky query: $AAPL
status: 200
Fetching Bluesky query: $TSLA
status: 403
<html><body><h1>403 Forbidden</h1>
Request forbidden by administrative rules.
</body></html>


Fetching Bluesky query: $NVDA
status: 403
<html><body><h1>403 Forbidden</h1>
Request forbidden by administrative rules.
</body></html>


Fetching Bluesky query: $AMD
status: 403
<html><body><h1>403 Forbidden</h1>
Request forbidden by administrative rules.
</body></html>


{'seen': 199, 'kept': 176, 'upserted': 8, 'modified': 168}
--- StockTwits public symbol streams ---
Fetching StockTwits symbol: AAPL
status: 200
Fetching StockTwits symbol: MSFT
status: 200
Fetching StockTwits symbol: NVDA
status: 200
Fetching StockTwits symbol: AMZN
status: 200
Fetching StockTwits symbol: META
status: 200
Fetching StockTwits symbol: GOOGL
status: 200
Fetching StockTwits symbol: GOOG
status: 200
Fetching StockTwits symbol: TSLA
status: 200
Fetching StockTwits symbol: AVGO
status: 200
Fetching StockTwits symbol: AMD
status: 200
Fetching StockTwits symbol: ORCL
status: 200
Fetching StockTwits symbol: ADBE
status: 200
Fetching StockTwits symbol: CRM
status: 200
Fetching StockTwits symbol: NFLX
status: 200
Fetching StockTwits symbol: INTC
status: 200
Fetching StockTwits symbol: QCOM
status: 200
Fetching StockTwits symbol: TXN
status: 200
Fetching StockTwits symbol: MU
status: 200
Fetching StockTwits symbol: AMAT
status: 200
Fetching StockTwits symbol: LRCX
status: 200
{'seen': 600, 'kept': 545, 'upserted': 3, 'modified': 542}
===== 5m rolling social counts =====
{"ok":true,"counts":{"StockTwits":559,"Bluesky":188,"Reddit":16},"rows":[{"_id":"StockTwits","count":559},{"_id":"Bluesky","count":188},{"_id":"Reddit","count":16}],"total":763,"window_minutes":5,"since_sec":1781224849,"now_sec":1781225149}

===== PUBLIC SOCIAL COLLECTOR RUN Thu Jun 11 18:46:49 MDT 2026 =====
--- Reddit public finance RSS ---
Fetching https://www.reddit.com/r/stocks/new/.rss
Fetching https://www.reddit.com/r/StockMarket/new/.rss
Failed StockMarket: 429 Client Error: Too Many Requests for url: https://www.reddit.com/r/StockMarket/new/.rss
Fetching https://www.reddit.com/r/investing/new/.rss
Failed investing: 429 Client Error: Too Many Requests for url: https://www.reddit.com/r/investing/new/.rss
Fetching https://www.reddit.com/r/SecurityAnalysis/new/.rss
Failed SecurityAnalysis: 429 Client Error: Too Many Requests for url: https://www.reddit.com/r/SecurityAnalysis/new/.rss
{'seen': 15, 'kept': 15, 'upserted': 0, 'modified': 15}
--- Bluesky public search API ---
Fetching Bluesky query: stocks
status: 200
Fetching Bluesky query: earnings
status: 200
Fetching Bluesky query: stock market
status: 200
Fetching Bluesky query: short squeeze
status: 200
Fetching Bluesky query: IPO
status: 200
Fetching Bluesky query: merger acquisition
status: 200
Fetching Bluesky query: FDA approval stock
status: 200
Fetching Bluesky query: SEC investigation stock
status: 200
Fetching Bluesky query: options trading
status: 200
Fetching Bluesky query: $AAPL
status: 200
Fetching Bluesky query: $TSLA
status: 403
<html><body><h1>403 Forbidden</h1>
Request forbidden by administrative rules.
</body></html>


Fetching Bluesky query: $NVDA
status: 403
<html><body><h1>403 Forbidden</h1>
Request forbidden by administrative rules.
</body></html>


Fetching Bluesky query: $AMD
status: 403
<html><body><h1>403 Forbidden</h1>
Request forbidden by administrative rules.
</body></html>


{'seen': 199, 'kept': 176, 'upserted': 4, 'modified': 172}
--- StockTwits public symbol streams ---
Fetching StockTwits symbol: AAPL
status: 200
Fetching StockTwits symbol: MSFT
status: 200
Fetching StockTwits symbol: NVDA
status: 200
Fetching StockTwits symbol: AMZN
status: 200
Fetching StockTwits symbol: META
status: 200
Fetching StockTwits symbol: GOOGL
status: 200
Fetching StockTwits symbol: GOOG
status: 200
Fetching StockTwits symbol: TSLA
status: 200
Fetching StockTwits symbol: AVGO
status: 200
Fetching StockTwits symbol: AMD
status: 200
Fetching StockTwits symbol: ORCL
status: 200
Fetching StockTwits symbol: ADBE
status: 200
Fetching StockTwits symbol: CRM
status: 200
Fetching StockTwits symbol: NFLX
status: 200
Fetching StockTwits symbol: INTC
status: 200
Fetching StockTwits symbol: QCOM
status: 200
Fetching StockTwits symbol: TXN
status: 200
Fetching StockTwits symbol: MU
status: 200
Fetching StockTwits symbol: AMAT
status: 200
Fetching StockTwits symbol: LRCX
status: 200
{'seen': 600, 'kept': 543, 'upserted': 4, 'modified': 539}
===== 5m rolling social counts =====
{"ok":true,"counts":{"StockTwits":554,"Bluesky":189,"Reddit":16},"rows":[{"_id":"StockTwits","count":554},{"_id":"Bluesky","count":189},{"_id":"Reddit","count":16}],"total":759,"window_minutes":5,"since_sec":1781224927,"now_sec":1781225227}

===== PUBLIC SOCIAL COLLECTOR RUN Thu Jun 11 18:48:07 MDT 2026 =====
--- Reddit public finance RSS ---
Fetching https://www.reddit.com/r/stocks/new/.rss
Fetching https://www.reddit.com/r/StockMarket/new/.rss
Failed StockMarket: 429 Client Error: Too Many Requests for url: https://www.reddit.com/r/StockMarket/new/.rss
Fetching https://www.reddit.com/r/investing/new/.rss
Failed investing: 429 Client Error: Too Many Requests for url: https://www.reddit.com/r/investing/new/.rss
Fetching https://www.reddit.com/r/SecurityAnalysis/new/.rss
Failed SecurityAnalysis: 429 Client Error: Too Many Requests for url: https://www.reddit.com/r/SecurityAnalysis/new/.rss
{'seen': 15, 'kept': 15, 'upserted': 0, 'modified': 15}
--- Bluesky public search API ---
Fetching Bluesky query: stocks
status: 200
Fetching Bluesky query: earnings
status: 200
Fetching Bluesky query: stock market
status: 200
Fetching Bluesky query: short squeeze
status: 200
Fetching Bluesky query: IPO
status: 200
Fetching Bluesky query: merger acquisition
status: 200
Fetching Bluesky query: FDA approval stock
status: 200
Fetching Bluesky query: SEC investigation stock
status: 200
Fetching Bluesky query: options trading
status: 200
Fetching Bluesky query: $AAPL
status: 200
Fetching Bluesky query: $TSLA
status: 403
<html><body><h1>403 Forbidden</h1>
Request forbidden by administrative rules.
</body></html>


Fetching Bluesky query: $NVDA
status: 403
<html><body><h1>403 Forbidden</h1>
Request forbidden by administrative rules.
</body></html>


Fetching Bluesky query: $AMD
status: 403
<html><body><h1>403 Forbidden</h1>
Request forbidden by administrative rules.
</body></html>


{'seen': 199, 'kept': 175, 'upserted': 4, 'modified': 171}
--- StockTwits public symbol streams ---
Fetching StockTwits symbol: AAPL
status: 200
Fetching StockTwits symbol: MSFT
status: 200
Fetching StockTwits symbol: NVDA
status: 200
Fetching StockTwits symbol: AMZN
status: 200
Fetching StockTwits symbol: META
status: 200
Fetching StockTwits symbol: GOOGL
status: 200
Fetching StockTwits symbol: GOOG
status: 200
Fetching StockTwits symbol: TSLA
status: 200
Fetching StockTwits symbol: AVGO
status: 200
Fetching StockTwits symbol: AMD
status: 200
Fetching StockTwits symbol: ORCL
status: 200
Fetching StockTwits symbol: ADBE
status: 200
Fetching StockTwits symbol: CRM
status: 200
Fetching StockTwits symbol: NFLX
status: 200
Fetching StockTwits symbol: INTC
status: 200
Fetching StockTwits symbol: QCOM
status: 200
Fetching StockTwits symbol: TXN
status: 200
Fetching StockTwits symbol: MU
status: 200
Fetching StockTwits symbol: AMAT
status: 200
Fetching StockTwits symbol: LRCX
status: 200
{'seen': 600, 'kept': 544, 'upserted': 5, 'modified': 539}
===== 5m rolling social counts =====
{"ok":true,"counts":{"StockTwits":557,"Bluesky":190,"Reddit":16},"rows":[{"_id":"StockTwits","count":557},{"_id":"Bluesky","count":190},{"_id":"Reddit","count":16}],"total":763,"window_minutes":5,"since_sec":1781225000,"now_sec":1781225300}

===== PUBLIC SOCIAL COLLECTOR RUN Thu Jun 11 18:49:20 MDT 2026 =====
--- Reddit public finance RSS ---
Fetching https://www.reddit.com/r/stocks/new/.rss
Fetching https://www.reddit.com/r/StockMarket/new/.rss
Failed StockMarket: 429 Client Error: Too Many Requests for url: https://www.reddit.com/r/StockMarket/new/.rss
Fetching https://www.reddit.com/r/investing/new/.rss
Failed investing: 429 Client Error: Too Many Requests for url: https://www.reddit.com/r/investing/new/.rss
Fetching https://www.reddit.com/r/SecurityAnalysis/new/.rss
Failed SecurityAnalysis: 429 Client Error: Too Many Requests for url: https://www.reddit.com/r/SecurityAnalysis/new/.rss
{'seen': 15, 'kept': 15, 'upserted': 0, 'modified': 15}
--- Bluesky public search API ---
Fetching Bluesky query: stocks
status: 200
Fetching Bluesky query: earnings
status: 200
Fetching Bluesky query: stock market
status: 200
Fetching Bluesky query: short squeeze
status: 200
Fetching Bluesky query: IPO
status: 200
Fetching Bluesky query: merger acquisition
status: 200
Fetching Bluesky query: FDA approval stock
status: 200
Fetching Bluesky query: SEC investigation stock
status: 200
Fetching Bluesky query: options trading
status: 200
Fetching Bluesky query: $AAPL
status: 200
Fetching Bluesky query: $TSLA
status: 403
<html><body><h1>403 Forbidden</h1>
Request forbidden by administrative rules.
</body></html>


Fetching Bluesky query: $NVDA
status: 403
<html><body><h1>403 Forbidden</h1>
Request forbidden by administrative rules.
</body></html>


Fetching Bluesky query: $AMD
status: 403
<html><body><h1>403 Forbidden</h1>
Request forbidden by administrative rules.
</body></html>


{'seen': 199, 'kept': 176, 'upserted': 3, 'modified': 173}
--- StockTwits public symbol streams ---
Fetching StockTwits symbol: AAPL
status: 200
Fetching StockTwits symbol: MSFT
status: 200
Fetching StockTwits symbol: NVDA
status: 200
Fetching StockTwits symbol: AMZN
status: 200
Fetching StockTwits symbol: META
status: 200
Fetching StockTwits symbol: GOOGL
status: 200
Fetching StockTwits symbol: GOOG
status: 200
Fetching StockTwits symbol: TSLA
status: 200
Fetching StockTwits symbol: AVGO
status: 200
Fetching StockTwits symbol: AMD
status: 200
Fetching StockTwits symbol: ORCL
status: 200
Fetching StockTwits symbol: ADBE
status: 200
Fetching StockTwits symbol: CRM
status: 200
Fetching StockTwits symbol: NFLX
status: 200
Fetching StockTwits symbol: INTC
status: 200
Fetching StockTwits symbol: QCOM
status: 200
Fetching StockTwits symbol: TXN
status: 200
Fetching StockTwits symbol: MU
status: 200
Fetching StockTwits symbol: AMAT
status: 200
Fetching StockTwits symbol: LRCX
status: 200
{'seen': 600, 'kept': 545, 'upserted': 5, 'modified': 540}
===== 5m rolling social counts =====
{"ok":true,"counts":{"StockTwits":559,"Bluesky":187,"Reddit":15},"rows":[{"_id":"StockTwits","count":559},{"_id":"Bluesky","count":187},{"_id":"Reddit","count":15}],"total":761,"window_minutes":5,"since_sec":1781225074,"now_sec":1781225374}

===== PUBLIC SOCIAL COLLECTOR RUN Thu Jun 11 18:50:34 MDT 2026 =====
--- Reddit public finance RSS ---
Fetching https://www.reddit.com/r/stocks/new/.rss
Fetching https://www.reddit.com/r/StockMarket/new/.rss
Failed StockMarket: 429 Client Error: Too Many Requests for url: https://www.reddit.com/r/StockMarket/new/.rss
Fetching https://www.reddit.com/r/investing/new/.rss
Failed investing: 429 Client Error: Too Many Requests for url: https://www.reddit.com/r/investing/new/.rss
Fetching https://www.reddit.com/r/SecurityAnalysis/new/.rss
Failed SecurityAnalysis: 429 Client Error: Too Many Requests for url: https://www.reddit.com/r/SecurityAnalysis/new/.rss
{'seen': 15, 'kept': 15, 'upserted': 0, 'modified': 15}
--- Bluesky public search API ---
Fetching Bluesky query: stocks
status: 200
Fetching Bluesky query: earnings
status: 200
Fetching Bluesky query: stock market
status: 200
Fetching Bluesky query: short squeeze
status: 200
Fetching Bluesky query: IPO
status: 200
Fetching Bluesky query: merger acquisition
status: 200
Fetching Bluesky query: FDA approval stock
status: 200
Fetching Bluesky query: SEC investigation stock
status: 200
Fetching Bluesky query: options trading
status: 200
Fetching Bluesky query: $AAPL
status: 200
Fetching Bluesky query: $TSLA
status: 403
<html><body><h1>403 Forbidden</h1>
Request forbidden by administrative rules.
</body></html>


Fetching Bluesky query: $NVDA
status: 403
<html><body><h1>403 Forbidden</h1>
Request forbidden by administrative rules.
</body></html>


Fetching Bluesky query: $AMD
status: 403
<html><body><h1>403 Forbidden</h1>
Request forbidden by administrative rules.
</body></html>


{'seen': 199, 'kept': 176, 'upserted': 8, 'modified': 168}
--- StockTwits public symbol streams ---
Fetching StockTwits symbol: AAPL
status: 200
Fetching StockTwits symbol: MSFT
status: 200
Fetching StockTwits symbol: NVDA
status: 200
Fetching StockTwits symbol: AMZN
status: 200
Fetching StockTwits symbol: META
status: 200
Fetching StockTwits symbol: GOOGL
status: 200
Fetching StockTwits symbol: GOOG
status: 200
Fetching StockTwits symbol: TSLA
status: 200
Fetching StockTwits symbol: AVGO
status: 200
Fetching StockTwits symbol: AMD
status: 200
Fetching StockTwits symbol: ORCL
status: 200
Fetching StockTwits symbol: ADBE
status: 200
Fetching StockTwits symbol: CRM
status: 200
Fetching StockTwits symbol: NFLX
status: 200
Fetching StockTwits symbol: INTC
status: 200
Fetching StockTwits symbol: QCOM
status: 200
Fetching StockTwits symbol: TXN
status: 200
Fetching StockTwits symbol: MU
status: 200
Fetching StockTwits symbol: AMAT
status: 200
Fetching StockTwits symbol: LRCX
status: 200
{'seen': 600, 'kept': 545, 'upserted': 2, 'modified': 543}
===== 5m rolling social counts =====
{"ok":true,"counts":{"StockTwits":557,"Bluesky":191,"Reddit":15},"rows":[{"_id":"StockTwits","count":557},{"_id":"Bluesky","count":191},{"_id":"Reddit","count":15}],"total":763,"window_minutes":5,"since_sec":1781225148,"now_sec":1781225448}

===== PUBLIC SOCIAL COLLECTOR RUN Thu Jun 11 18:51:48 MDT 2026 =====
--- Reddit public finance RSS ---
Fetching https://www.reddit.com/r/stocks/new/.rss
Fetching https://www.reddit.com/r/StockMarket/new/.rss
Failed StockMarket: 429 Client Error: Too Many Requests for url: https://www.reddit.com/r/StockMarket/new/.rss
Fetching https://www.reddit.com/r/investing/new/.rss
Failed investing: 429 Client Error: Too Many Requests for url: https://www.reddit.com/r/investing/new/.rss
Fetching https://www.reddit.com/r/SecurityAnalysis/new/.rss
Failed SecurityAnalysis: 429 Client Error: Too Many Requests for url: https://www.reddit.com/r/SecurityAnalysis/new/.rss
{'seen': 15, 'kept': 15, 'upserted': 0, 'modified': 15}
--- Bluesky public search API ---
Fetching Bluesky query: stocks
status: 200
Fetching Bluesky query: earnings
status: 200
Fetching Bluesky query: stock market
status: 200
Fetching Bluesky query: short squeeze
status: 200
Fetching Bluesky query: IPO
status: 200
Fetching Bluesky query: merger acquisition
status: 200
Fetching Bluesky query: FDA approval stock
status: 200
Fetching Bluesky query: SEC investigation stock
status: 200
Fetching Bluesky query: options trading
status: 200
Fetching Bluesky query: $AAPL
status: 200
Fetching Bluesky query: $TSLA
status: 403
<html><body><h1>403 Forbidden</h1>
Request forbidden by administrative rules.
</body></html>


Fetching Bluesky query: $NVDA
status: 403
<html><body><h1>403 Forbidden</h1>
Request forbidden by administrative rules.
</body></html>


Fetching Bluesky query: $AMD
status: 403
<html><body><h1>403 Forbidden</h1>
Request forbidden by administrative rules.
</body></html>


{'seen': 199, 'kept': 175, 'upserted': 8, 'modified': 167}
--- StockTwits public symbol streams ---
Fetching StockTwits symbol: AAPL
status: 200
Fetching StockTwits symbol: MSFT
status: 200
Fetching StockTwits symbol: NVDA
status: 200
Fetching StockTwits symbol: AMZN
status: 200
Fetching StockTwits symbol: META
status: 200
Fetching StockTwits symbol: GOOGL
status: 200
Fetching StockTwits symbol: GOOG
status: 200
Fetching StockTwits symbol: TSLA
status: 200
Fetching StockTwits symbol: AVGO
status: 200
Fetching StockTwits symbol: AMD
status: 200
Fetching StockTwits symbol: ORCL
status: 200
Fetching StockTwits symbol: ADBE
status: 200
Fetching StockTwits symbol: CRM
status: 200
Fetching StockTwits symbol: NFLX
status: 200
Fetching StockTwits symbol: INTC
status: 200
Fetching StockTwits symbol: QCOM
status: 200
Fetching StockTwits symbol: TXN
status: 200
Fetching StockTwits symbol: MU
status: 200
Fetching StockTwits symbol: AMAT
status: 200
Fetching StockTwits symbol: LRCX
status: 200
{'seen': 600, 'kept': 545, 'upserted': 6, 'modified': 539}
===== 5m rolling social counts =====
{"ok":true,"counts":{"StockTwits":561,"Bluesky":194,"Reddit":15},"rows":[{"_id":"StockTwits","count":561},{"_id":"Bluesky","count":194},{"_id":"Reddit","count":15}],"total":770,"window_minutes":5,"since_sec":1781225220,"now_sec":1781225521}

===== PUBLIC SOCIAL COLLECTOR RUN Thu Jun 11 18:53:01 MDT 2026 =====
--- Reddit public finance RSS ---
Fetching https://www.reddit.com/r/stocks/new/.rss
Fetching https://www.reddit.com/r/StockMarket/new/.rss
Failed StockMarket: 429 Client Error: Too Many Requests for url: https://www.reddit.com/r/StockMarket/new/.rss
Fetching https://www.reddit.com/r/investing/new/.rss
Failed investing: 429 Client Error: Too Many Requests for url: https://www.reddit.com/r/investing/new/.rss
Fetching https://www.reddit.com/r/SecurityAnalysis/new/.rss
Failed SecurityAnalysis: 429 Client Error: Too Many Requests for url: https://www.reddit.com/r/SecurityAnalysis/new/.rss
{'seen': 15, 'kept': 15, 'upserted': 0, 'modified': 15}
--- Bluesky public search API ---
Fetching Bluesky query: stocks
status: 200
Fetching Bluesky query: earnings
status: 200
Fetching Bluesky query: stock market
status: 200
Fetching Bluesky query: short squeeze
status: 200
Fetching Bluesky query: IPO
status: 200
Fetching Bluesky query: merger acquisition
status: 200
Fetching Bluesky query: FDA approval stock
status: 200
Fetching Bluesky query: SEC investigation stock
status: 200
Fetching Bluesky query: options trading
status: 200
Fetching Bluesky query: $AAPL
status: 200
Fetching Bluesky query: $TSLA
status: 403
<html><body><h1>403 Forbidden</h1>
Request forbidden by administrative rules.
</body></html>


Fetching Bluesky query: $NVDA
status: 403
<html><body><h1>403 Forbidden</h1>
Request forbidden by administrative rules.
</body></html>


Fetching Bluesky query: $AMD
status: 403
<html><body><h1>403 Forbidden</h1>
Request forbidden by administrative rules.
</body></html>


{'seen': 199, 'kept': 175, 'upserted': 4, 'modified': 171}
--- StockTwits public symbol streams ---
Fetching StockTwits symbol: AAPL
status: 200
Fetching StockTwits symbol: MSFT
status: 200
Fetching StockTwits symbol: NVDA
status: 200
Fetching StockTwits symbol: AMZN
status: 200
Fetching StockTwits symbol: META
status: 200
Fetching StockTwits symbol: GOOGL
status: 200
Fetching StockTwits symbol: GOOG
status: 200
Fetching StockTwits symbol: TSLA
status: 200
Fetching StockTwits symbol: AVGO
status: 200
Fetching StockTwits symbol: AMD
status: 200
Fetching StockTwits symbol: ORCL
status: 200
Fetching StockTwits symbol: ADBE
status: 200
Fetching StockTwits symbol: CRM
status: 200
Fetching StockTwits symbol: NFLX
status: 200
Fetching StockTwits symbol: INTC
status: 200
Fetching StockTwits symbol: QCOM
status: 200
Fetching StockTwits symbol: TXN
status: 200
Fetching StockTwits symbol: MU
status: 200
Fetching StockTwits symbol: AMAT
status: 200
Fetching StockTwits symbol: LRCX
status: 200
{'seen': 600, 'kept': 545, 'upserted': 6, 'modified': 539}
===== 5m rolling social counts =====
{"ok":true,"counts":{"StockTwits":563,"Bluesky":196,"Reddit":15},"rows":[{"_id":"StockTwits","count":563},{"_id":"Bluesky","count":196},{"_id":"Reddit","count":15}],"total":774,"window_minutes":5,"since_sec":1781225293,"now_sec":1781225593}

===== PUBLIC SOCIAL COLLECTOR RUN Thu Jun 11 18:54:13 MDT 2026 =====
--- Reddit public finance RSS ---
Fetching https://www.reddit.com/r/stocks/new/.rss
Fetching https://www.reddit.com/r/StockMarket/new/.rss
Failed StockMarket: 429 Client Error: Too Many Requests for url: https://www.reddit.com/r/StockMarket/new/.rss
Fetching https://www.reddit.com/r/investing/new/.rss
Failed investing: 429 Client Error: Too Many Requests for url: https://www.reddit.com/r/investing/new/.rss
Fetching https://www.reddit.com/r/SecurityAnalysis/new/.rss
Failed SecurityAnalysis: 429 Client Error: Too Many Requests for url: https://www.reddit.com/r/SecurityAnalysis/new/.rss
{'seen': 15, 'kept': 15, 'upserted': 1, 'modified': 14}
--- Bluesky public search API ---
Fetching Bluesky query: stocks
status: 200
Fetching Bluesky query: earnings
status: 200
Fetching Bluesky query: stock market
status: 200
Fetching Bluesky query: short squeeze
status: 200
Fetching Bluesky query: IPO
status: 200
Fetching Bluesky query: merger acquisition
status: 200
Fetching Bluesky query: FDA approval stock
status: 200
Fetching Bluesky query: SEC investigation stock
status: 200
Fetching Bluesky query: options trading
status: 200
Fetching Bluesky query: $AAPL
status: 200
Fetching Bluesky query: $TSLA
status: 403
<html><body><h1>403 Forbidden</h1>
Request forbidden by administrative rules.
</body></html>


Fetching Bluesky query: $NVDA
status: 403
<html><body><h1>403 Forbidden</h1>
Request forbidden by administrative rules.
</body></html>


Fetching Bluesky query: $AMD
status: 403
<html><body><h1>403 Forbidden</h1>
Request forbidden by administrative rules.
</body></html>


{'seen': 199, 'kept': 175, 'upserted': 5, 'modified': 170}
--- StockTwits public symbol streams ---
Fetching StockTwits symbol: AAPL
status: 200
Fetching StockTwits symbol: MSFT
status: 200
Fetching StockTwits symbol: NVDA
status: 200
Fetching StockTwits symbol: AMZN
status: 200
Fetching StockTwits symbol: META
status: 200
Fetching StockTwits symbol: GOOGL
status: 200
Fetching StockTwits symbol: GOOG
status: 200
Fetching StockTwits symbol: TSLA
status: 200
Fetching StockTwits symbol: AVGO
status: 200
Fetching StockTwits symbol: AMD
status: 200
Fetching StockTwits symbol: ORCL
status: 200
Fetching StockTwits symbol: ADBE
status: 200
Fetching StockTwits symbol: CRM
status: 200
Fetching StockTwits symbol: NFLX
status: 200
Fetching StockTwits symbol: INTC
status: 200
Fetching StockTwits symbol: QCOM
status: 200
Fetching StockTwits symbol: TXN
status: 200
Fetching StockTwits symbol: MU
status: 200
Fetching StockTwits symbol: AMAT
status: 200
Fetching StockTwits symbol: LRCX
status: 200
{'seen': 600, 'kept': 545, 'upserted': 2, 'modified': 543}
===== 5m rolling social counts =====
{"ok":true,"counts":{"StockTwits":561,"Bluesky":193,"Reddit":16},"rows":[{"_id":"StockTwits","count":561},{"_id":"Bluesky","count":193},{"_id":"Reddit","count":16}],"total":770,"window_minutes":5,"since_sec":1781225367,"now_sec":1781225667}

===== PUBLIC SOCIAL COLLECTOR RUN Thu Jun 11 18:55:27 MDT 2026 =====
--- Reddit public finance RSS ---
Fetching https://www.reddit.com/r/stocks/new/.rss
Fetching https://www.reddit.com/r/StockMarket/new/.rss
Failed StockMarket: 429 Client Error: Too Many Requests for url: https://www.reddit.com/r/StockMarket/new/.rss
Fetching https://www.reddit.com/r/investing/new/.rss
Failed investing: 429 Client Error: Too Many Requests for url: https://www.reddit.com/r/investing/new/.rss
Fetching https://www.reddit.com/r/SecurityAnalysis/new/.rss
Failed SecurityAnalysis: 429 Client Error: Too Many Requests for url: https://www.reddit.com/r/SecurityAnalysis/new/.rss
{'seen': 15, 'kept': 15, 'upserted': 0, 'modified': 15}
--- Bluesky public search API ---
Fetching Bluesky query: stocks
status: 200
Fetching Bluesky query: earnings
status: 200
Fetching Bluesky query: stock market
status: 200
Fetching Bluesky query: short squeeze
status: 200
Fetching Bluesky query: IPO
status: 200
Fetching Bluesky query: merger acquisition
status: 200
Fetching Bluesky query: FDA approval stock
status: 200
Fetching Bluesky query: SEC investigation stock
status: 200
Fetching Bluesky query: options trading
status: 200
Fetching Bluesky query: $AAPL
status: 200
Fetching Bluesky query: $TSLA
status: 403
<html><body><h1>403 Forbidden</h1>
Request forbidden by administrative rules.
</body></html>


Fetching Bluesky query: $NVDA
status: 403
<html><body><h1>403 Forbidden</h1>
Request forbidden by administrative rules.
</body></html>


Fetching Bluesky query: $AMD
status: 403
<html><body><h1>403 Forbidden</h1>
Request forbidden by administrative rules.
</body></html>


{'seen': 199, 'kept': 175, 'upserted': 4, 'modified': 171}
--- StockTwits public symbol streams ---
Fetching StockTwits symbol: AAPL
status: 200
Fetching StockTwits symbol: MSFT
status: 200
Fetching StockTwits symbol: NVDA
status: 200
Fetching StockTwits symbol: AMZN
status: 200
Fetching StockTwits symbol: META
status: 200
Fetching StockTwits symbol: GOOGL
status: 200
Fetching StockTwits symbol: GOOG
status: 200
Fetching StockTwits symbol: TSLA
status: 200
Fetching StockTwits symbol: AVGO
status: 200
Fetching StockTwits symbol: AMD
status: 200
Fetching StockTwits symbol: ORCL
status: 200
Fetching StockTwits symbol: ADBE
status: 200
Fetching StockTwits symbol: CRM
status: 200
Fetching StockTwits symbol: NFLX
status: 200
Fetching StockTwits symbol: INTC
status: 200
Fetching StockTwits symbol: QCOM
status: 200
Fetching StockTwits symbol: TXN
status: 200
Fetching StockTwits symbol: MU
status: 200
Fetching StockTwits symbol: AMAT
status: 200
Fetching StockTwits symbol: LRCX
status: 200
{'seen': 600, 'kept': 545, 'upserted': 5, 'modified': 540}
===== 5m rolling social counts =====
{"ok":true,"counts":{"StockTwits":564,"Bluesky":193,"Reddit":16},"rows":[{"_id":"StockTwits","count":564},{"_id":"Bluesky","count":193},{"_id":"Reddit","count":16}],"total":773,"window_minutes":5,"since_sec":1781225440,"now_sec":1781225740}

===== PUBLIC SOCIAL COLLECTOR RUN Thu Jun 11 18:56:40 MDT 2026 =====
--- Reddit public finance RSS ---
Fetching https://www.reddit.com/r/stocks/new/.rss
Fetching https://www.reddit.com/r/StockMarket/new/.rss
Failed StockMarket: 429 Client Error: Too Many Requests for url: https://www.reddit.com/r/StockMarket/new/.rss
Fetching https://www.reddit.com/r/investing/new/.rss
Failed investing: 429 Client Error: Too Many Requests for url: https://www.reddit.com/r/investing/new/.rss
Fetching https://www.reddit.com/r/SecurityAnalysis/new/.rss
Failed SecurityAnalysis: 429 Client Error: Too Many Requests for url: https://www.reddit.com/r/SecurityAnalysis/new/.rss
{'seen': 15, 'kept': 15, 'upserted': 0, 'modified': 15}
--- Bluesky public search API ---
Fetching Bluesky query: stocks
status: 200
Fetching Bluesky query: earnings
status: 200
Fetching Bluesky query: stock market
status: 200
Fetching Bluesky query: short squeeze
status: 200
Fetching Bluesky query: IPO
status: 200
Fetching Bluesky query: merger acquisition
status: 200
Fetching Bluesky query: FDA approval stock
status: 200
Fetching Bluesky query: SEC investigation stock
status: 200
Fetching Bluesky query: options trading
status: 200
Fetching Bluesky query: $AAPL
status: 200
Fetching Bluesky query: $TSLA
status: 403
<html><body><h1>403 Forbidden</h1>
Request forbidden by administrative rules.
</body></html>


Fetching Bluesky query: $NVDA
status: 403
<html><body><h1>403 Forbidden</h1>
Request forbidden by administrative rules.
</body></html>


Fetching Bluesky query: $AMD
status: 403
<html><body><h1>403 Forbidden</h1>
Request forbidden by administrative rules.
</body></html>


{'seen': 199, 'kept': 175, 'upserted': 2, 'modified': 173}
--- StockTwits public symbol streams ---
Fetching StockTwits symbol: AAPL
status: 200
Fetching StockTwits symbol: MSFT
status: 200
Fetching StockTwits symbol: NVDA
status: 200
Fetching StockTwits symbol: AMZN
status: 200
Fetching StockTwits symbol: META
status: 200
Fetching StockTwits symbol: GOOGL
status: 200
Fetching StockTwits symbol: GOOG
status: 200
Fetching StockTwits symbol: TSLA
status: 200
Fetching StockTwits symbol: AVGO
status: 200
Fetching StockTwits symbol: AMD
status: 200
Fetching StockTwits symbol: ORCL
status: 200
Fetching StockTwits symbol: ADBE
status: 200
Fetching StockTwits symbol: CRM
status: 200
Fetching StockTwits symbol: NFLX
status: 200
Fetching StockTwits symbol: INTC
status: 200
Fetching StockTwits symbol: QCOM
status: 200
Fetching StockTwits symbol: TXN
status: 200
Fetching StockTwits symbol: MU
status: 200
Fetching StockTwits symbol: AMAT
status: 200
Fetching StockTwits symbol: LRCX
status: 200
{'seen': 600, 'kept': 544, 'upserted': 7, 'modified': 537}
===== 5m rolling social counts =====
{"ok":true,"counts":{"StockTwits":565,"Bluesky":186,"Reddit":16},"rows":[{"_id":"StockTwits","count":565},{"_id":"Bluesky","count":186},{"_id":"Reddit","count":16}],"total":767,"window_minutes":5,"since_sec":1781225514,"now_sec":1781225814}

===== PUBLIC SOCIAL COLLECTOR RUN Thu Jun 11 18:57:54 MDT 2026 =====
--- Reddit public finance RSS ---
Fetching https://www.reddit.com/r/stocks/new/.rss
Fetching https://www.reddit.com/r/StockMarket/new/.rss
Failed StockMarket: 429 Client Error: Too Many Requests for url: https://www.reddit.com/r/StockMarket/new/.rss
Fetching https://www.reddit.com/r/investing/new/.rss
Failed investing: 429 Client Error: Too Many Requests for url: https://www.reddit.com/r/investing/new/.rss
Fetching https://www.reddit.com/r/SecurityAnalysis/new/.rss
Failed SecurityAnalysis: 429 Client Error: Too Many Requests for url: https://www.reddit.com/r/SecurityAnalysis/new/.rss
{'seen': 15, 'kept': 15, 'upserted': 1, 'modified': 14}
--- Bluesky public search API ---
Fetching Bluesky query: stocks
status: 200
Fetching Bluesky query: earnings
status: 200
Fetching Bluesky query: stock market
status: 200
Fetching Bluesky query: short squeeze
status: 200
Fetching Bluesky query: IPO
status: 200
Fetching Bluesky query: merger acquisition
status: 200
Fetching Bluesky query: FDA approval stock
status: 200
Fetching Bluesky query: SEC investigation stock
status: 200
Fetching Bluesky query: options trading
status: 200
Fetching Bluesky query: $AAPL
status: 200
Fetching Bluesky query: $TSLA
status: 403
<html><body><h1>403 Forbidden</h1>
Request forbidden by administrative rules.
</body></html>


Fetching Bluesky query: $NVDA
status: 403
<html><body><h1>403 Forbidden</h1>
Request forbidden by administrative rules.
</body></html>


Fetching Bluesky query: $AMD
status: 403
<html><body><h1>403 Forbidden</h1>
Request forbidden by administrative rules.
</body></html>


{'seen': 199, 'kept': 176, 'upserted': 7, 'modified': 169}
--- StockTwits public symbol streams ---
Fetching StockTwits symbol: AAPL
status: 200
Fetching StockTwits symbol: MSFT
status: 200
Fetching StockTwits symbol: NVDA
status: 200
Fetching StockTwits symbol: AMZN
status: 200
Fetching StockTwits symbol: META
status: 200
Fetching StockTwits symbol: GOOGL
status: 200
Fetching StockTwits symbol: GOOG
status: 200
Fetching StockTwits symbol: TSLA
status: 200
Fetching StockTwits symbol: AVGO
status: 200
Fetching StockTwits symbol: AMD
status: 200
Fetching StockTwits symbol: ORCL
status: 200
Fetching StockTwits symbol: ADBE
status: 200
Fetching StockTwits symbol: CRM
status: 200
Fetching StockTwits symbol: NFLX
status: 200
Fetching StockTwits symbol: INTC
status: 200
Fetching StockTwits symbol: QCOM
status: 200
Fetching StockTwits symbol: TXN
status: 200
Fetching StockTwits symbol: MU
status: 200
Fetching StockTwits symbol: AMAT
status: 200
Fetching StockTwits symbol: LRCX
status: 200
{'seen': 600, 'kept': 544, 'upserted': 3, 'modified': 541}
===== 5m rolling social counts =====
{"ok":true,"counts":{"StockTwits":562,"Bluesky":188,"Reddit":16},"rows":[{"_id":"StockTwits","count":562},{"_id":"Bluesky","count":188},{"_id":"Reddit","count":16}],"total":766,"window_minutes":5,"since_sec":1781225588,"now_sec":1781225888}

===== PUBLIC SOCIAL COLLECTOR RUN Thu Jun 11 18:59:08 MDT 2026 =====
--- Reddit public finance RSS ---
Fetching https://www.reddit.com/r/stocks/new/.rss
Fetching https://www.reddit.com/r/StockMarket/new/.rss
Failed StockMarket: 429 Client Error: Too Many Requests for url: https://www.reddit.com/r/StockMarket/new/.rss
Fetching https://www.reddit.com/r/investing/new/.rss
Failed investing: 429 Client Error: Too Many Requests for url: https://www.reddit.com/r/investing/new/.rss
Fetching https://www.reddit.com/r/SecurityAnalysis/new/.rss
Failed SecurityAnalysis: 429 Client Error: Too Many Requests for url: https://www.reddit.com/r/SecurityAnalysis/new/.rss
{'seen': 15, 'kept': 15, 'upserted': 0, 'modified': 15}
--- Bluesky public search API ---
Fetching Bluesky query: stocks
status: 200
Fetching Bluesky query: earnings
status: 200
Fetching Bluesky query: stock market
status: 200
Fetching Bluesky query: short squeeze
status: 200
Fetching Bluesky query: IPO
status: 200
Fetching Bluesky query: merger acquisition
status: 200
Fetching Bluesky query: FDA approval stock
status: 200
Fetching Bluesky query: SEC investigation stock
status: 200
Fetching Bluesky query: options trading
status: 200
Fetching Bluesky query: $AAPL
status: 200
Fetching Bluesky query: $TSLA
status: 403
<html><body><h1>403 Forbidden</h1>
Request forbidden by administrative rules.
</body></html>


Fetching Bluesky query: $NVDA
status: 403
<html><body><h1>403 Forbidden</h1>
Request forbidden by administrative rules.
</body></html>


Fetching Bluesky query: $AMD
status: 403
<html><body><h1>403 Forbidden</h1>
Request forbidden by administrative rules.
</body></html>


{'seen': 199, 'kept': 176, 'upserted': 2, 'modified': 174}
--- StockTwits public symbol streams ---
Fetching StockTwits symbol: AAPL
status: 200
Fetching StockTwits symbol: MSFT
status: 200
Fetching StockTwits symbol: NVDA
status: 200
Fetching StockTwits symbol: AMZN
status: 200
Fetching StockTwits symbol: META
status: 200
Fetching StockTwits symbol: GOOGL
status: 200
Fetching StockTwits symbol: GOOG
status: 200
Fetching StockTwits symbol: TSLA
status: 200
Fetching StockTwits symbol: AVGO
status: 200
Fetching StockTwits symbol: AMD
status: 200
Fetching StockTwits symbol: ORCL
status: 200
Fetching StockTwits symbol: ADBE
status: 200
Fetching StockTwits symbol: CRM
status: 200
Fetching StockTwits symbol: NFLX
status: 200
Fetching StockTwits symbol: INTC
status: 200
Fetching StockTwits symbol: QCOM
status: 200
Fetching StockTwits symbol: TXN
status: 200
Fetching StockTwits symbol: MU
status: 200
Fetching StockTwits symbol: AMAT
status: 200
Fetching StockTwits symbol: LRCX
status: 200
{'seen': 600, 'kept': 545, 'upserted': 7, 'modified': 538}
===== 5m rolling social counts =====
{"ok":true,"counts":{"StockTwits":567,"Bluesky":186,"Reddit":16},"rows":[{"_id":"StockTwits","count":567},{"_id":"Bluesky","count":186},{"_id":"Reddit","count":16}],"total":769,"window_minutes":5,"since_sec":1781225662,"now_sec":1781225962}

===== PUBLIC SOCIAL COLLECTOR RUN Thu Jun 11 19:00:22 MDT 2026 =====
--- Reddit public finance RSS ---
Fetching https://www.reddit.com/r/stocks/new/.rss
Fetching https://www.reddit.com/r/StockMarket/new/.rss
Failed StockMarket: 429 Client Error: Too Many Requests for url: https://www.reddit.com/r/StockMarket/new/.rss
Fetching https://www.reddit.com/r/investing/new/.rss
Failed investing: 429 Client Error: Too Many Requests for url: https://www.reddit.com/r/investing/new/.rss
Fetching https://www.reddit.com/r/SecurityAnalysis/new/.rss
Failed SecurityAnalysis: 429 Client Error: Too Many Requests for url: https://www.reddit.com/r/SecurityAnalysis/new/.rss
{'seen': 15, 'kept': 15, 'upserted': 0, 'modified': 15}
--- Bluesky public search API ---
Fetching Bluesky query: stocks
status: 200
Fetching Bluesky query: earnings
status: 200
Fetching Bluesky query: stock market
status: 200
Fetching Bluesky query: short squeeze
status: 200
Fetching Bluesky query: IPO
status: 200
Fetching Bluesky query: merger acquisition
status: 200
Fetching Bluesky query: FDA approval stock
status: 200
Fetching Bluesky query: SEC investigation stock
status: 200
Fetching Bluesky query: options trading
status: 200
Fetching Bluesky query: $AAPL
status: 200
Fetching Bluesky query: $TSLA
status: 200
Fetching Bluesky query: $NVDA
status: 200
Fetching Bluesky query: $AMD
status: 403
<html><body><h1>403 Forbidden</h1>
Request forbidden by administrative rules.
</body></html>


{'seen': 239, 'kept': 204, 'upserted': 9, 'modified': 195}
--- StockTwits public symbol streams ---
Fetching StockTwits symbol: AAPL
status: 200
Fetching StockTwits symbol: MSFT
status: 200
Fetching StockTwits symbol: NVDA
status: 200
Fetching StockTwits symbol: AMZN
status: 200
Fetching StockTwits symbol: META
status: 200
Fetching StockTwits symbol: GOOGL
status: 200
Fetching StockTwits symbol: GOOG
status: 200
Fetching StockTwits symbol: TSLA
status: 200
Fetching StockTwits symbol: AVGO
status: 200
Fetching StockTwits symbol: AMD
status: 200
Fetching StockTwits symbol: ORCL
status: 200
Fetching StockTwits symbol: ADBE
status: 200
Fetching StockTwits symbol: CRM
status: 200
Fetching StockTwits symbol: NFLX
status: 200
Fetching StockTwits symbol: INTC
status: 200
Fetching StockTwits symbol: QCOM
status: 200
Fetching StockTwits symbol: TXN
status: 200
Fetching StockTwits symbol: MU
status: 200
Fetching StockTwits symbol: AMAT
status: 200
Fetching StockTwits symbol: LRCX
status: 200
{'seen': 600, 'kept': 545, 'upserted': 5, 'modified': 540}
===== 5m rolling social counts =====
{"ok":true,"counts":{"StockTwits":559,"Bluesky":217,"Reddit":16},"rows":[{"_id":"StockTwits","count":559},{"_id":"Bluesky","count":217},{"_id":"Reddit","count":16}],"total":792,"window_minutes":5,"since_sec":1781225744,"now_sec":1781226044}

===== PUBLIC SOCIAL COLLECTOR RUN Thu Jun 11 19:01:44 MDT 2026 =====
--- Reddit public finance RSS ---
Fetching https://www.reddit.com/r/stocks/new/.rss
Fetching https://www.reddit.com/r/StockMarket/new/.rss
Failed StockMarket: 429 Client Error: Too Many Requests for url: https://www.reddit.com/r/StockMarket/new/.rss
Fetching https://www.reddit.com/r/investing/new/.rss
Failed investing: 429 Client Error: Too Many Requests for url: https://www.reddit.com/r/investing/new/.rss
Fetching https://www.reddit.com/r/SecurityAnalysis/new/.rss
Failed SecurityAnalysis: 429 Client Error: Too Many Requests for url: https://www.reddit.com/r/SecurityAnalysis/new/.rss
{'seen': 15, 'kept': 15, 'upserted': 0, 'modified': 15}
--- Bluesky public search API ---
Fetching Bluesky query: stocks
status: 200
Fetching Bluesky query: earnings
status: 200
Fetching Bluesky query: stock market
status: 200
Fetching Bluesky query: short squeeze
status: 200
Fetching Bluesky query: IPO
status: 200
Fetching Bluesky query: merger acquisition
status: 200
Fetching Bluesky query: FDA approval stock
status: 200
Fetching Bluesky query: SEC investigation stock
status: 200
Fetching Bluesky query: options trading
status: 200
Fetching Bluesky query: $AAPL
status: 200
Fetching Bluesky query: $TSLA
status: 403
<html><body><h1>403 Forbidden</h1>
Request forbidden by administrative rules.
</body></html>


Fetching Bluesky query: $NVDA
status: 403
<html><body><h1>403 Forbidden</h1>
Request forbidden by administrative rules.
</body></html>


Fetching Bluesky query: $AMD
status: 403
<html><body><h1>403 Forbidden</h1>
Request forbidden by administrative rules.
</body></html>


{'seen': 199, 'kept': 177, 'upserted': 20, 'modified': 157}
--- StockTwits public symbol streams ---
Fetching StockTwits symbol: AAPL
status: 200
Fetching StockTwits symbol: MSFT
status: 200
Fetching StockTwits symbol: NVDA
status: 200
Fetching StockTwits symbol: AMZN
status: 200
Fetching StockTwits symbol: META
status: 200
Fetching StockTwits symbol: GOOGL
status: 200
Fetching StockTwits symbol: GOOG
status: 200
Fetching StockTwits symbol: TSLA
status: 200
Fetching StockTwits symbol: AVGO
status: 200
Fetching StockTwits symbol: AMD
status: 200
Fetching StockTwits symbol: ORCL
status: 200
Fetching StockTwits symbol: ADBE
status: 200
Fetching StockTwits symbol: CRM
status: 200
Fetching StockTwits symbol: NFLX
status: 200
Fetching StockTwits symbol: INTC
status: 200
Fetching StockTwits symbol: QCOM
status: 200
Fetching StockTwits symbol: TXN
status: 200
Fetching StockTwits symbol: MU
status: 200
Fetching StockTwits symbol: AMAT
status: 200
Fetching StockTwits symbol: LRCX
status: 200
{'seen': 600, 'kept': 545, 'upserted': 7, 'modified': 538}
===== 5m rolling social counts =====
{"ok":true,"counts":{"StockTwits":563,"Bluesky":231,"Reddit":15},"rows":[{"_id":"StockTwits","count":563},{"_id":"Bluesky","count":231},{"_id":"Reddit","count":15}],"total":809,"window_minutes":5,"since_sec":1781225816,"now_sec":1781226117}

===== PUBLIC SOCIAL COLLECTOR RUN Thu Jun 11 19:02:57 MDT 2026 =====
--- Reddit public finance RSS ---
Fetching https://www.reddit.com/r/stocks/new/.rss
Fetching https://www.reddit.com/r/StockMarket/new/.rss
Failed StockMarket: 429 Client Error: Too Many Requests for url: https://www.reddit.com/r/StockMarket/new/.rss
Fetching https://www.reddit.com/r/investing/new/.rss
Failed investing: 429 Client Error: Too Many Requests for url: https://www.reddit.com/r/investing/new/.rss
Fetching https://www.reddit.com/r/SecurityAnalysis/new/.rss
Failed SecurityAnalysis: 429 Client Error: Too Many Requests for url: https://www.reddit.com/r/SecurityAnalysis/new/.rss
{'seen': 15, 'kept': 15, 'upserted': 0, 'modified': 15}
--- Bluesky public search API ---
Fetching Bluesky query: stocks
status: 200
Fetching Bluesky query: earnings
status: 200
Fetching Bluesky query: stock market
status: 200
Fetching Bluesky query: short squeeze
status: 200
Fetching Bluesky query: IPO
status: 200
Fetching Bluesky query: merger acquisition
status: 200
Fetching Bluesky query: FDA approval stock
status: 200
Fetching Bluesky query: SEC investigation stock
status: 200
Fetching Bluesky query: options trading
status: 200
Fetching Bluesky query: $AAPL
status: 200
Fetching Bluesky query: $TSLA
status: 403
<html><body><h1>403 Forbidden</h1>
Request forbidden by administrative rules.
</body></html>


Fetching Bluesky query: $NVDA
status: 403
<html><body><h1>403 Forbidden</h1>
Request forbidden by administrative rules.
</body></html>


Fetching Bluesky query: $AMD
status: 403
<html><body><h1>403 Forbidden</h1>
Request forbidden by administrative rules.
</body></html>


{'seen': 199, 'kept': 177, 'upserted': 13, 'modified': 164}
--- StockTwits public symbol streams ---
Fetching StockTwits symbol: AAPL
status: 200
Fetching StockTwits symbol: MSFT
status: 200
Fetching StockTwits symbol: NVDA
status: 200
Fetching StockTwits symbol: AMZN
status: 200
Fetching StockTwits symbol: META
status: 200
Fetching StockTwits symbol: GOOGL
status: 200
Fetching StockTwits symbol: GOOG
status: 200
Fetching StockTwits symbol: TSLA
status: 200
Fetching StockTwits symbol: AVGO
status: 200
Fetching StockTwits symbol: AMD
status: 200
Fetching StockTwits symbol: ORCL
status: 200
Fetching StockTwits symbol: ADBE
status: 200
Fetching StockTwits symbol: CRM
status: 200
Fetching StockTwits symbol: NFLX
status: 200
Fetching StockTwits symbol: INTC
status: 200
Fetching StockTwits symbol: QCOM
status: 200
Fetching StockTwits symbol: TXN
status: 200
Fetching StockTwits symbol: MU
status: 200
Fetching StockTwits symbol: AMAT
status: 200
Fetching StockTwits symbol: LRCX
status: 200
{'seen': 600, 'kept': 545, 'upserted': 1, 'modified': 544}
===== 5m rolling social counts =====
{"ok":true,"counts":{"StockTwits":558,"Bluesky":242,"Reddit":15},"rows":[{"_id":"StockTwits","count":558},{"_id":"Bluesky","count":242},{"_id":"Reddit","count":15}],"total":815,"window_minutes":5,"since_sec":1781225891,"now_sec":1781226191}

===== PUBLIC SOCIAL COLLECTOR RUN Thu Jun 11 19:04:11 MDT 2026 =====
--- Reddit public finance RSS ---
Fetching https://www.reddit.com/r/stocks/new/.rss
Fetching https://www.reddit.com/r/StockMarket/new/.rss
Failed StockMarket: 429 Client Error: Too Many Requests for url: https://www.reddit.com/r/StockMarket/new/.rss
Fetching https://www.reddit.com/r/investing/new/.rss
Failed investing: 429 Client Error: Too Many Requests for url: https://www.reddit.com/r/investing/new/.rss
Fetching https://www.reddit.com/r/SecurityAnalysis/new/.rss
Failed SecurityAnalysis: 429 Client Error: Too Many Requests for url: https://www.reddit.com/r/SecurityAnalysis/new/.rss
{'seen': 15, 'kept': 15, 'upserted': 0, 'modified': 15}
--- Bluesky public search API ---
Fetching Bluesky query: stocks
status: 200
Fetching Bluesky query: earnings
status: 200
Fetching Bluesky query: stock market
status: 200
Fetching Bluesky query: short squeeze
status: 200
Fetching Bluesky query: IPO
status: 200
Fetching Bluesky query: merger acquisition
status: 200
Fetching Bluesky query: FDA approval stock
status: 200
Fetching Bluesky query: SEC investigation stock
status: 200
Fetching Bluesky query: options trading
status: 200
Fetching Bluesky query: $AAPL
status: 200
Fetching Bluesky query: $TSLA
status: 403
<html><body><h1>403 Forbidden</h1>
Request forbidden by administrative rules.
</body></html>


Fetching Bluesky query: $NVDA
status: 403
<html><body><h1>403 Forbidden</h1>
Request forbidden by administrative rules.
</body></html>


Fetching Bluesky query: $AMD
status: 403
<html><body><h1>403 Forbidden</h1>
Request forbidden by administrative rules.
</body></html>


{'seen': 199, 'kept': 177, 'upserted': 4, 'modified': 173}
--- StockTwits public symbol streams ---
Fetching StockTwits symbol: AAPL
status: 200
Fetching StockTwits symbol: MSFT
status: 200
Fetching StockTwits symbol: NVDA
status: 200
Fetching StockTwits symbol: AMZN
status: 200
Fetching StockTwits symbol: META
status: 200
Fetching StockTwits symbol: GOOGL
status: 200
Fetching StockTwits symbol: GOOG
status: 200
Fetching StockTwits symbol: TSLA
status: 200
Fetching StockTwits symbol: AVGO
status: 200
Fetching StockTwits symbol: AMD
status: 200
Fetching StockTwits symbol: ORCL
status: 200
Fetching StockTwits symbol: ADBE
status: 200
Fetching StockTwits symbol: CRM
status: 200
Fetching StockTwits symbol: NFLX
status: 200
Fetching StockTwits symbol: INTC
status: 200
Fetching StockTwits symbol: QCOM
status: 200
Fetching StockTwits symbol: TXN
status: 200
Fetching StockTwits symbol: MU
status: 200
Fetching StockTwits symbol: AMAT
status: 200
Fetching StockTwits symbol: LRCX
status: 200
{'seen': 600, 'kept': 543, 'upserted': 5, 'modified': 538}
===== 5m rolling social counts =====
{"ok":true,"counts":{"StockTwits":558,"Bluesky":241,"Reddit":15},"rows":[{"_id":"StockTwits","count":558},{"_id":"Bluesky","count":241},{"_id":"Reddit","count":15}],"total":814,"window_minutes":5,"since_sec":1781225963,"now_sec":1781226263}

===== PUBLIC SOCIAL COLLECTOR RUN Thu Jun 11 19:05:23 MDT 2026 =====
--- Reddit public finance RSS ---
Fetching https://www.reddit.com/r/stocks/new/.rss
Fetching https://www.reddit.com/r/StockMarket/new/.rss
Failed StockMarket: 429 Client Error: Too Many Requests for url: https://www.reddit.com/r/StockMarket/new/.rss
Fetching https://www.reddit.com/r/investing/new/.rss
Failed investing: 429 Client Error: Too Many Requests for url: https://www.reddit.com/r/investing/new/.rss
Fetching https://www.reddit.com/r/SecurityAnalysis/new/.rss
Failed SecurityAnalysis: 429 Client Error: Too Many Requests for url: https://www.reddit.com/r/SecurityAnalysis/new/.rss
{'seen': 15, 'kept': 15, 'upserted': 0, 'modified': 15}
--- Bluesky public search API ---
Fetching Bluesky query: stocks
status: 200
Fetching Bluesky query: earnings
status: 200
Fetching Bluesky query: stock market
status: 200
Fetching Bluesky query: short squeeze
status: 200
Fetching Bluesky query: IPO
status: 200
Fetching Bluesky query: merger acquisition
status: 200
Fetching Bluesky query: FDA approval stock
status: 200
Fetching Bluesky query: SEC investigation stock
status: 200
Fetching Bluesky query: options trading
status: 200
Fetching Bluesky query: $AAPL
status: 200
Fetching Bluesky query: $TSLA
status: 403
<html><body><h1>403 Forbidden</h1>
Request forbidden by administrative rules.
</body></html>


Fetching Bluesky query: $NVDA
status: 403
<html><body><h1>403 Forbidden</h1>
Request forbidden by administrative rules.
</body></html>


Fetching Bluesky query: $AMD
status: 403
<html><body><h1>403 Forbidden</h1>
Request forbidden by administrative rules.
</body></html>


{'seen': 199, 'kept': 177, 'upserted': 5, 'modified': 172}
--- StockTwits public symbol streams ---
Fetching StockTwits symbol: AAPL
status: 200
Fetching StockTwits symbol: MSFT
status: 200
Fetching StockTwits symbol: NVDA
status: 200
Fetching StockTwits symbol: AMZN
status: 200
Fetching StockTwits symbol: META
status: 200
Fetching StockTwits symbol: GOOGL
status: 200
Fetching StockTwits symbol: GOOG
status: 200
Fetching StockTwits symbol: TSLA
status: 200
Fetching StockTwits symbol: AVGO
status: 200
Fetching StockTwits symbol: AMD
status: 200
Fetching StockTwits symbol: ORCL
status: 200
Fetching StockTwits symbol: ADBE
status: 200
Fetching StockTwits symbol: CRM
status: 200
Fetching StockTwits symbol: NFLX
status: 200
Fetching StockTwits symbol: INTC
status: 200
Fetching StockTwits symbol: QCOM
status: 200
Fetching StockTwits symbol: TXN
status: 200
Fetching StockTwits symbol: MU
status: 200
Fetching StockTwits symbol: AMAT
status: 200
Fetching StockTwits symbol: LRCX
status: 200
{'seen': 600, 'kept': 541, 'upserted': 4, 'modified': 537}
===== 5m rolling social counts =====
{"ok":true,"counts":{"StockTwits":562,"Bluesky":227,"Reddit":15},"rows":[{"_id":"StockTwits","count":562},{"_id":"Bluesky","count":227},{"_id":"Reddit","count":15}],"total":804,"window_minutes":5,"since_sec":1781226036,"now_sec":1781226336}

===== PUBLIC SOCIAL COLLECTOR RUN Thu Jun 11 19:06:36 MDT 2026 =====
--- Reddit public finance RSS ---
Fetching https://www.reddit.com/r/stocks/new/.rss
Fetching https://www.reddit.com/r/StockMarket/new/.rss
Failed StockMarket: 429 Client Error: Too Many Requests for url: https://www.reddit.com/r/StockMarket/new/.rss
Fetching https://www.reddit.com/r/investing/new/.rss
Failed investing: 429 Client Error: Too Many Requests for url: https://www.reddit.com/r/investing/new/.rss
Fetching https://www.reddit.com/r/SecurityAnalysis/new/.rss
Failed SecurityAnalysis: 429 Client Error: Too Many Requests for url: https://www.reddit.com/r/SecurityAnalysis/new/.rss
{'seen': 15, 'kept': 15, 'upserted': 0, 'modified': 15}
--- Bluesky public search API ---
Fetching Bluesky query: stocks
status: 200
Fetching Bluesky query: earnings
status: 200
Fetching Bluesky query: stock market
status: 200
Fetching Bluesky query: short squeeze
status: 200
Fetching Bluesky query: IPO
status: 200
Fetching Bluesky query: merger acquisition
status: 200
Fetching Bluesky query: FDA approval stock
status: 200
Fetching Bluesky query: SEC investigation stock
status: 200
Fetching Bluesky query: options trading
status: 200
Fetching Bluesky query: $AAPL
status: 200
Fetching Bluesky query: $TSLA
status: 403
<html><body><h1>403 Forbidden</h1>
Request forbidden by administrative rules.
</body></html>


Fetching Bluesky query: $NVDA
status: 403
<html><body><h1>403 Forbidden</h1>
Request forbidden by administrative rules.
</body></html>


Fetching Bluesky query: $AMD
status: 403
<html><body><h1>403 Forbidden</h1>
Request forbidden by administrative rules.
</body></html>


{'seen': 199, 'kept': 178, 'upserted': 5, 'modified': 173}
--- StockTwits public symbol streams ---
Fetching StockTwits symbol: AAPL
status: 200
Fetching StockTwits symbol: MSFT
status: 200
Fetching StockTwits symbol: NVDA
status: 200
Fetching StockTwits symbol: AMZN
status: 200
Fetching StockTwits symbol: META
status: 200
Fetching StockTwits symbol: GOOGL
status: 200
Fetching StockTwits symbol: GOOG
status: 200
Fetching StockTwits symbol: TSLA
status: 200
Fetching StockTwits symbol: AVGO
status: 200
Fetching StockTwits symbol: AMD
status: 200
Fetching StockTwits symbol: ORCL
status: 200
Fetching StockTwits symbol: ADBE
status: 200
Fetching StockTwits symbol: CRM
status: 200
Fetching StockTwits symbol: NFLX
status: 200
Fetching StockTwits symbol: INTC
status: 200
Fetching StockTwits symbol: QCOM
status: 200
Fetching StockTwits symbol: TXN
status: 200
Fetching StockTwits symbol: MU
status: 200
Fetching StockTwits symbol: AMAT
status: 200
Fetching StockTwits symbol: LRCX
status: 200
{'seen': 600, 'kept': 541, 'upserted': 1, 'modified': 540}
===== 5m rolling social counts =====
{"ok":true,"counts":{"StockTwits":556,"Bluesky":191,"Reddit":15},"rows":[{"_id":"StockTwits","count":556},{"_id":"Bluesky","count":191},{"_id":"Reddit","count":15}],"total":762,"window_minutes":5,"since_sec":1781226109,"now_sec":1781226410}

===== PUBLIC SOCIAL COLLECTOR RUN Thu Jun 11 19:07:50 MDT 2026 =====
--- Reddit public finance RSS ---
Fetching https://www.reddit.com/r/stocks/new/.rss
Fetching https://www.reddit.com/r/StockMarket/new/.rss
Failed StockMarket: 429 Client Error: Too Many Requests for url: https://www.reddit.com/r/StockMarket/new/.rss
Fetching https://www.reddit.com/r/investing/new/.rss
Failed investing: 429 Client Error: Too Many Requests for url: https://www.reddit.com/r/investing/new/.rss
Fetching https://www.reddit.com/r/SecurityAnalysis/new/.rss
Failed SecurityAnalysis: 429 Client Error: Too Many Requests for url: https://www.reddit.com/r/SecurityAnalysis/new/.rss
{'seen': 15, 'kept': 15, 'upserted': 0, 'modified': 15}
--- Bluesky public search API ---
Fetching Bluesky query: stocks
status: 200
Fetching Bluesky query: earnings
status: 200
Fetching Bluesky query: stock market
status: 200
Fetching Bluesky query: short squeeze
status: 200
Fetching Bluesky query: IPO
status: 200
Fetching Bluesky query: merger acquisition
status: 200
Fetching Bluesky query: FDA approval stock
status: 200
Fetching Bluesky query: SEC investigation stock
status: 200
Fetching Bluesky query: options trading
status: 200
Fetching Bluesky query: $AAPL
status: 200
Fetching Bluesky query: $TSLA
status: 403
<html><body><h1>403 Forbidden</h1>
Request forbidden by administrative rules.
</body></html>


Fetching Bluesky query: $NVDA
status: 403
<html><body><h1>403 Forbidden</h1>
Request forbidden by administrative rules.
</body></html>


Fetching Bluesky query: $AMD
status: 403
<html><body><h1>403 Forbidden</h1>
Request forbidden by administrative rules.
</body></html>


{'seen': 199, 'kept': 178, 'upserted': 2, 'modified': 176}
--- StockTwits public symbol streams ---
Fetching StockTwits symbol: AAPL
status: 200
Fetching StockTwits symbol: MSFT
status: 200
Fetching StockTwits symbol: NVDA
status: 200
Fetching StockTwits symbol: AMZN
status: 200
Fetching StockTwits symbol: META
status: 200
Fetching StockTwits symbol: GOOGL
status: 200
Fetching StockTwits symbol: GOOG
status: 200
Fetching StockTwits symbol: TSLA
status: 200
Fetching StockTwits symbol: AVGO
status: 200
Fetching StockTwits symbol: AMD
status: 200
Fetching StockTwits symbol: ORCL
status: 200
Fetching StockTwits symbol: ADBE
status: 200
Fetching StockTwits symbol: CRM
status: 200
Fetching StockTwits symbol: NFLX
status: 200
Fetching StockTwits symbol: INTC
status: 200
Fetching StockTwits symbol: QCOM
status: 200
Fetching StockTwits symbol: TXN
status: 200
Fetching StockTwits symbol: MU
status: 200
Fetching StockTwits symbol: AMAT
status: 200
Fetching StockTwits symbol: LRCX
status: 200
{'seen': 600, 'kept': 541, 'upserted': 0, 'modified': 541}
===== 5m rolling social counts =====
{"ok":true,"counts":{"StockTwits":555,"Bluesky":189,"Reddit":15},"rows":[{"_id":"StockTwits","count":555},{"_id":"Bluesky","count":189},{"_id":"Reddit","count":15}],"total":759,"window_minutes":5,"since_sec":1781226186,"now_sec":1781226486}

===== PUBLIC SOCIAL COLLECTOR RUN Thu Jun 11 19:09:06 MDT 2026 =====
--- Reddit public finance RSS ---
Fetching https://www.reddit.com/r/stocks/new/.rss
Fetching https://www.reddit.com/r/StockMarket/new/.rss
Failed StockMarket: 429 Client Error: Too Many Requests for url: https://www.reddit.com/r/StockMarket/new/.rss
Fetching https://www.reddit.com/r/investing/new/.rss
Failed investing: 429 Client Error: Too Many Requests for url: https://www.reddit.com/r/investing/new/.rss
Fetching https://www.reddit.com/r/SecurityAnalysis/new/.rss
Failed SecurityAnalysis: 429 Client Error: Too Many Requests for url: https://www.reddit.com/r/SecurityAnalysis/new/.rss
{'seen': 15, 'kept': 15, 'upserted': 0, 'modified': 15}
--- Bluesky public search API ---
Fetching Bluesky query: stocks
status: 200
Fetching Bluesky query: earnings
status: 200
Fetching Bluesky query: stock market
status: 200
Fetching Bluesky query: short squeeze
status: 200
Fetching Bluesky query: IPO
status: 200
Fetching Bluesky query: merger acquisition
status: 200
Fetching Bluesky query: FDA approval stock
status: 200
Fetching Bluesky query: SEC investigation stock
status: 200
Fetching Bluesky query: options trading
status: 200
Fetching Bluesky query: $AAPL
status: 200
Fetching Bluesky query: $TSLA
status: 403
<html><body><h1>403 Forbidden</h1>
Request forbidden by administrative rules.
</body></html>


Fetching Bluesky query: $NVDA
status: 403
<html><body><h1>403 Forbidden</h1>
Request forbidden by administrative rules.
</body></html>


Fetching Bluesky query: $AMD
status: 403
<html><body><h1>403 Forbidden</h1>
Request forbidden by administrative rules.
</body></html>


{'seen': 199, 'kept': 178, 'upserted': 2, 'modified': 176}
--- StockTwits public symbol streams ---
Fetching StockTwits symbol: AAPL
status: 200
Fetching StockTwits symbol: MSFT
status: 200
Fetching StockTwits symbol: NVDA
status: 200
Fetching StockTwits symbol: AMZN
status: 200
Fetching StockTwits symbol: META
status: 200
Fetching StockTwits symbol: GOOGL
status: 200
Fetching StockTwits symbol: GOOG
status: 200
Fetching StockTwits symbol: TSLA
status: 200
Fetching StockTwits symbol: AVGO
status: 200
Fetching StockTwits symbol: AMD
status: 200
Fetching StockTwits symbol: ORCL
status: 200
Fetching StockTwits symbol: ADBE
status: 200
Fetching StockTwits symbol: CRM
status: 200
Fetching StockTwits symbol: NFLX
status: 200
Fetching StockTwits symbol: INTC
status: 200
Fetching StockTwits symbol: QCOM
status: 200
Fetching StockTwits symbol: TXN
status: 200
Fetching StockTwits symbol: MU
status: 200
Fetching StockTwits symbol: AMAT
status: 200
Fetching StockTwits symbol: LRCX
status: 200
{'seen': 600, 'kept': 541, 'upserted': 5, 'modified': 536}
===== 5m rolling social counts =====
{"ok":true,"counts":{"StockTwits":552,"Bluesky":186,"Reddit":15},"rows":[{"_id":"StockTwits","count":552},{"_id":"Bluesky","count":186},{"_id":"Reddit","count":15}],"total":753,"window_minutes":5,"since_sec":1781226259,"now_sec":1781226559}

===== PUBLIC SOCIAL COLLECTOR RUN Thu Jun 11 19:10:19 MDT 2026 =====
--- Reddit public finance RSS ---
Fetching https://www.reddit.com/r/stocks/new/.rss
Fetching https://www.reddit.com/r/StockMarket/new/.rss
Failed StockMarket: 429 Client Error: Too Many Requests for url: https://www.reddit.com/r/StockMarket/new/.rss
Fetching https://www.reddit.com/r/investing/new/.rss
Failed investing: 429 Client Error: Too Many Requests for url: https://www.reddit.com/r/investing/new/.rss
Fetching https://www.reddit.com/r/SecurityAnalysis/new/.rss
Failed SecurityAnalysis: 429 Client Error: Too Many Requests for url: https://www.reddit.com/r/SecurityAnalysis/new/.rss
{'seen': 15, 'kept': 15, 'upserted': 0, 'modified': 15}
--- Bluesky public search API ---
Fetching Bluesky query: stocks
status: 200
Fetching Bluesky query: earnings
status: 200
Fetching Bluesky query: stock market
status: 200
Fetching Bluesky query: short squeeze
status: 200
Fetching Bluesky query: IPO
status: 200
Fetching Bluesky query: merger acquisition
status: 200
Fetching Bluesky query: FDA approval stock
status: 200
Fetching Bluesky query: SEC investigation stock
status: 200
Fetching Bluesky query: options trading
status: 200
Fetching Bluesky query: $AAPL
status: 200
Fetching Bluesky query: $TSLA
status: 403
<html><body><h1>403 Forbidden</h1>
Request forbidden by administrative rules.
</body></html>


Fetching Bluesky query: $NVDA
status: 403
<html><body><h1>403 Forbidden</h1>
Request forbidden by administrative rules.
</body></html>


Fetching Bluesky query: $AMD
status: 403
<html><body><h1>403 Forbidden</h1>
Request forbidden by administrative rules.
</body></html>


{'seen': 199, 'kept': 177, 'upserted': 5, 'modified': 172}
--- StockTwits public symbol streams ---
Fetching StockTwits symbol: AAPL
status: 200
Fetching StockTwits symbol: MSFT
status: 200
Fetching StockTwits symbol: NVDA
status: 200
Fetching StockTwits symbol: AMZN
status: 200
Fetching StockTwits symbol: META
status: 200
Fetching StockTwits symbol: GOOGL
status: 200
Fetching StockTwits symbol: GOOG
status: 200
Fetching StockTwits symbol: TSLA
status: 200
Fetching StockTwits symbol: AVGO
status: 200
Fetching StockTwits symbol: AMD
status: 200
Fetching StockTwits symbol: ORCL
status: 200
Fetching StockTwits symbol: ADBE
status: 200
Fetching StockTwits symbol: CRM
status: 200
Fetching StockTwits symbol: NFLX
status: 200
Fetching StockTwits symbol: INTC
status: 200
Fetching StockTwits symbol: QCOM
status: 200
Fetching StockTwits symbol: TXN
status: 200
Fetching StockTwits symbol: MU
status: 200
Fetching StockTwits symbol: AMAT
status: 200
Fetching StockTwits symbol: LRCX
status: 200
{'seen': 600, 'kept': 541, 'upserted': 2, 'modified': 539}
===== 5m rolling social counts =====
{"ok":true,"counts":{"StockTwits":548,"Bluesky":187,"Reddit":15},"rows":[{"_id":"StockTwits","count":548},{"_id":"Bluesky","count":187},{"_id":"Reddit","count":15}],"total":750,"window_minutes":5,"since_sec":1781226336,"now_sec":1781226636}

===== PUBLIC SOCIAL COLLECTOR RUN Thu Jun 11 19:11:36 MDT 2026 =====
--- Reddit public finance RSS ---
Fetching https://www.reddit.com/r/stocks/new/.rss
Fetching https://www.reddit.com/r/StockMarket/new/.rss
Failed StockMarket: 429 Client Error: Too Many Requests for url: https://www.reddit.com/r/StockMarket/new/.rss
Fetching https://www.reddit.com/r/investing/new/.rss
Failed investing: 429 Client Error: Too Many Requests for url: https://www.reddit.com/r/investing/new/.rss
Fetching https://www.reddit.com/r/SecurityAnalysis/new/.rss
Failed SecurityAnalysis: 429 Client Error: Too Many Requests for url: https://www.reddit.com/r/SecurityAnalysis/new/.rss
{'seen': 15, 'kept': 15, 'upserted': 0, 'modified': 15}
--- Bluesky public search API ---
Fetching Bluesky query: stocks
status: 200
Fetching Bluesky query: earnings
status: 200
Fetching Bluesky query: stock market
status: 200
Fetching Bluesky query: short squeeze
status: 200
Fetching Bluesky query: IPO
status: 200
Fetching Bluesky query: merger acquisition
status: 200
Fetching Bluesky query: FDA approval stock
status: 200
Fetching Bluesky query: SEC investigation stock
status: 200
Fetching Bluesky query: options trading
status: 200
Fetching Bluesky query: $AAPL
status: 200
Fetching Bluesky query: $TSLA
status: 403
<html><body><h1>403 Forbidden</h1>
Request forbidden by administrative rules.
</body></html>


Fetching Bluesky query: $NVDA
status: 403
<html><body><h1>403 Forbidden</h1>
Request forbidden by administrative rules.
</body></html>


Fetching Bluesky query: $AMD
status: 403
<html><body><h1>403 Forbidden</h1>
Request forbidden by administrative rules.
</body></html>


{'seen': 199, 'kept': 176, 'upserted': 8, 'modified': 168}
--- StockTwits public symbol streams ---
Fetching StockTwits symbol: AAPL
status: 200
Fetching StockTwits symbol: MSFT
status: 200
Fetching StockTwits symbol: NVDA
status: 200
Fetching StockTwits symbol: AMZN
status: 200
Fetching StockTwits symbol: META
status: 200
Fetching StockTwits symbol: GOOGL
status: 200
Fetching StockTwits symbol: GOOG
status: 200
Fetching StockTwits symbol: TSLA
status: 200
Fetching StockTwits symbol: AVGO
status: 200
Fetching StockTwits symbol: AMD
status: 200
Fetching StockTwits symbol: ORCL
status: 200
Fetching StockTwits symbol: ADBE
status: 200
Fetching StockTwits symbol: CRM
status: 200
Fetching StockTwits symbol: NFLX
status: 200
Fetching StockTwits symbol: INTC
status: 200
Fetching StockTwits symbol: QCOM
status: 200
Fetching StockTwits symbol: TXN
status: 200
Fetching StockTwits symbol: MU
status: 200
Fetching StockTwits symbol: AMAT
status: 200
Fetching StockTwits symbol: LRCX
status: 200
{'seen': 600, 'kept': 541, 'upserted': 4, 'modified': 537}
===== 5m rolling social counts =====
{"ok":true,"counts":{"StockTwits":552,"Bluesky":193,"Reddit":15},"rows":[{"_id":"StockTwits","count":552},{"_id":"Bluesky","count":193},{"_id":"Reddit","count":15}],"total":760,"window_minutes":5,"since_sec":1781226409,"now_sec":1781226709}

===== PUBLIC SOCIAL COLLECTOR RUN Thu Jun 11 19:12:49 MDT 2026 =====
--- Reddit public finance RSS ---
Fetching https://www.reddit.com/r/stocks/new/.rss
Fetching https://www.reddit.com/r/StockMarket/new/.rss
Failed StockMarket: 429 Client Error: Too Many Requests for url: https://www.reddit.com/r/StockMarket/new/.rss
Fetching https://www.reddit.com/r/investing/new/.rss
Failed investing: 429 Client Error: Too Many Requests for url: https://www.reddit.com/r/investing/new/.rss
Fetching https://www.reddit.com/r/SecurityAnalysis/new/.rss
Failed SecurityAnalysis: 429 Client Error: Too Many Requests for url: https://www.reddit.com/r/SecurityAnalysis/new/.rss
{'seen': 15, 'kept': 15, 'upserted': 0, 'modified': 15}
--- Bluesky public search API ---
Fetching Bluesky query: stocks
status: 200
Fetching Bluesky query: earnings
status: 200
Fetching Bluesky query: stock market
status: 200
Fetching Bluesky query: short squeeze
status: 200
Fetching Bluesky query: IPO
status: 200
Fetching Bluesky query: merger acquisition
status: 200
Fetching Bluesky query: FDA approval stock
status: 200
Fetching Bluesky query: SEC investigation stock
status: 200
Fetching Bluesky query: options trading
status: 200
Fetching Bluesky query: $AAPL
status: 200
Fetching Bluesky query: $TSLA
status: 403
<html><body><h1>403 Forbidden</h1>
Request forbidden by administrative rules.
</body></html>


Fetching Bluesky query: $NVDA
status: 403
<html><body><h1>403 Forbidden</h1>
Request forbidden by administrative rules.
</body></html>


Fetching Bluesky query: $AMD
status: 403
<html><body><h1>403 Forbidden</h1>
Request forbidden by administrative rules.
</body></html>


{'seen': 198, 'kept': 176, 'upserted': 2, 'modified': 174}
--- StockTwits public symbol streams ---
Fetching StockTwits symbol: AAPL
status: 200
Fetching StockTwits symbol: MSFT
status: 200
Fetching StockTwits symbol: NVDA
status: 200
Fetching StockTwits symbol: AMZN
status: 200
Fetching StockTwits symbol: META
status: 200
Fetching StockTwits symbol: GOOGL
status: 200
Fetching StockTwits symbol: GOOG
status: 200
Fetching StockTwits symbol: TSLA
status: 200
Fetching StockTwits symbol: AVGO
status: 200
Fetching StockTwits symbol: AMD
status: 200
Fetching StockTwits symbol: ORCL
status: 200
Fetching StockTwits symbol: ADBE
status: 200
Fetching StockTwits symbol: CRM
status: 200
Fetching StockTwits symbol: NFLX
status: 200
Fetching StockTwits symbol: INTC
status: 200
Fetching StockTwits symbol: QCOM
status: 200
Fetching StockTwits symbol: TXN
status: 200
Fetching StockTwits symbol: MU
status: 200
Fetching StockTwits symbol: AMAT
status: 200
Fetching StockTwits symbol: LRCX
status: 200
{'seen': 600, 'kept': 540, 'upserted': 6, 'modified': 534}
===== 5m rolling social counts =====
{"ok":true,"counts":{"StockTwits":556,"Bluesky":193,"Reddit":15},"rows":[{"_id":"StockTwits","count":556},{"_id":"Bluesky","count":193},{"_id":"Reddit","count":15}],"total":764,"window_minutes":5,"since_sec":1781226482,"now_sec":1781226782}

===== PUBLIC SOCIAL COLLECTOR RUN Thu Jun 11 19:14:02 MDT 2026 =====
--- Reddit public finance RSS ---
Fetching https://www.reddit.com/r/stocks/new/.rss
Fetching https://www.reddit.com/r/StockMarket/new/.rss
Failed StockMarket: 429 Client Error: Too Many Requests for url: https://www.reddit.com/r/StockMarket/new/.rss
Fetching https://www.reddit.com/r/investing/new/.rss
Failed investing: 429 Client Error: Too Many Requests for url: https://www.reddit.com/r/investing/new/.rss
Fetching https://www.reddit.com/r/SecurityAnalysis/new/.rss
Failed SecurityAnalysis: 429 Client Error: Too Many Requests for url: https://www.reddit.com/r/SecurityAnalysis/new/.rss
{'seen': 15, 'kept': 15, 'upserted': 0, 'modified': 15}
--- Bluesky public search API ---
Fetching Bluesky query: stocks
status: 200
Fetching Bluesky query: earnings
status: 200
Fetching Bluesky query: stock market
status: 200
Fetching Bluesky query: short squeeze
status: 200
Fetching Bluesky query: IPO
status: 200
Fetching Bluesky query: merger acquisition
status: 200
Fetching Bluesky query: FDA approval stock
status: 200
Fetching Bluesky query: SEC investigation stock
status: 200
Fetching Bluesky query: options trading
status: 200
Fetching Bluesky query: $AAPL
status: 200
Fetching Bluesky query: $TSLA
status: 403
<html><body><h1>403 Forbidden</h1>
Request forbidden by administrative rules.
</body></html>


Fetching Bluesky query: $NVDA
status: 403
<html><body><h1>403 Forbidden</h1>
Request forbidden by administrative rules.
</body></html>


Fetching Bluesky query: $AMD
status: 403
<html><body><h1>403 Forbidden</h1>
Request forbidden by administrative rules.
</body></html>


{'seen': 198, 'kept': 177, 'upserted': 5, 'modified': 172}
--- StockTwits public symbol streams ---
Fetching StockTwits symbol: AAPL
status: 200
Fetching StockTwits symbol: MSFT
status: 200
Fetching StockTwits symbol: NVDA
status: 200
Fetching StockTwits symbol: AMZN
status: 200
Fetching StockTwits symbol: META
status: 200
Fetching StockTwits symbol: GOOGL
status: 200
Fetching StockTwits symbol: GOOG
status: 200
Fetching StockTwits symbol: TSLA
status: 200
Fetching StockTwits symbol: AVGO
status: 200
Fetching StockTwits symbol: AMD
status: 200
Fetching StockTwits symbol: ORCL
status: 200
Fetching StockTwits symbol: ADBE
status: 200
Fetching StockTwits symbol: CRM
status: 200
Fetching StockTwits symbol: NFLX
status: 200
Fetching StockTwits symbol: INTC
status: 200
Fetching StockTwits symbol: QCOM
status: 200
Fetching StockTwits symbol: TXN
status: 200
Fetching StockTwits symbol: MU
status: 200
Fetching StockTwits symbol: AMAT
status: 200
Fetching StockTwits symbol: LRCX
status: 200
{'seen': 600, 'kept': 540, 'upserted': 7, 'modified': 533}
===== 5m rolling social counts =====
{"ok":true,"counts":{"StockTwits":559,"Bluesky":192,"Reddit":15},"rows":[{"_id":"StockTwits","count":559},{"_id":"Bluesky","count":192},{"_id":"Reddit","count":15}],"total":766,"window_minutes":5,"since_sec":1781226556,"now_sec":1781226856}

===== PUBLIC SOCIAL COLLECTOR RUN Thu Jun 11 19:15:16 MDT 2026 =====
--- Reddit public finance RSS ---
Fetching https://www.reddit.com/r/stocks/new/.rss
Fetching https://www.reddit.com/r/StockMarket/new/.rss
Failed StockMarket: 429 Client Error: Too Many Requests for url: https://www.reddit.com/r/StockMarket/new/.rss
Fetching https://www.reddit.com/r/investing/new/.rss
Failed investing: 429 Client Error: Too Many Requests for url: https://www.reddit.com/r/investing/new/.rss
Fetching https://www.reddit.com/r/SecurityAnalysis/new/.rss
Failed SecurityAnalysis: 429 Client Error: Too Many Requests for url: https://www.reddit.com/r/SecurityAnalysis/new/.rss
{'seen': 15, 'kept': 15, 'upserted': 0, 'modified': 15}
--- Bluesky public search API ---
Fetching Bluesky query: stocks
status: 200
Fetching Bluesky query: earnings
status: 200
Fetching Bluesky query: stock market
status: 200
Fetching Bluesky query: short squeeze
status: 200
Fetching Bluesky query: IPO
status: 200
Fetching Bluesky query: merger acquisition
status: 200
Fetching Bluesky query: FDA approval stock
status: 200
Fetching Bluesky query: SEC investigation stock
status: 200
Fetching Bluesky query: options trading
status: 200
Fetching Bluesky query: $AAPL
status: 200
Fetching Bluesky query: $TSLA
status: 403
<html><body><h1>403 Forbidden</h1>
Request forbidden by administrative rules.
</body></html>


Fetching Bluesky query: $NVDA
status: 403
<html><body><h1>403 Forbidden</h1>
Request forbidden by administrative rules.
</body></html>


Fetching Bluesky query: $AMD
status: 403
<html><body><h1>403 Forbidden</h1>
Request forbidden by administrative rules.
</body></html>


{'seen': 198, 'kept': 176, 'upserted': 3, 'modified': 173}
--- StockTwits public symbol streams ---
Fetching StockTwits symbol: AAPL
status: 200
Fetching StockTwits symbol: MSFT
status: 200
Fetching StockTwits symbol: NVDA
status: 200
Fetching StockTwits symbol: AMZN
status: 200
Fetching StockTwits symbol: META
status: 200
Fetching StockTwits symbol: GOOGL
status: 200
Fetching StockTwits symbol: GOOG
status: 200
Fetching StockTwits symbol: TSLA
status: 200
Fetching StockTwits symbol: AVGO
status: 200
Fetching StockTwits symbol: AMD
status: 200
Fetching StockTwits symbol: ORCL
status: 200
Fetching StockTwits symbol: ADBE
status: 200
Fetching StockTwits symbol: CRM
status: 200
Fetching StockTwits symbol: NFLX
status: 200
Fetching StockTwits symbol: INTC
status: 200
Fetching StockTwits symbol: QCOM
status: 200
Fetching StockTwits symbol: TXN
status: 200
Fetching StockTwits symbol: MU
status: 200
Fetching StockTwits symbol: AMAT
status: 200
Fetching StockTwits symbol: LRCX
status: 200
{'seen': 600, 'kept': 541, 'upserted': 7, 'modified': 534}
===== 5m rolling social counts =====
{"ok":true,"counts":{"StockTwits":565,"Bluesky":186,"Reddit":15},"rows":[{"_id":"StockTwits","count":565},{"_id":"Bluesky","count":186},{"_id":"Reddit","count":15}],"total":766,"window_minutes":5,"since_sec":1781226628,"now_sec":1781226928}

===== PUBLIC SOCIAL COLLECTOR RUN Thu Jun 11 19:16:29 MDT 2026 =====
--- Reddit public finance RSS ---
Fetching https://www.reddit.com/r/stocks/new/.rss
Fetching https://www.reddit.com/r/StockMarket/new/.rss
Failed StockMarket: 429 Client Error: Too Many Requests for url: https://www.reddit.com/r/StockMarket/new/.rss
Fetching https://www.reddit.com/r/investing/new/.rss
Failed investing: 429 Client Error: Too Many Requests for url: https://www.reddit.com/r/investing/new/.rss
Fetching https://www.reddit.com/r/SecurityAnalysis/new/.rss
Failed SecurityAnalysis: 429 Client Error: Too Many Requests for url: https://www.reddit.com/r/SecurityAnalysis/new/.rss
{'seen': 15, 'kept': 15, 'upserted': 0, 'modified': 15}
--- Bluesky public search API ---
Fetching Bluesky query: stocks
status: 200
Fetching Bluesky query: earnings
status: 200
Fetching Bluesky query: stock market
status: 200
Fetching Bluesky query: short squeeze
status: 200
Fetching Bluesky query: IPO
status: 200
Fetching Bluesky query: merger acquisition
status: 200
Fetching Bluesky query: FDA approval stock
status: 200
Fetching Bluesky query: SEC investigation stock
status: 200
Fetching Bluesky query: options trading
status: 200
Fetching Bluesky query: $AAPL
status: 200
Fetching Bluesky query: $TSLA
status: 403
<html><body><h1>403 Forbidden</h1>
Request forbidden by administrative rules.
</body></html>


Fetching Bluesky query: $NVDA
status: 403
<html><body><h1>403 Forbidden</h1>
Request forbidden by administrative rules.
</body></html>


Fetching Bluesky query: $AMD
status: 403
<html><body><h1>403 Forbidden</h1>
Request forbidden by administrative rules.
</body></html>


{'seen': 198, 'kept': 176, 'upserted': 2, 'modified': 174}
--- StockTwits public symbol streams ---
Fetching StockTwits symbol: AAPL
status: 200
Fetching StockTwits symbol: MSFT
status: 200
Fetching StockTwits symbol: NVDA
status: 200
Fetching StockTwits symbol: AMZN
status: 200
Fetching StockTwits symbol: META
status: 200
Fetching StockTwits symbol: GOOGL
status: 200
Fetching StockTwits symbol: GOOG
status: 200
Fetching StockTwits symbol: TSLA
status: 200
Fetching StockTwits symbol: AVGO
status: 200
Fetching StockTwits symbol: AMD
status: 200
Fetching StockTwits symbol: ORCL
status: 200
Fetching StockTwits symbol: ADBE
status: 200
Fetching StockTwits symbol: CRM
status: 200
Fetching StockTwits symbol: NFLX
status: 200
Fetching StockTwits symbol: INTC
status: 200
Fetching StockTwits symbol: QCOM
status: 200
Fetching StockTwits symbol: TXN
status: 200
Fetching StockTwits symbol: MU
status: 200
Fetching StockTwits symbol: AMAT
status: 200
Fetching StockTwits symbol: LRCX
status: 200
{'seen': 600, 'kept': 541, 'upserted': 5, 'modified': 536}
===== 5m rolling social counts =====
{"ok":true,"counts":{"StockTwits":566,"Bluesky":186,"Reddit":15},"rows":[{"_id":"StockTwits","count":566},{"_id":"Bluesky","count":186},{"_id":"Reddit","count":15}],"total":767,"window_minutes":5,"since_sec":1781226702,"now_sec":1781227002}

===== PUBLIC SOCIAL COLLECTOR RUN Thu Jun 11 19:17:42 MDT 2026 =====
--- Reddit public finance RSS ---
Fetching https://www.reddit.com/r/stocks/new/.rss
Fetching https://www.reddit.com/r/StockMarket/new/.rss
Failed StockMarket: 429 Client Error: Too Many Requests for url: https://www.reddit.com/r/StockMarket/new/.rss
Fetching https://www.reddit.com/r/investing/new/.rss
Failed investing: 429 Client Error: Too Many Requests for url: https://www.reddit.com/r/investing/new/.rss
Fetching https://www.reddit.com/r/SecurityAnalysis/new/.rss
Failed SecurityAnalysis: 429 Client Error: Too Many Requests for url: https://www.reddit.com/r/SecurityAnalysis/new/.rss
{'seen': 15, 'kept': 15, 'upserted': 0, 'modified': 15}
--- Bluesky public search API ---
Fetching Bluesky query: stocks
status: 200
Fetching Bluesky query: earnings
status: 200
Fetching Bluesky query: stock market
status: 200
Fetching Bluesky query: short squeeze
status: 200
Fetching Bluesky query: IPO
status: 200
Fetching Bluesky query: merger acquisition
status: 200
Fetching Bluesky query: FDA approval stock
status: 200
Fetching Bluesky query: SEC investigation stock
status: 200
Fetching Bluesky query: options trading
status: 200
Fetching Bluesky query: $AAPL
status: 200
Fetching Bluesky query: $TSLA
status: 403
<html><body><h1>403 Forbidden</h1>
Request forbidden by administrative rules.
</body></html>


Fetching Bluesky query: $NVDA
status: 403
<html><body><h1>403 Forbidden</h1>
Request forbidden by administrative rules.
</body></html>


Fetching Bluesky query: $AMD
status: 403
<html><body><h1>403 Forbidden</h1>
Request forbidden by administrative rules.
</body></html>


{'seen': 198, 'kept': 175, 'upserted': 5, 'modified': 170}
--- StockTwits public symbol streams ---
Fetching StockTwits symbol: AAPL
status: 200
Fetching StockTwits symbol: MSFT
status: 200
Fetching StockTwits symbol: NVDA
status: 200
Fetching StockTwits symbol: AMZN
status: 200
Fetching StockTwits symbol: META
status: 200
Fetching StockTwits symbol: GOOGL
status: 200
Fetching StockTwits symbol: GOOG
status: 200
Fetching StockTwits symbol: TSLA
status: 200
Fetching StockTwits symbol: AVGO
status: 200
Fetching StockTwits symbol: AMD
status: 200
Fetching StockTwits symbol: ORCL
status: 200
Fetching StockTwits symbol: ADBE
status: 200
Fetching StockTwits symbol: CRM
status: 200
Fetching StockTwits symbol: NFLX
status: 200
Fetching StockTwits symbol: INTC
status: 200
Fetching StockTwits symbol: QCOM
status: 200
Fetching StockTwits symbol: TXN
status: 200
Fetching StockTwits symbol: MU
status: 200
Fetching StockTwits symbol: AMAT
status: 200
Fetching StockTwits symbol: LRCX
status: 200
{'seen': 600, 'kept': 539, 'upserted': 2, 'modified': 537}
===== 5m rolling social counts =====
{"ok":true,"counts":{"StockTwits":561,"Bluesky":187,"Reddit":15},"rows":[{"_id":"StockTwits","count":561},{"_id":"Bluesky","count":187},{"_id":"Reddit","count":15}],"total":763,"window_minutes":5,"since_sec":1781226776,"now_sec":1781227076}

===== PUBLIC SOCIAL COLLECTOR RUN Thu Jun 11 19:18:56 MDT 2026 =====
--- Reddit public finance RSS ---
Fetching https://www.reddit.com/r/stocks/new/.rss
Fetching https://www.reddit.com/r/StockMarket/new/.rss
Failed StockMarket: 429 Client Error: Too Many Requests for url: https://www.reddit.com/r/StockMarket/new/.rss
Fetching https://www.reddit.com/r/investing/new/.rss
Failed investing: 429 Client Error: Too Many Requests for url: https://www.reddit.com/r/investing/new/.rss
Fetching https://www.reddit.com/r/SecurityAnalysis/new/.rss
Failed SecurityAnalysis: 429 Client Error: Too Many Requests for url: https://www.reddit.com/r/SecurityAnalysis/new/.rss
{'seen': 15, 'kept': 15, 'upserted': 0, 'modified': 15}
--- Bluesky public search API ---
Fetching Bluesky query: stocks
status: 200
Fetching Bluesky query: earnings
status: 200
Fetching Bluesky query: stock market
status: 200
Fetching Bluesky query: short squeeze
status: 200
Fetching Bluesky query: IPO
status: 200
Fetching Bluesky query: merger acquisition
status: 200
Fetching Bluesky query: FDA approval stock
status: 200
Fetching Bluesky query: SEC investigation stock
status: 200
Fetching Bluesky query: options trading
status: 200
Fetching Bluesky query: $AAPL
status: 200
Fetching Bluesky query: $TSLA
status: 403
<html><body><h1>403 Forbidden</h1>
Request forbidden by administrative rules.
</body></html>


Fetching Bluesky query: $NVDA
status: 403
<html><body><h1>403 Forbidden</h1>
Request forbidden by administrative rules.
</body></html>


Fetching Bluesky query: $AMD
status: 403
<html><body><h1>403 Forbidden</h1>
Request forbidden by administrative rules.
</body></html>


{'seen': 198, 'kept': 175, 'upserted': 5, 'modified': 170}
--- StockTwits public symbol streams ---
Fetching StockTwits symbol: AAPL
status: 200
Fetching StockTwits symbol: MSFT
status: 200
Fetching StockTwits symbol: NVDA
status: 200
Fetching StockTwits symbol: AMZN
status: 200
Fetching StockTwits symbol: META
status: 200
Fetching StockTwits symbol: GOOGL
status: 200
Fetching StockTwits symbol: GOOG
status: 200
Fetching StockTwits symbol: TSLA
status: 200
Fetching StockTwits symbol: AVGO
status: 200
Fetching StockTwits symbol: AMD
status: 200
Fetching StockTwits symbol: ORCL
status: 200
Fetching StockTwits symbol: ADBE
status: 200
Fetching StockTwits symbol: CRM
status: 200
Fetching StockTwits symbol: NFLX
status: 200
Fetching StockTwits symbol: INTC
status: 200
Fetching StockTwits symbol: QCOM
status: 200
Fetching StockTwits symbol: TXN
status: 200
Fetching StockTwits symbol: MU
status: 200
Fetching StockTwits symbol: AMAT
status: 200
Fetching StockTwits symbol: LRCX
status: 200
{'seen': 600, 'kept': 538, 'upserted': 5, 'modified': 533}
===== 5m rolling social counts =====
{"ok":true,"counts":{"StockTwits":560,"Bluesky":188,"Reddit":15},"rows":[{"_id":"StockTwits","count":560},{"_id":"Bluesky","count":188},{"_id":"Reddit","count":15}],"total":763,"window_minutes":5,"since_sec":1781226850,"now_sec":1781227150}

===== PUBLIC SOCIAL COLLECTOR RUN Thu Jun 11 19:20:10 MDT 2026 =====
--- Reddit public finance RSS ---
Fetching https://www.reddit.com/r/stocks/new/.rss
Fetching https://www.reddit.com/r/StockMarket/new/.rss
Failed StockMarket: 429 Client Error: Too Many Requests for url: https://www.reddit.com/r/StockMarket/new/.rss
Fetching https://www.reddit.com/r/investing/new/.rss
Failed investing: 429 Client Error: Too Many Requests for url: https://www.reddit.com/r/investing/new/.rss
Fetching https://www.reddit.com/r/SecurityAnalysis/new/.rss
Failed SecurityAnalysis: 429 Client Error: Too Many Requests for url: https://www.reddit.com/r/SecurityAnalysis/new/.rss
{'seen': 15, 'kept': 15, 'upserted': 0, 'modified': 15}
--- Bluesky public search API ---
Fetching Bluesky query: stocks
status: 200
Fetching Bluesky query: earnings
status: 200
Fetching Bluesky query: stock market
status: 200
Fetching Bluesky query: short squeeze
status: 200
Fetching Bluesky query: IPO
status: 200
Fetching Bluesky query: merger acquisition
status: 200
Fetching Bluesky query: FDA approval stock
status: 200
Fetching Bluesky query: SEC investigation stock
status: 200
Fetching Bluesky query: options trading
status: 200
Fetching Bluesky query: $AAPL
status: 200
Fetching Bluesky query: $TSLA
status: 403
<html><body><h1>403 Forbidden</h1>
Request forbidden by administrative rules.
</body></html>


Fetching Bluesky query: $NVDA
status: 403
<html><body><h1>403 Forbidden</h1>
Request forbidden by administrative rules.
</body></html>


Fetching Bluesky query: $AMD
status: 403
<html><body><h1>403 Forbidden</h1>
Request forbidden by administrative rules.
</body></html>


{'seen': 198, 'kept': 175, 'upserted': 3, 'modified': 172}
--- StockTwits public symbol streams ---
Fetching StockTwits symbol: AAPL
status: 200
Fetching StockTwits symbol: MSFT
status: 200
Fetching StockTwits symbol: NVDA
status: 200
Fetching StockTwits symbol: AMZN
status: 200
Fetching StockTwits symbol: META
status: 200
Fetching StockTwits symbol: GOOGL
status: 200
Fetching StockTwits symbol: GOOG
status: 200
Fetching StockTwits symbol: TSLA
status: 200
Fetching StockTwits symbol: AVGO
status: 200
Fetching StockTwits symbol: AMD
status: 200
Fetching StockTwits symbol: ORCL
status: 200
Fetching StockTwits symbol: ADBE
status: 200
Fetching StockTwits symbol: CRM
status: 200
Fetching StockTwits symbol: NFLX
status: 200
Fetching StockTwits symbol: INTC
status: 200
Fetching StockTwits symbol: QCOM
status: 200
Fetching StockTwits symbol: TXN
status: 200
Fetching StockTwits symbol: MU
status: 200
Fetching StockTwits symbol: AMAT
status: 200
Fetching StockTwits symbol: LRCX
status: 200
{'seen': 600, 'kept': 538, 'upserted': 1, 'modified': 537}
===== 5m rolling social counts =====
{"ok":true,"counts":{"StockTwits":553,"Bluesky":189,"Reddit":15},"rows":[{"_id":"StockTwits","count":553},{"_id":"Bluesky","count":189},{"_id":"Reddit","count":15}],"total":757,"window_minutes":5,"since_sec":1781226925,"now_sec":1781227226}

===== PUBLIC SOCIAL COLLECTOR RUN Thu Jun 11 19:21:26 MDT 2026 =====
--- Reddit public finance RSS ---
Fetching https://www.reddit.com/r/stocks/new/.rss
Fetching https://www.reddit.com/r/StockMarket/new/.rss
Failed StockMarket: 429 Client Error: Too Many Requests for url: https://www.reddit.com/r/StockMarket/new/.rss
Fetching https://www.reddit.com/r/investing/new/.rss
Failed investing: 429 Client Error: Too Many Requests for url: https://www.reddit.com/r/investing/new/.rss
Fetching https://www.reddit.com/r/SecurityAnalysis/new/.rss
Failed SecurityAnalysis: 429 Client Error: Too Many Requests for url: https://www.reddit.com/r/SecurityAnalysis/new/.rss
{'seen': 15, 'kept': 15, 'upserted': 0, 'modified': 15}
--- Bluesky public search API ---
Fetching Bluesky query: stocks
status: 200
Fetching Bluesky query: earnings
status: 200
Fetching Bluesky query: stock market
status: 200
Fetching Bluesky query: short squeeze
status: 200
Fetching Bluesky query: IPO
status: 200
Fetching Bluesky query: merger acquisition
status: 200
Fetching Bluesky query: FDA approval stock
status: 200
Fetching Bluesky query: SEC investigation stock
status: 200
Fetching Bluesky query: options trading
status: 200
Fetching Bluesky query: $AAPL
status: 200
Fetching Bluesky query: $TSLA
status: 403
<html><body><h1>403 Forbidden</h1>
Request forbidden by administrative rules.
</body></html>


Fetching Bluesky query: $NVDA
status: 403
<html><body><h1>403 Forbidden</h1>
Request forbidden by administrative rules.
</body></html>


Fetching Bluesky query: $AMD
status: 403
<html><body><h1>403 Forbidden</h1>
Request forbidden by administrative rules.
</body></html>


{'seen': 198, 'kept': 175, 'upserted': 3, 'modified': 172}
--- StockTwits public symbol streams ---
Fetching StockTwits symbol: AAPL
status: 200
Fetching StockTwits symbol: MSFT
status: 200
Fetching StockTwits symbol: NVDA
status: 200
Fetching StockTwits symbol: AMZN
status: 200
Fetching StockTwits symbol: META
status: 200
Fetching StockTwits symbol: GOOGL
status: 200
Fetching StockTwits symbol: GOOG
status: 200
Fetching StockTwits symbol: TSLA
status: 200
Fetching StockTwits symbol: AVGO
status: 200
Fetching StockTwits symbol: AMD
status: 200
Fetching StockTwits symbol: ORCL
status: 200
Fetching StockTwits symbol: ADBE
status: 200
Fetching StockTwits symbol: CRM
status: 200
Fetching StockTwits symbol: NFLX
status: 200
Fetching StockTwits symbol: INTC
status: 200
Fetching StockTwits symbol: QCOM
status: 200
Fetching StockTwits symbol: TXN
status: 200
Fetching StockTwits symbol: MU
status: 200
Fetching StockTwits symbol: AMAT
status: 200
Fetching StockTwits symbol: LRCX
status: 200
{'seen': 600, 'kept': 537, 'upserted': 2, 'modified': 535}
===== 5m rolling social counts =====
curl: (56) Recv failure: Connection reset by peer


===== PUBLIC SOCIAL COLLECTOR RUN Thu Jun 11 19:22:41 MDT 2026 =====
--- Reddit public finance RSS ---
Fetching https://www.reddit.com/r/stocks/new/.rss
Fetching https://www.reddit.com/r/StockMarket/new/.rss
Failed StockMarket: 429 Client Error: Too Many Requests for url: https://www.reddit.com/r/StockMarket/new/.rss
Fetching https://www.reddit.com/r/investing/new/.rss
Failed investing: 429 Client Error: Too Many Requests for url: https://www.reddit.com/r/investing/new/.rss
Fetching https://www.reddit.com/r/SecurityAnalysis/new/.rss
Failed SecurityAnalysis: 429 Client Error: Too Many Requests for url: https://www.reddit.com/r/SecurityAnalysis/new/.rss
{'seen': 15, 'kept': 15, 'upserted': 0, 'modified': 15}
--- Bluesky public search API ---
Fetching Bluesky query: stocks
status: 200
Fetching Bluesky query: earnings
status: 200
Fetching Bluesky query: stock market
status: 200
Fetching Bluesky query: short squeeze
status: 200
Fetching Bluesky query: IPO
status: 200
Fetching Bluesky query: merger acquisition
status: 200
Fetching Bluesky query: FDA approval stock
status: 200
Fetching Bluesky query: SEC investigation stock
status: 200
Fetching Bluesky query: options trading
status: 200
Fetching Bluesky query: $AAPL
status: 200
Fetching Bluesky query: $TSLA
status: 403
<html><body><h1>403 Forbidden</h1>
Request forbidden by administrative rules.
</body></html>


Fetching Bluesky query: $NVDA
status: 403
<html><body><h1>403 Forbidden</h1>
Request forbidden by administrative rules.
</body></html>


Fetching Bluesky query: $AMD
status: 403
<html><body><h1>403 Forbidden</h1>
Request forbidden by administrative rules.
</body></html>


{'seen': 197, 'kept': 174, 'upserted': 4, 'modified': 170}
--- StockTwits public symbol streams ---
Fetching StockTwits symbol: AAPL
status: 200
Fetching StockTwits symbol: MSFT
status: 200
Fetching StockTwits symbol: NVDA
status: 200
Fetching StockTwits symbol: AMZN
status: 200
Fetching StockTwits symbol: META
status: 200
Fetching StockTwits symbol: GOOGL
status: 200
Fetching StockTwits symbol: GOOG
status: 200
Fetching StockTwits symbol: TSLA
status: 200
Fetching StockTwits symbol: AVGO
status: 200
Fetching StockTwits symbol: AMD
status: 200
Fetching StockTwits symbol: ORCL
status: 200
Fetching StockTwits symbol: ADBE
status: 200
Fetching StockTwits symbol: CRM
status: 200
Fetching StockTwits symbol: NFLX
status: 200
Fetching StockTwits symbol: INTC
status: 200
Fetching StockTwits symbol: QCOM
status: 200
Fetching StockTwits symbol: TXN
status: 200
Fetching StockTwits symbol: MU
status: 200
Fetching StockTwits symbol: AMAT
status: 200
Fetching StockTwits symbol: LRCX
status: 200
{'seen': 600, 'kept': 537, 'upserted': 2, 'modified': 535}
===== 5m rolling social counts =====
{"ok":true,"counts":{"StockTwits":544,"Bluesky":185,"Reddit":15},"rows":[{"_id":"StockTwits","count":544},{"_id":"Bluesky","count":185},{"_id":"Reddit","count":15}],"total":744,"window_minutes":5,"since_sec":1781227074,"now_sec":1781227374}

===== PUBLIC SOCIAL COLLECTOR RUN Thu Jun 11 19:23:54 MDT 2026 =====
--- Reddit public finance RSS ---
Fetching https://www.reddit.com/r/stocks/new/.rss
Fetching https://www.reddit.com/r/StockMarket/new/.rss
Failed StockMarket: 429 Client Error: Too Many Requests for url: https://www.reddit.com/r/StockMarket/new/.rss
Fetching https://www.reddit.com/r/investing/new/.rss
Failed investing: 429 Client Error: Too Many Requests for url: https://www.reddit.com/r/investing/new/.rss
Fetching https://www.reddit.com/r/SecurityAnalysis/new/.rss
Failed SecurityAnalysis: 429 Client Error: Too Many Requests for url: https://www.reddit.com/r/SecurityAnalysis/new/.rss
{'seen': 15, 'kept': 15, 'upserted': 1, 'modified': 14}
--- Bluesky public search API ---
Fetching Bluesky query: stocks
status: 200
Fetching Bluesky query: earnings
status: 200
Fetching Bluesky query: stock market
status: 200
Fetching Bluesky query: short squeeze
status: 200
Fetching Bluesky query: IPO
status: 200
Fetching Bluesky query: merger acquisition
status: 200
Fetching Bluesky query: FDA approval stock
status: 200
Fetching Bluesky query: SEC investigation stock
status: 200
Fetching Bluesky query: options trading
status: 200
Fetching Bluesky query: $AAPL
status: 200
Fetching Bluesky query: $TSLA
status: 403
<html><body><h1>403 Forbidden</h1>
Request forbidden by administrative rules.
</body></html>


Fetching Bluesky query: $NVDA
status: 403
<html><body><h1>403 Forbidden</h1>
Request forbidden by administrative rules.
</body></html>


Fetching Bluesky query: $AMD
status: 403
<html><body><h1>403 Forbidden</h1>
Request forbidden by administrative rules.
</body></html>


{'seen': 197, 'kept': 174, 'upserted': 0, 'modified': 174}
--- StockTwits public symbol streams ---
Fetching StockTwits symbol: AAPL
status: 200
Fetching StockTwits symbol: MSFT
status: 200
Fetching StockTwits symbol: NVDA
status: 200
Fetching StockTwits symbol: AMZN
status: 200
Fetching StockTwits symbol: META
status: 200
Fetching StockTwits symbol: GOOGL
status: 200
Fetching StockTwits symbol: GOOG
status: 200
Fetching StockTwits symbol: TSLA
status: 200
Fetching StockTwits symbol: AVGO
status: 200
Fetching StockTwits symbol: AMD
status: 200
Fetching StockTwits symbol: ORCL
status: 200
Fetching StockTwits symbol: ADBE
status: 200
Fetching StockTwits symbol: CRM
status: 200
Fetching StockTwits symbol: NFLX
status: 200
Fetching StockTwits symbol: INTC
status: 200
Fetching StockTwits symbol: QCOM
status: 200
Fetching StockTwits symbol: TXN
status: 200
Fetching StockTwits symbol: MU
status: 200
Fetching StockTwits symbol: AMAT
status: 200
Fetching StockTwits symbol: LRCX
status: 200
{'seen': 600, 'kept': 537, 'upserted': 5, 'modified': 532}
===== 5m rolling social counts =====
{"ok":true,"counts":{"StockTwits":547,"Bluesky":182,"Reddit":16},"rows":[{"_id":"StockTwits","count":547},{"_id":"Bluesky","count":182},{"_id":"Reddit","count":16}],"total":745,"window_minutes":5,"since_sec":1781227147,"now_sec":1781227447}

===== PUBLIC SOCIAL COLLECTOR RUN Thu Jun 11 19:25:07 MDT 2026 =====
--- Reddit public finance RSS ---
Fetching https://www.reddit.com/r/stocks/new/.rss
Fetching https://www.reddit.com/r/StockMarket/new/.rss
Failed StockMarket: 429 Client Error: Too Many Requests for url: https://www.reddit.com/r/StockMarket/new/.rss
Fetching https://www.reddit.com/r/investing/new/.rss
Failed investing: 429 Client Error: Too Many Requests for url: https://www.reddit.com/r/investing/new/.rss
Fetching https://www.reddit.com/r/SecurityAnalysis/new/.rss
Failed SecurityAnalysis: 429 Client Error: Too Many Requests for url: https://www.reddit.com/r/SecurityAnalysis/new/.rss
{'seen': 15, 'kept': 15, 'upserted': 0, 'modified': 15}
--- Bluesky public search API ---
Fetching Bluesky query: stocks
status: 200
Fetching Bluesky query: earnings
status: 200
Fetching Bluesky query: stock market
status: 200
Fetching Bluesky query: short squeeze
status: 200
Fetching Bluesky query: IPO
status: 200
Fetching Bluesky query: merger acquisition
status: 200
Fetching Bluesky query: FDA approval stock
status: 200
Fetching Bluesky query: SEC investigation stock
status: 200
Fetching Bluesky query: options trading
status: 200
Fetching Bluesky query: $AAPL
status: 200
Fetching Bluesky query: $TSLA
status: 403
<html><body><h1>403 Forbidden</h1>
Request forbidden by administrative rules.
</body></html>


Fetching Bluesky query: $NVDA
status: 403
<html><body><h1>403 Forbidden</h1>
Request forbidden by administrative rules.
</body></html>


Fetching Bluesky query: $AMD
status: 403
<html><body><h1>403 Forbidden</h1>
Request forbidden by administrative rules.
</body></html>


{'seen': 197, 'kept': 175, 'upserted': 2, 'modified': 173}
--- StockTwits public symbol streams ---
Fetching StockTwits symbol: AAPL
status: 200
Fetching StockTwits symbol: MSFT
status: 200
Fetching StockTwits symbol: NVDA
status: 200
Fetching StockTwits symbol: AMZN
status: 200
Fetching StockTwits symbol: META
status: 200
Fetching StockTwits symbol: GOOGL
status: 200
Fetching StockTwits symbol: GOOG
status: 200
Fetching StockTwits symbol: TSLA
status: 200
Fetching StockTwits symbol: AVGO
status: 200
Fetching StockTwits symbol: AMD
status: 200
Fetching StockTwits symbol: ORCL
status: 200
Fetching StockTwits symbol: ADBE
status: 200
Fetching StockTwits symbol: CRM
status: 200
Fetching StockTwits symbol: NFLX
status: 200
Fetching StockTwits symbol: INTC
status: 200
Fetching StockTwits symbol: QCOM
status: 200
Fetching StockTwits symbol: TXN
status: 200
Fetching StockTwits symbol: MU
status: 200
Fetching StockTwits symbol: AMAT
status: 200
Fetching StockTwits symbol: LRCX
status: 200
{'seen': 600, 'kept': 537, 'upserted': 3, 'modified': 534}
===== 5m rolling social counts =====
{"ok":true,"counts":{"StockTwits":549,"Bluesky":181,"Reddit":16},"rows":[{"_id":"StockTwits","count":549},{"_id":"Bluesky","count":181},{"_id":"Reddit","count":16}],"total":746,"window_minutes":5,"since_sec":1781227221,"now_sec":1781227521}

===== PUBLIC SOCIAL COLLECTOR RUN Thu Jun 11 19:26:21 MDT 2026 =====
--- Reddit public finance RSS ---
Fetching https://www.reddit.com/r/stocks/new/.rss
Fetching https://www.reddit.com/r/StockMarket/new/.rss
Failed StockMarket: 429 Client Error: Too Many Requests for url: https://www.reddit.com/r/StockMarket/new/.rss
Fetching https://www.reddit.com/r/investing/new/.rss
Failed investing: 429 Client Error: Too Many Requests for url: https://www.reddit.com/r/investing/new/.rss
Fetching https://www.reddit.com/r/SecurityAnalysis/new/.rss
Failed SecurityAnalysis: 429 Client Error: Too Many Requests for url: https://www.reddit.com/r/SecurityAnalysis/new/.rss
{'seen': 15, 'kept': 15, 'upserted': 0, 'modified': 15}
--- Bluesky public search API ---
Fetching Bluesky query: stocks
status: 200
Fetching Bluesky query: earnings
status: 200
Fetching Bluesky query: stock market
status: 200
Fetching Bluesky query: short squeeze
status: 200
Fetching Bluesky query: IPO
status: 200
Fetching Bluesky query: merger acquisition
status: 200
Fetching Bluesky query: FDA approval stock
status: 200
Fetching Bluesky query: SEC investigation stock
status: 200
Fetching Bluesky query: options trading
status: 200
Fetching Bluesky query: $AAPL
status: 200
Fetching Bluesky query: $TSLA
status: 403
<html><body><h1>403 Forbidden</h1>
Request forbidden by administrative rules.
</body></html>


Fetching Bluesky query: $NVDA
status: 403
<html><body><h1>403 Forbidden</h1>
Request forbidden by administrative rules.
</body></html>


Fetching Bluesky query: $AMD
status: 403
<html><body><h1>403 Forbidden</h1>
Request forbidden by administrative rules.
</body></html>


{'seen': 197, 'kept': 175, 'upserted': 3, 'modified': 172}
--- StockTwits public symbol streams ---
Fetching StockTwits symbol: AAPL
status: 200
Fetching StockTwits symbol: MSFT
status: 200
Fetching StockTwits symbol: NVDA
status: 200
Fetching StockTwits symbol: AMZN
status: 200
Fetching StockTwits symbol: META
status: 200
Fetching StockTwits symbol: GOOGL
status: 200
Fetching StockTwits symbol: GOOG
status: 200
Fetching StockTwits symbol: TSLA
status: 200
Fetching StockTwits symbol: AVGO
status: 200
Fetching StockTwits symbol: AMD
status: 200
Fetching StockTwits symbol: ORCL
status: 200
Fetching StockTwits symbol: ADBE
status: 200
Fetching StockTwits symbol: CRM
status: 200
Fetching StockTwits symbol: NFLX
status: 200
Fetching StockTwits symbol: INTC
status: 200
Fetching StockTwits symbol: QCOM
status: 200
Fetching StockTwits symbol: TXN
status: 200
Fetching StockTwits symbol: MU
status: 200
Fetching StockTwits symbol: AMAT
status: 200
Fetching StockTwits symbol: LRCX
status: 200
{'seen': 600, 'kept': 537, 'upserted': 4, 'modified': 533}
===== 5m rolling social counts =====
{"ok":true,"counts":{"StockTwits":551,"Bluesky":179,"Reddit":16},"rows":[{"_id":"StockTwits","count":551},{"_id":"Bluesky","count":179},{"_id":"Reddit","count":16}],"total":746,"window_minutes":5,"since_sec":1781227294,"now_sec":1781227594}

===== PUBLIC SOCIAL COLLECTOR RUN Thu Jun 11 19:27:34 MDT 2026 =====
--- Reddit public finance RSS ---
Fetching https://www.reddit.com/r/stocks/new/.rss
Fetching https://www.reddit.com/r/StockMarket/new/.rss
Failed StockMarket: 429 Client Error: Too Many Requests for url: https://www.reddit.com/r/StockMarket/new/.rss
Fetching https://www.reddit.com/r/investing/new/.rss
Failed investing: 429 Client Error: Too Many Requests for url: https://www.reddit.com/r/investing/new/.rss
Fetching https://www.reddit.com/r/SecurityAnalysis/new/.rss
Failed SecurityAnalysis: 429 Client Error: Too Many Requests for url: https://www.reddit.com/r/SecurityAnalysis/new/.rss
{'seen': 15, 'kept': 15, 'upserted': 0, 'modified': 15}
--- Bluesky public search API ---
Fetching Bluesky query: stocks
status: 200
Fetching Bluesky query: earnings
status: 200
Fetching Bluesky query: stock market
status: 200
Fetching Bluesky query: short squeeze
status: 200
Fetching Bluesky query: IPO
status: 200
Fetching Bluesky query: merger acquisition
status: 200
Fetching Bluesky query: FDA approval stock
status: 200
Fetching Bluesky query: SEC investigation stock
status: 200
Fetching Bluesky query: options trading
status: 200
Fetching Bluesky query: $AAPL
status: 200
Fetching Bluesky query: $TSLA
status: 403
<html><body><h1>403 Forbidden</h1>
Request forbidden by administrative rules.
</body></html>


Fetching Bluesky query: $NVDA
status: 403
<html><body><h1>403 Forbidden</h1>
Request forbidden by administrative rules.
</body></html>


Fetching Bluesky query: $AMD
status: 403
<html><body><h1>403 Forbidden</h1>
Request forbidden by administrative rules.
</body></html>


{'seen': 197, 'kept': 175, 'upserted': 4, 'modified': 171}
--- StockTwits public symbol streams ---
Fetching StockTwits symbol: AAPL
status: 200
Fetching StockTwits symbol: MSFT
status: 200
Fetching StockTwits symbol: NVDA
status: 200
Fetching StockTwits symbol: AMZN
status: 200
Fetching StockTwits symbol: META
status: 200
Fetching StockTwits symbol: GOOGL
status: 200
Fetching StockTwits symbol: GOOG
status: 200
Fetching StockTwits symbol: TSLA
status: 200
Fetching StockTwits symbol: AVGO
status: 200
Fetching StockTwits symbol: AMD
status: 200
Fetching StockTwits symbol: ORCL
status: 200
Fetching StockTwits symbol: ADBE
status: 200
Fetching StockTwits symbol: CRM
status: 200
Fetching StockTwits symbol: NFLX
status: 200
Fetching StockTwits symbol: INTC
status: 200
Fetching StockTwits symbol: QCOM
status: 200
Fetching StockTwits symbol: TXN
status: 200
Fetching StockTwits symbol: MU
status: 200
Fetching StockTwits symbol: AMAT
status: 200
Fetching StockTwits symbol: LRCX
status: 200
{'seen': 600, 'kept': 537, 'upserted': 2, 'modified': 535}
===== 5m rolling social counts =====
{"ok":true,"counts":{"StockTwits":551,"Bluesky":183,"Reddit":15},"rows":[{"_id":"StockTwits","count":551},{"_id":"Bluesky","count":183},{"_id":"Reddit","count":15}],"total":749,"window_minutes":5,"since_sec":1781227367,"now_sec":1781227667}

===== PUBLIC SOCIAL COLLECTOR RUN Thu Jun 11 19:28:47 MDT 2026 =====
--- Reddit public finance RSS ---
Fetching https://www.reddit.com/r/stocks/new/.rss
Fetching https://www.reddit.com/r/StockMarket/new/.rss
Failed StockMarket: 429 Client Error: Too Many Requests for url: https://www.reddit.com/r/StockMarket/new/.rss
Fetching https://www.reddit.com/r/investing/new/.rss
Failed investing: 429 Client Error: Too Many Requests for url: https://www.reddit.com/r/investing/new/.rss
Fetching https://www.reddit.com/r/SecurityAnalysis/new/.rss
Failed SecurityAnalysis: 429 Client Error: Too Many Requests for url: https://www.reddit.com/r/SecurityAnalysis/new/.rss
{'seen': 15, 'kept': 15, 'upserted': 0, 'modified': 15}
--- Bluesky public search API ---
Fetching Bluesky query: stocks
status: 200
Fetching Bluesky query: earnings
status: 200
Fetching Bluesky query: stock market
status: 200
Fetching Bluesky query: short squeeze
status: 200
Fetching Bluesky query: IPO
status: 200
Fetching Bluesky query: merger acquisition
status: 200
Fetching Bluesky query: FDA approval stock
status: 200
Fetching Bluesky query: SEC investigation stock
status: 200
Fetching Bluesky query: options trading
status: 200
Fetching Bluesky query: $AAPL
status: 200
Fetching Bluesky query: $TSLA
status: 403
<html><body><h1>403 Forbidden</h1>
Request forbidden by administrative rules.
</body></html>


Fetching Bluesky query: $NVDA
status: 403
<html><body><h1>403 Forbidden</h1>
Request forbidden by administrative rules.
</body></html>


Fetching Bluesky query: $AMD
status: 403
<html><body><h1>403 Forbidden</h1>
Request forbidden by administrative rules.
</body></html>


{'seen': 197, 'kept': 174, 'upserted': 3, 'modified': 171}
--- StockTwits public symbol streams ---
Fetching StockTwits symbol: AAPL
status: 200
Fetching StockTwits symbol: MSFT
status: 200
Fetching StockTwits symbol: NVDA
status: 200
Fetching StockTwits symbol: AMZN
status: 200
Fetching StockTwits symbol: META
status: 200
Fetching StockTwits symbol: GOOGL
status: 200
Fetching StockTwits symbol: GOOG
status: 200
Fetching StockTwits symbol: TSLA
status: 200
Fetching StockTwits symbol: AVGO
status: 200
Fetching StockTwits symbol: AMD
status: 200
Fetching StockTwits symbol: ORCL
status: 200
Fetching StockTwits symbol: ADBE
status: 200
Fetching StockTwits symbol: CRM
status: 200
Fetching StockTwits symbol: NFLX
status: 200
Fetching StockTwits symbol: INTC
status: 200
Fetching StockTwits symbol: QCOM
status: 200
Fetching StockTwits symbol: TXN
status: 200
Fetching StockTwits symbol: MU
status: 200
Fetching StockTwits symbol: AMAT
status: 200
Fetching StockTwits symbol: LRCX
status: 200
{'seen': 600, 'kept': 538, 'upserted': 3, 'modified': 535}
===== 5m rolling social counts =====
{"ok":true,"counts":{"StockTwits":549,"Bluesky":185,"Reddit":15},"rows":[{"_id":"StockTwits","count":549},{"_id":"Bluesky","count":185},{"_id":"Reddit","count":15}],"total":749,"window_minutes":5,"since_sec":1781227441,"now_sec":1781227741}

===== PUBLIC SOCIAL COLLECTOR RUN Thu Jun 11 19:30:01 MDT 2026 =====
--- Reddit public finance RSS ---
Fetching https://www.reddit.com/r/stocks/new/.rss
Fetching https://www.reddit.com/r/StockMarket/new/.rss
Failed StockMarket: 429 Client Error: Too Many Requests for url: https://www.reddit.com/r/StockMarket/new/.rss
Fetching https://www.reddit.com/r/investing/new/.rss
Failed investing: 429 Client Error: Too Many Requests for url: https://www.reddit.com/r/investing/new/.rss
Fetching https://www.reddit.com/r/SecurityAnalysis/new/.rss
Failed SecurityAnalysis: 429 Client Error: Too Many Requests for url: https://www.reddit.com/r/SecurityAnalysis/new/.rss
{'seen': 15, 'kept': 15, 'upserted': 0, 'modified': 15}
--- Bluesky public search API ---
Fetching Bluesky query: stocks
status: 200
Fetching Bluesky query: earnings
status: 200
Fetching Bluesky query: stock market
status: 200
Fetching Bluesky query: short squeeze
status: 200
Fetching Bluesky query: IPO
status: 200
Fetching Bluesky query: merger acquisition
status: 200
Fetching Bluesky query: FDA approval stock
status: 200
Fetching Bluesky query: SEC investigation stock
status: 200
Fetching Bluesky query: options trading
status: 200
Fetching Bluesky query: $AAPL
status: 200
Fetching Bluesky query: $TSLA
status: 200
Fetching Bluesky query: $NVDA
status: 403
<html><body><h1>403 Forbidden</h1>
Request forbidden by administrative rules.
</body></html>


Fetching Bluesky query: $AMD
status: 403
<html><body><h1>403 Forbidden</h1>
Request forbidden by administrative rules.
</body></html>


{'seen': 217, 'kept': 189, 'upserted': 4, 'modified': 185}
--- StockTwits public symbol streams ---
Fetching StockTwits symbol: AAPL
status: 200
Fetching StockTwits symbol: MSFT
status: 200
Fetching StockTwits symbol: NVDA
status: 200
Fetching StockTwits symbol: AMZN
status: 200
Fetching StockTwits symbol: META
status: 200
Fetching StockTwits symbol: GOOGL
status: 200
Fetching StockTwits symbol: GOOG
status: 200
Fetching StockTwits symbol: TSLA
status: 200
Fetching StockTwits symbol: AVGO
status: 200
Fetching StockTwits symbol: AMD
status: 200
Fetching StockTwits symbol: ORCL
status: 200
Fetching StockTwits symbol: ADBE
status: 200
Fetching StockTwits symbol: CRM
status: 200
Fetching StockTwits symbol: NFLX
status: 200
Fetching StockTwits symbol: INTC
status: 200
Fetching StockTwits symbol: QCOM
status: 200
Fetching StockTwits symbol: TXN
status: 200
Fetching StockTwits symbol: MU
status: 200
Fetching StockTwits symbol: AMAT
status: 200
Fetching StockTwits symbol: LRCX
status: 200
{'seen': 600, 'kept': 538, 'upserted': 7, 'modified': 531}
===== 5m rolling social counts =====
{"ok":true,"counts":{"StockTwits":549,"Bluesky":202,"Reddit":15},"rows":[{"_id":"StockTwits","count":549},{"_id":"Bluesky","count":202},{"_id":"Reddit","count":15}],"total":766,"window_minutes":5,"since_sec":1781227523,"now_sec":1781227823}

===== PUBLIC SOCIAL COLLECTOR RUN Thu Jun 11 19:31:23 MDT 2026 =====
--- Reddit public finance RSS ---
Fetching https://www.reddit.com/r/stocks/new/.rss
Fetching https://www.reddit.com/r/StockMarket/new/.rss
Failed StockMarket: 429 Client Error: Too Many Requests for url: https://www.reddit.com/r/StockMarket/new/.rss
Fetching https://www.reddit.com/r/investing/new/.rss
Failed investing: 429 Client Error: Too Many Requests for url: https://www.reddit.com/r/investing/new/.rss
Fetching https://www.reddit.com/r/SecurityAnalysis/new/.rss
Failed SecurityAnalysis: 429 Client Error: Too Many Requests for url: https://www.reddit.com/r/SecurityAnalysis/new/.rss
{'seen': 15, 'kept': 15, 'upserted': 0, 'modified': 15}
--- Bluesky public search API ---
Fetching Bluesky query: stocks
status: 200
Fetching Bluesky query: earnings
status: 200
Fetching Bluesky query: stock market
status: 200
Fetching Bluesky query: short squeeze
status: 200
Fetching Bluesky query: IPO
status: 200
Fetching Bluesky query: merger acquisition
status: 200
Fetching Bluesky query: FDA approval stock
status: 200
Fetching Bluesky query: SEC investigation stock
status: 200
Fetching Bluesky query: options trading
status: 200
Fetching Bluesky query: $AAPL
status: 200
Fetching Bluesky query: $TSLA
status: 403
<html><body><h1>403 Forbidden</h1>
Request forbidden by administrative rules.
</body></html>


Fetching Bluesky query: $NVDA
status: 403
<html><body><h1>403 Forbidden</h1>
Request forbidden by administrative rules.
</body></html>


Fetching Bluesky query: $AMD
status: 403
<html><body><h1>403 Forbidden</h1>
Request forbidden by administrative rules.
</body></html>


{'seen': 197, 'kept': 174, 'upserted': 10, 'modified': 164}
--- StockTwits public symbol streams ---
Fetching StockTwits symbol: AAPL
status: 200
Fetching StockTwits symbol: MSFT
status: 200
Fetching StockTwits symbol: NVDA
status: 200
Fetching StockTwits symbol: AMZN
status: 200
Fetching StockTwits symbol: META
status: 200
Fetching StockTwits symbol: GOOGL
status: 200
Fetching StockTwits symbol: GOOG
status: 200
Fetching StockTwits symbol: TSLA
status: 200
Fetching StockTwits symbol: AVGO
status: 200
Fetching StockTwits symbol: AMD
status: 200
Fetching StockTwits symbol: ORCL
status: 200
Fetching StockTwits symbol: ADBE
status: 200
Fetching StockTwits symbol: CRM
status: 200
Fetching StockTwits symbol: NFLX
status: 200
Fetching StockTwits symbol: INTC
status: 200
Fetching StockTwits symbol: QCOM
status: 200
Fetching StockTwits symbol: TXN
status: 200
Fetching StockTwits symbol: MU
status: 200
Fetching StockTwits symbol: AMAT
status: 200
Fetching StockTwits symbol: LRCX
status: 200
{'seen': 600, 'kept': 538, 'upserted': 3, 'modified': 535}
===== 5m rolling social counts =====
{"ok":true,"counts":{"StockTwits":550,"Bluesky":208,"Reddit":15},"rows":[{"_id":"StockTwits","count":550},{"_id":"Bluesky","count":208},{"_id":"Reddit","count":15}],"total":773,"window_minutes":5,"since_sec":1781227597,"now_sec":1781227898}

===== PUBLIC SOCIAL COLLECTOR RUN Thu Jun 11 19:32:38 MDT 2026 =====
--- Reddit public finance RSS ---
Fetching https://www.reddit.com/r/stocks/new/.rss
Fetching https://www.reddit.com/r/StockMarket/new/.rss
Failed StockMarket: 429 Client Error: Too Many Requests for url: https://www.reddit.com/r/StockMarket/new/.rss
Fetching https://www.reddit.com/r/investing/new/.rss
Failed investing: 429 Client Error: Too Many Requests for url: https://www.reddit.com/r/investing/new/.rss
Fetching https://www.reddit.com/r/SecurityAnalysis/new/.rss
Failed SecurityAnalysis: 429 Client Error: Too Many Requests for url: https://www.reddit.com/r/SecurityAnalysis/new/.rss
{'seen': 15, 'kept': 15, 'upserted': 0, 'modified': 15}
--- Bluesky public search API ---
Fetching Bluesky query: stocks
status: 200
Fetching Bluesky query: earnings
status: 200
Fetching Bluesky query: stock market
status: 200
Fetching Bluesky query: short squeeze
status: 200
Fetching Bluesky query: IPO
status: 200
Fetching Bluesky query: merger acquisition
status: 200
Fetching Bluesky query: FDA approval stock
status: 200
Fetching Bluesky query: SEC investigation stock
status: 200
Fetching Bluesky query: options trading
status: 200
Fetching Bluesky query: $AAPL
status: 200
Fetching Bluesky query: $TSLA
status: 403
<html><body><h1>403 Forbidden</h1>
Request forbidden by administrative rules.
</body></html>


Fetching Bluesky query: $NVDA
status: 403
<html><body><h1>403 Forbidden</h1>
Request forbidden by administrative rules.
</body></html>


Fetching Bluesky query: $AMD
status: 403
<html><body><h1>403 Forbidden</h1>
Request forbidden by administrative rules.
</body></html>


{'seen': 197, 'kept': 173, 'upserted': 5, 'modified': 168}
--- StockTwits public symbol streams ---
Fetching StockTwits symbol: AAPL
status: 200
Fetching StockTwits symbol: MSFT
status: 200
Fetching StockTwits symbol: NVDA
status: 200
Fetching StockTwits symbol: AMZN
status: 200
Fetching StockTwits symbol: META
status: 200
Fetching StockTwits symbol: GOOGL
status: 200
Fetching StockTwits symbol: GOOG
status: 200
Fetching StockTwits symbol: TSLA
status: 200
Fetching StockTwits symbol: AVGO
status: 200
Fetching StockTwits symbol: AMD
status: 200
Fetching StockTwits symbol: ORCL
status: 200
Fetching StockTwits symbol: ADBE
status: 200
Fetching StockTwits symbol: CRM
status: 200
Fetching StockTwits symbol: NFLX
status: 200
Fetching StockTwits symbol: INTC
status: 200
Fetching StockTwits symbol: QCOM
status: 200
Fetching StockTwits symbol: TXN
status: 200
Fetching StockTwits symbol: MU
status: 200
Fetching StockTwits symbol: AMAT
status: 200
Fetching StockTwits symbol: LRCX
status: 200
{'seen': 600, 'kept': 538, 'upserted': 8, 'modified': 530}
===== 5m rolling social counts =====
{"ok":true,"counts":{"StockTwits":556,"Bluesky":209,"Reddit":15},"rows":[{"_id":"StockTwits","count":556},{"_id":"Bluesky","count":209},{"_id":"Reddit","count":15}],"total":780,"window_minutes":5,"since_sec":1781227673,"now_sec":1781227973}

===== PUBLIC SOCIAL COLLECTOR RUN Thu Jun 11 19:33:53 MDT 2026 =====
--- Reddit public finance RSS ---
Fetching https://www.reddit.com/r/stocks/new/.rss
Fetching https://www.reddit.com/r/StockMarket/new/.rss
Failed StockMarket: 429 Client Error: Too Many Requests for url: https://www.reddit.com/r/StockMarket/new/.rss
Fetching https://www.reddit.com/r/investing/new/.rss
Failed investing: 429 Client Error: Too Many Requests for url: https://www.reddit.com/r/investing/new/.rss
Fetching https://www.reddit.com/r/SecurityAnalysis/new/.rss
Failed SecurityAnalysis: 429 Client Error: Too Many Requests for url: https://www.reddit.com/r/SecurityAnalysis/new/.rss
{'seen': 15, 'kept': 15, 'upserted': 0, 'modified': 15}
--- Bluesky public search API ---
Fetching Bluesky query: stocks
status: 200
Fetching Bluesky query: earnings
status: 200
Fetching Bluesky query: stock market
status: 200
Fetching Bluesky query: short squeeze
status: 200
Fetching Bluesky query: IPO
status: 200
Fetching Bluesky query: merger acquisition
status: 200
Fetching Bluesky query: FDA approval stock
status: 200
Fetching Bluesky query: SEC investigation stock
status: 200
Fetching Bluesky query: options trading
status: 200
Fetching Bluesky query: $AAPL
status: 200
Fetching Bluesky query: $TSLA
status: 403
<html><body><h1>403 Forbidden</h1>
Request forbidden by administrative rules.
</body></html>


Fetching Bluesky query: $NVDA
status: 403
<html><body><h1>403 Forbidden</h1>
Request forbidden by administrative rules.
</body></html>


Fetching Bluesky query: $AMD
status: 403
<html><body><h1>403 Forbidden</h1>
Request forbidden by administrative rules.
</body></html>


{'seen': 197, 'kept': 173, 'upserted': 2, 'modified': 171}
--- StockTwits public symbol streams ---
Fetching StockTwits symbol: AAPL
status: 200
Fetching StockTwits symbol: MSFT
status: 200
Fetching StockTwits symbol: NVDA
status: 200
Fetching StockTwits symbol: AMZN
status: 200
Fetching StockTwits symbol: META
status: 200
Fetching StockTwits symbol: GOOGL
status: 200
Fetching StockTwits symbol: GOOG
status: 200
Fetching StockTwits symbol: TSLA
status: 200
Fetching StockTwits symbol: AVGO
status: 200
Fetching StockTwits symbol: AMD
status: 200
Fetching StockTwits symbol: ORCL
status: 200
Fetching StockTwits symbol: ADBE
status: 200
Fetching StockTwits symbol: CRM
status: 200
Fetching StockTwits symbol: NFLX
status: 200
Fetching StockTwits symbol: INTC
status: 200
Fetching StockTwits symbol: QCOM
status: 200
Fetching StockTwits symbol: TXN
status: 200
Fetching StockTwits symbol: MU
status: 200
Fetching StockTwits symbol: AMAT
status: 200
Fetching StockTwits symbol: LRCX
status: 200
{'seen': 600, 'kept': 536, 'upserted': 4, 'modified': 532}
===== 5m rolling social counts =====
{"ok":true,"counts":{"StockTwits":553,"Bluesky":206,"Reddit":15},"rows":[{"_id":"StockTwits","count":553},{"_id":"Bluesky","count":206},{"_id":"Reddit","count":15}],"total":774,"window_minutes":5,"since_sec":1781227747,"now_sec":1781228047}

===== PUBLIC SOCIAL COLLECTOR RUN Thu Jun 11 19:35:07 MDT 2026 =====
--- Reddit public finance RSS ---
Fetching https://www.reddit.com/r/stocks/new/.rss
Fetching https://www.reddit.com/r/StockMarket/new/.rss
Failed StockMarket: 429 Client Error: Too Many Requests for url: https://www.reddit.com/r/StockMarket/new/.rss
Fetching https://www.reddit.com/r/investing/new/.rss
Failed investing: 429 Client Error: Too Many Requests for url: https://www.reddit.com/r/investing/new/.rss
Fetching https://www.reddit.com/r/SecurityAnalysis/new/.rss
Failed SecurityAnalysis: 429 Client Error: Too Many Requests for url: https://www.reddit.com/r/SecurityAnalysis/new/.rss
{'seen': 15, 'kept': 15, 'upserted': 0, 'modified': 15}
--- Bluesky public search API ---
Fetching Bluesky query: stocks
status: 200
Fetching Bluesky query: earnings
status: 200
Fetching Bluesky query: stock market
status: 200
Fetching Bluesky query: short squeeze
status: 200
Fetching Bluesky query: IPO
status: 200
Fetching Bluesky query: merger acquisition
status: 200
Fetching Bluesky query: FDA approval stock
status: 200
Fetching Bluesky query: SEC investigation stock
status: 200
Fetching Bluesky query: options trading
status: 200
Fetching Bluesky query: $AAPL
status: 200
Fetching Bluesky query: $TSLA
status: 403
<html><body><h1>403 Forbidden</h1>
Request forbidden by administrative rules.
</body></html>


Fetching Bluesky query: $NVDA
status: 403
<html><body><h1>403 Forbidden</h1>
Request forbidden by administrative rules.
</body></html>


Fetching Bluesky query: $AMD
status: 403
<html><body><h1>403 Forbidden</h1>
Request forbidden by administrative rules.
</body></html>


{'seen': 197, 'kept': 173, 'upserted': 5, 'modified': 168}
--- StockTwits public symbol streams ---
Fetching StockTwits symbol: AAPL
status: 200
Fetching StockTwits symbol: MSFT
status: 200
Fetching StockTwits symbol: NVDA
status: 200
Fetching StockTwits symbol: AMZN
status: 200
Fetching StockTwits symbol: META
status: 200
Fetching StockTwits symbol: GOOGL
status: 200
Fetching StockTwits symbol: GOOG
status: 200
Fetching StockTwits symbol: TSLA
status: 200
Fetching StockTwits symbol: AVGO
status: 200
Fetching StockTwits symbol: AMD
status: 200
Fetching StockTwits symbol: ORCL
status: 200
Fetching StockTwits symbol: ADBE
status: 200
Fetching StockTwits symbol: CRM
status: 200
Fetching StockTwits symbol: NFLX
status: 200
Fetching StockTwits symbol: INTC
status: 200
Fetching StockTwits symbol: QCOM
status: 200
Fetching StockTwits symbol: TXN
status: 200
Fetching StockTwits symbol: MU
status: 200
Fetching StockTwits symbol: AMAT
status: 200
Fetching StockTwits symbol: LRCX
status: 200
{'seen': 600, 'kept': 536, 'upserted': 3, 'modified': 533}
===== 5m rolling social counts =====
{"ok":true,"counts":{"StockTwits":554,"Bluesky":186,"Reddit":15},"rows":[{"_id":"StockTwits","count":554},{"_id":"Bluesky","count":186},{"_id":"Reddit","count":15}],"total":755,"window_minutes":5,"since_sec":1781227820,"now_sec":1781228120}

===== PUBLIC SOCIAL COLLECTOR RUN Thu Jun 11 19:36:20 MDT 2026 =====
--- Reddit public finance RSS ---
Fetching https://www.reddit.com/r/stocks/new/.rss
Fetching https://www.reddit.com/r/StockMarket/new/.rss
Failed StockMarket: 429 Client Error: Too Many Requests for url: https://www.reddit.com/r/StockMarket/new/.rss
Fetching https://www.reddit.com/r/investing/new/.rss
Failed investing: 429 Client Error: Too Many Requests for url: https://www.reddit.com/r/investing/new/.rss
Fetching https://www.reddit.com/r/SecurityAnalysis/new/.rss
Failed SecurityAnalysis: 429 Client Error: Too Many Requests for url: https://www.reddit.com/r/SecurityAnalysis/new/.rss
{'seen': 15, 'kept': 15, 'upserted': 0, 'modified': 15}
--- Bluesky public search API ---
Fetching Bluesky query: stocks
status: 200
Fetching Bluesky query: earnings
status: 200
Fetching Bluesky query: stock market
status: 200
Fetching Bluesky query: short squeeze
status: 200
Fetching Bluesky query: IPO
status: 200
Fetching Bluesky query: merger acquisition
status: 200
Fetching Bluesky query: FDA approval stock
status: 200
Fetching Bluesky query: SEC investigation stock
status: 200
Fetching Bluesky query: options trading
status: 200
Fetching Bluesky query: $AAPL
status: 200
Fetching Bluesky query: $TSLA
status: 403
<html><body><h1>403 Forbidden</h1>
Request forbidden by administrative rules.
</body></html>


Fetching Bluesky query: $NVDA
status: 403
<html><body><h1>403 Forbidden</h1>
Request forbidden by administrative rules.
</body></html>


Fetching Bluesky query: $AMD
status: 403
<html><body><h1>403 Forbidden</h1>
Request forbidden by administrative rules.
</body></html>


{'seen': 198, 'kept': 175, 'upserted': 6, 'modified': 169}
--- StockTwits public symbol streams ---
Fetching StockTwits symbol: AAPL
status: 200
Fetching StockTwits symbol: MSFT
status: 200
Fetching StockTwits symbol: NVDA
status: 200
Fetching StockTwits symbol: AMZN
status: 200
Fetching StockTwits symbol: META
status: 200
Fetching StockTwits symbol: GOOGL
status: 200
Fetching StockTwits symbol: GOOG
status: 200
Fetching StockTwits symbol: TSLA
status: 200
Fetching StockTwits symbol: AVGO
status: 200
Fetching StockTwits symbol: AMD
status: 200
Fetching StockTwits symbol: ORCL
status: 200
Fetching StockTwits symbol: ADBE
status: 200
Fetching StockTwits symbol: CRM
status: 200
Fetching StockTwits symbol: NFLX
status: 200
Fetching StockTwits symbol: INTC
status: 200
Fetching StockTwits symbol: QCOM
status: 200
Fetching StockTwits symbol: TXN
status: 200
Fetching StockTwits symbol: MU
status: 200
Fetching StockTwits symbol: AMAT
status: 200
Fetching StockTwits symbol: LRCX
status: 200
{'seen': 600, 'kept': 535, 'upserted': 3, 'modified': 532}
===== 5m rolling social counts =====
{"ok":true,"counts":{"StockTwits":553,"Bluesky":186,"Reddit":15},"rows":[{"_id":"StockTwits","count":553},{"_id":"Bluesky","count":186},{"_id":"Reddit","count":15}],"total":754,"window_minutes":5,"since_sec":1781227894,"now_sec":1781228194}

===== PUBLIC SOCIAL COLLECTOR RUN Thu Jun 11 19:37:34 MDT 2026 =====
--- Reddit public finance RSS ---
Fetching https://www.reddit.com/r/stocks/new/.rss
Fetching https://www.reddit.com/r/StockMarket/new/.rss
Failed StockMarket: 429 Client Error: Too Many Requests for url: https://www.reddit.com/r/StockMarket/new/.rss
Fetching https://www.reddit.com/r/investing/new/.rss
Failed investing: 429 Client Error: Too Many Requests for url: https://www.reddit.com/r/investing/new/.rss
Fetching https://www.reddit.com/r/SecurityAnalysis/new/.rss
Failed SecurityAnalysis: 429 Client Error: Too Many Requests for url: https://www.reddit.com/r/SecurityAnalysis/new/.rss
{'seen': 15, 'kept': 15, 'upserted': 0, 'modified': 15}
--- Bluesky public search API ---
Fetching Bluesky query: stocks
status: 200
Fetching Bluesky query: earnings
status: 200
Fetching Bluesky query: stock market
status: 200
Fetching Bluesky query: short squeeze
status: 200
Fetching Bluesky query: IPO
status: 200
Fetching Bluesky query: merger acquisition
status: 200
Fetching Bluesky query: FDA approval stock
status: 200
Fetching Bluesky query: SEC investigation stock
status: 200
Fetching Bluesky query: options trading
status: 200
Fetching Bluesky query: $AAPL
status: 200
Fetching Bluesky query: $TSLA
status: 403
<html><body><h1>403 Forbidden</h1>
Request forbidden by administrative rules.
</body></html>


Fetching Bluesky query: $NVDA
status: 403
<html><body><h1>403 Forbidden</h1>
Request forbidden by administrative rules.
</body></html>


Fetching Bluesky query: $AMD
status: 403
<html><body><h1>403 Forbidden</h1>
Request forbidden by administrative rules.
</body></html>


{'seen': 198, 'kept': 175, 'upserted': 2, 'modified': 173}
--- StockTwits public symbol streams ---
Fetching StockTwits symbol: AAPL
status: 200
Fetching StockTwits symbol: MSFT
status: 200
Fetching StockTwits symbol: NVDA
status: 200
Fetching StockTwits symbol: AMZN
status: 200
Fetching StockTwits symbol: META
status: 200
Fetching StockTwits symbol: GOOGL
status: 200
Fetching StockTwits symbol: GOOG
status: 200
Fetching StockTwits symbol: TSLA
status: 200
Fetching StockTwits symbol: AVGO
status: 200
Fetching StockTwits symbol: AMD
status: 200
Fetching StockTwits symbol: ORCL
status: 200
Fetching StockTwits symbol: ADBE
status: 200
Fetching StockTwits symbol: CRM
status: 200
Fetching StockTwits symbol: NFLX
status: 200
Fetching StockTwits symbol: INTC
status: 200
Fetching StockTwits symbol: QCOM
status: 200
Fetching StockTwits symbol: TXN
status: 200
Fetching StockTwits symbol: MU
status: 200
Fetching StockTwits symbol: AMAT
status: 200
Fetching StockTwits symbol: LRCX
status: 200
{'seen': 600, 'kept': 534, 'upserted': 1, 'modified': 533}
===== 5m rolling social counts =====
{"ok":true,"counts":{"StockTwits":549,"Bluesky":186,"Reddit":15},"rows":[{"_id":"StockTwits","count":549},{"_id":"Bluesky","count":186},{"_id":"Reddit","count":15}],"total":750,"window_minutes":5,"since_sec":1781227967,"now_sec":1781228268}

===== PUBLIC SOCIAL COLLECTOR RUN Thu Jun 11 19:38:48 MDT 2026 =====
--- Reddit public finance RSS ---
Fetching https://www.reddit.com/r/stocks/new/.rss
Fetching https://www.reddit.com/r/StockMarket/new/.rss
Failed StockMarket: 429 Client Error: Too Many Requests for url: https://www.reddit.com/r/StockMarket/new/.rss
Fetching https://www.reddit.com/r/investing/new/.rss
Failed investing: 429 Client Error: Too Many Requests for url: https://www.reddit.com/r/investing/new/.rss
Fetching https://www.reddit.com/r/SecurityAnalysis/new/.rss
Failed SecurityAnalysis: 429 Client Error: Too Many Requests for url: https://www.reddit.com/r/SecurityAnalysis/new/.rss
{'seen': 15, 'kept': 15, 'upserted': 0, 'modified': 15}
--- Bluesky public search API ---
Fetching Bluesky query: stocks
status: 200
Fetching Bluesky query: earnings
status: 200
Fetching Bluesky query: stock market
status: 200
Fetching Bluesky query: short squeeze
status: 200
Fetching Bluesky query: IPO
status: 200
Fetching Bluesky query: merger acquisition
status: 200
Fetching Bluesky query: FDA approval stock
status: 200
Fetching Bluesky query: SEC investigation stock
status: 200
Fetching Bluesky query: options trading
status: 200
Fetching Bluesky query: $AAPL
status: 200
Fetching Bluesky query: $TSLA
status: 403
<html><body><h1>403 Forbidden</h1>
Request forbidden by administrative rules.
</body></html>


Fetching Bluesky query: $NVDA
status: 403
<html><body><h1>403 Forbidden</h1>
Request forbidden by administrative rules.
</body></html>


Fetching Bluesky query: $AMD
status: 403
<html><body><h1>403 Forbidden</h1>
Request forbidden by administrative rules.
</body></html>


{'seen': 199, 'kept': 176, 'upserted': 1, 'modified': 175}
--- StockTwits public symbol streams ---
Fetching StockTwits symbol: AAPL
status: 200
Fetching StockTwits symbol: MSFT
status: 200
Fetching StockTwits symbol: NVDA
status: 200
Fetching StockTwits symbol: AMZN
status: 200
Fetching StockTwits symbol: META
status: 200
Fetching StockTwits symbol: GOOGL
status: 200
Fetching StockTwits symbol: GOOG
status: 200
Fetching StockTwits symbol: TSLA
status: 200
Fetching StockTwits symbol: AVGO
status: 200
Fetching StockTwits symbol: AMD
status: 200
Fetching StockTwits symbol: ORCL
status: 200
Fetching StockTwits symbol: ADBE
status: 200
Fetching StockTwits symbol: CRM
status: 200
Fetching StockTwits symbol: NFLX
status: 200
Fetching StockTwits symbol: INTC
status: 200
Fetching StockTwits symbol: QCOM
status: 200
Fetching StockTwits symbol: TXN
status: 200
Fetching StockTwits symbol: MU
status: 200
Fetching StockTwits symbol: AMAT
status: 200
Fetching StockTwits symbol: LRCX
status: 200
{'seen': 600, 'kept': 535, 'upserted': 3, 'modified': 532}
===== 5m rolling social counts =====
{"ok":true,"counts":{"StockTwits":543,"Bluesky":182,"Reddit":15},"rows":[{"_id":"StockTwits","count":543},{"_id":"Bluesky","count":182},{"_id":"Reddit","count":15}],"total":740,"window_minutes":5,"since_sec":1781228046,"now_sec":1781228347}

===== PUBLIC SOCIAL COLLECTOR RUN Thu Jun 11 19:40:07 MDT 2026 =====
--- Reddit public finance RSS ---
Fetching https://www.reddit.com/r/stocks/new/.rss
Fetching https://www.reddit.com/r/StockMarket/new/.rss
Failed StockMarket: 429 Client Error: Too Many Requests for url: https://www.reddit.com/r/StockMarket/new/.rss
Fetching https://www.reddit.com/r/investing/new/.rss
Failed investing: 429 Client Error: Too Many Requests for url: https://www.reddit.com/r/investing/new/.rss
Fetching https://www.reddit.com/r/SecurityAnalysis/new/.rss
Failed SecurityAnalysis: 429 Client Error: Too Many Requests for url: https://www.reddit.com/r/SecurityAnalysis/new/.rss
{'seen': 15, 'kept': 15, 'upserted': 0, 'modified': 15}
--- Bluesky public search API ---
Fetching Bluesky query: stocks
status: 200
Fetching Bluesky query: earnings
status: 200
Fetching Bluesky query: stock market
status: 200
Fetching Bluesky query: short squeeze
status: 200
Fetching Bluesky query: IPO
status: 200
Fetching Bluesky query: merger acquisition
status: 200
Fetching Bluesky query: FDA approval stock
status: 200
Fetching Bluesky query: SEC investigation stock
status: 200
Fetching Bluesky query: options trading
status: 200
Fetching Bluesky query: $AAPL
status: 200
Fetching Bluesky query: $TSLA
status: 403
<html><body><h1>403 Forbidden</h1>
Request forbidden by administrative rules.
</body></html>


Fetching Bluesky query: $NVDA
status: 403
<html><body><h1>403 Forbidden</h1>
Request forbidden by administrative rules.
</body></html>


Fetching Bluesky query: $AMD
status: 403
<html><body><h1>403 Forbidden</h1>
Request forbidden by administrative rules.
</body></html>


{'seen': 199, 'kept': 176, 'upserted': 6, 'modified': 170}
--- StockTwits public symbol streams ---
Fetching StockTwits symbol: AAPL
status: 200
Fetching StockTwits symbol: MSFT
status: 200
Fetching StockTwits symbol: NVDA
status: 200
Fetching StockTwits symbol: AMZN
status: 200
Fetching StockTwits symbol: META
status: 200
Fetching StockTwits symbol: GOOGL
status: 200
Fetching StockTwits symbol: GOOG
status: 200
Fetching StockTwits symbol: TSLA
status: 200
Fetching StockTwits symbol: AVGO
status: 200
Fetching StockTwits symbol: AMD
status: 200
Fetching StockTwits symbol: ORCL
status: 200
Fetching StockTwits symbol: ADBE
status: 200
Fetching StockTwits symbol: CRM
status: 200
Fetching StockTwits symbol: NFLX
status: 200
Fetching StockTwits symbol: INTC
status: 200
Fetching StockTwits symbol: QCOM
status: 200
Fetching StockTwits symbol: TXN
status: 200
Fetching StockTwits symbol: MU
status: 200
Fetching StockTwits symbol: AMAT
status: 200
Fetching StockTwits symbol: LRCX
status: 200
{'seen': 600, 'kept': 535, 'upserted': 6, 'modified': 529}
===== 5m rolling social counts =====
{"ok":true,"counts":{"StockTwits":545,"Bluesky":184,"Reddit":15},"rows":[{"_id":"StockTwits","count":545},{"_id":"Bluesky","count":184},{"_id":"Reddit","count":15}],"total":744,"window_minutes":5,"since_sec":1781228123,"now_sec":1781228423}

===== PUBLIC SOCIAL COLLECTOR RUN Thu Jun 11 19:41:23 MDT 2026 =====
--- Reddit public finance RSS ---
Fetching https://www.reddit.com/r/stocks/new/.rss
Fetching https://www.reddit.com/r/StockMarket/new/.rss
Failed StockMarket: 429 Client Error: Too Many Requests for url: https://www.reddit.com/r/StockMarket/new/.rss
Fetching https://www.reddit.com/r/investing/new/.rss
Failed investing: 429 Client Error: Too Many Requests for url: https://www.reddit.com/r/investing/new/.rss
Fetching https://www.reddit.com/r/SecurityAnalysis/new/.rss
Failed SecurityAnalysis: 429 Client Error: Too Many Requests for url: https://www.reddit.com/r/SecurityAnalysis/new/.rss
{'seen': 15, 'kept': 15, 'upserted': 0, 'modified': 15}
--- Bluesky public search API ---
Fetching Bluesky query: stocks
status: 200
Fetching Bluesky query: earnings
status: 200
Fetching Bluesky query: stock market
status: 200
Fetching Bluesky query: short squeeze
status: 200
Fetching Bluesky query: IPO
status: 200
Fetching Bluesky query: merger acquisition
status: 200
Fetching Bluesky query: FDA approval stock
status: 200
Fetching Bluesky query: SEC investigation stock
status: 200
Fetching Bluesky query: options trading
status: 200
Fetching Bluesky query: $AAPL
status: 200
Fetching Bluesky query: $TSLA
status: 403
<html><body><h1>403 Forbidden</h1>
Request forbidden by administrative rules.
</body></html>


Fetching Bluesky query: $NVDA
status: 403
<html><body><h1>403 Forbidden</h1>
Request forbidden by administrative rules.
</body></html>


Fetching Bluesky query: $AMD
status: 403
<html><body><h1>403 Forbidden</h1>
Request forbidden by administrative rules.
</body></html>


{'seen': 199, 'kept': 178, 'upserted': 9, 'modified': 169}
--- StockTwits public symbol streams ---
Fetching StockTwits symbol: AAPL
status: 200
Fetching StockTwits symbol: MSFT
status: 200
Fetching StockTwits symbol: NVDA
status: 200
Fetching StockTwits symbol: AMZN
status: 200
Fetching StockTwits symbol: META
status: 200
Fetching StockTwits symbol: GOOGL
status: 200
Fetching StockTwits symbol: GOOG
status: 200
Fetching StockTwits symbol: TSLA
status: 200
Fetching StockTwits symbol: AVGO
status: 200
Fetching StockTwits symbol: AMD
status: 200
Fetching StockTwits symbol: ORCL
status: 200
Fetching StockTwits symbol: ADBE
status: 200
Fetching StockTwits symbol: CRM
status: 200
Fetching StockTwits symbol: NFLX
status: 200
Fetching StockTwits symbol: INTC
status: 200
Fetching StockTwits symbol: QCOM
status: 200
Fetching StockTwits symbol: TXN
status: 200
Fetching StockTwits symbol: MU
status: 200
Fetching StockTwits symbol: AMAT
status: 200
Fetching StockTwits symbol: LRCX
status: 200
{'seen': 600, 'kept': 535, 'upserted': 1, 'modified': 534}
===== 5m rolling social counts =====
{"ok":true,"counts":{"StockTwits":544,"Bluesky":191,"Reddit":15},"rows":[{"_id":"StockTwits","count":544},{"_id":"Bluesky","count":191},{"_id":"Reddit","count":15}],"total":750,"window_minutes":5,"since_sec":1781228195,"now_sec":1781228495}

===== PUBLIC SOCIAL COLLECTOR RUN Thu Jun 11 19:42:35 MDT 2026 =====
--- Reddit public finance RSS ---
Fetching https://www.reddit.com/r/stocks/new/.rss
Fetching https://www.reddit.com/r/StockMarket/new/.rss
Failed StockMarket: 429 Client Error: Too Many Requests for url: https://www.reddit.com/r/StockMarket/new/.rss
Fetching https://www.reddit.com/r/investing/new/.rss
Failed investing: 429 Client Error: Too Many Requests for url: https://www.reddit.com/r/investing/new/.rss
Fetching https://www.reddit.com/r/SecurityAnalysis/new/.rss
Failed SecurityAnalysis: 429 Client Error: Too Many Requests for url: https://www.reddit.com/r/SecurityAnalysis/new/.rss
{'seen': 15, 'kept': 15, 'upserted': 0, 'modified': 15}
--- Bluesky public search API ---
Fetching Bluesky query: stocks
status: 200
Fetching Bluesky query: earnings
status: 200
Fetching Bluesky query: stock market
status: 200
Fetching Bluesky query: short squeeze
status: 200
Fetching Bluesky query: IPO
status: 200
Fetching Bluesky query: merger acquisition
status: 200
Fetching Bluesky query: FDA approval stock
status: 200
Fetching Bluesky query: SEC investigation stock
status: 200
Fetching Bluesky query: options trading
status: 200
Fetching Bluesky query: $AAPL
status: 200
Fetching Bluesky query: $TSLA
status: 403
<html><body><h1>403 Forbidden</h1>
Request forbidden by administrative rules.
</body></html>


Fetching Bluesky query: $NVDA
status: 403
<html><body><h1>403 Forbidden</h1>
Request forbidden by administrative rules.
</body></html>


Fetching Bluesky query: $AMD
status: 403
<html><body><h1>403 Forbidden</h1>
Request forbidden by administrative rules.
</body></html>


{'seen': 199, 'kept': 178, 'upserted': 2, 'modified': 176}
--- StockTwits public symbol streams ---
Fetching StockTwits symbol: AAPL
status: 200
Fetching StockTwits symbol: MSFT
status: 200
Fetching StockTwits symbol: NVDA
status: 200
Fetching StockTwits symbol: AMZN
status: 200
Fetching StockTwits symbol: META
status: 200
Fetching StockTwits symbol: GOOGL
status: 200
Fetching StockTwits symbol: GOOG
status: 200
Fetching StockTwits symbol: TSLA
status: 200
Fetching StockTwits symbol: AVGO
status: 200
Fetching StockTwits symbol: AMD
status: 200
Fetching StockTwits symbol: ORCL
status: 200
Fetching StockTwits symbol: ADBE
status: 200
Fetching StockTwits symbol: CRM
status: 200
Fetching StockTwits symbol: NFLX
status: 200
Fetching StockTwits symbol: INTC
status: 200
Fetching StockTwits symbol: QCOM
status: 200
Fetching StockTwits symbol: TXN
status: 200
Fetching StockTwits symbol: MU
status: 200
Fetching StockTwits symbol: AMAT
status: 200
Fetching StockTwits symbol: LRCX
status: 200
{'seen': 600, 'kept': 535, 'upserted': 2, 'modified': 533}
===== 5m rolling social counts =====
{"ok":true,"counts":{"StockTwits":544,"Bluesky":193,"Reddit":15},"rows":[{"_id":"StockTwits","count":544},{"_id":"Bluesky","count":193},{"_id":"Reddit","count":15}],"total":752,"window_minutes":5,"since_sec":1781228268,"now_sec":1781228568}

===== PUBLIC SOCIAL COLLECTOR RUN Thu Jun 11 19:43:48 MDT 2026 =====
--- Reddit public finance RSS ---
Fetching https://www.reddit.com/r/stocks/new/.rss
Fetching https://www.reddit.com/r/StockMarket/new/.rss
Failed StockMarket: 429 Client Error: Too Many Requests for url: https://www.reddit.com/r/StockMarket/new/.rss
Fetching https://www.reddit.com/r/investing/new/.rss
Failed investing: 429 Client Error: Too Many Requests for url: https://www.reddit.com/r/investing/new/.rss
Fetching https://www.reddit.com/r/SecurityAnalysis/new/.rss
Failed SecurityAnalysis: 429 Client Error: Too Many Requests for url: https://www.reddit.com/r/SecurityAnalysis/new/.rss
{'seen': 15, 'kept': 15, 'upserted': 0, 'modified': 15}
--- Bluesky public search API ---
Fetching Bluesky query: stocks
status: 200
Fetching Bluesky query: earnings
status: 200
Fetching Bluesky query: stock market
status: 200
Fetching Bluesky query: short squeeze
status: 200
Fetching Bluesky query: IPO
status: 200
Fetching Bluesky query: merger acquisition
status: 200
Fetching Bluesky query: FDA approval stock
status: 200
Fetching Bluesky query: SEC investigation stock
status: 200
Fetching Bluesky query: options trading
status: 200
Fetching Bluesky query: $AAPL
status: 200
Fetching Bluesky query: $TSLA
status: 403
<html><body><h1>403 Forbidden</h1>
Request forbidden by administrative rules.
</body></html>


Fetching Bluesky query: $NVDA
status: 403
<html><body><h1>403 Forbidden</h1>
Request forbidden by administrative rules.
</body></html>


Fetching Bluesky query: $AMD
status: 403
<html><body><h1>403 Forbidden</h1>
Request forbidden by administrative rules.
</body></html>


{'seen': 199, 'kept': 178, 'upserted': 2, 'modified': 176}
--- StockTwits public symbol streams ---
Fetching StockTwits symbol: AAPL
status: 200
Fetching StockTwits symbol: MSFT
status: 200
Fetching StockTwits symbol: NVDA
status: 200
Fetching StockTwits symbol: AMZN
status: 200
Fetching StockTwits symbol: META
status: 200
Fetching StockTwits symbol: GOOGL
status: 200
Fetching StockTwits symbol: GOOG
status: 200
Fetching StockTwits symbol: TSLA
status: 200
Fetching StockTwits symbol: AVGO
status: 200
Fetching StockTwits symbol: AMD
status: 200
Fetching StockTwits symbol: ORCL
status: 200
Fetching StockTwits symbol: ADBE
status: 200
Fetching StockTwits symbol: CRM
status: 200
Fetching StockTwits symbol: NFLX
status: 200
Fetching StockTwits symbol: INTC
status: 200
Fetching StockTwits symbol: QCOM
status: 200
Fetching StockTwits symbol: TXN
status: 200
Fetching StockTwits symbol: MU
status: 200
Fetching StockTwits symbol: AMAT
status: 200
Fetching StockTwits symbol: LRCX
status: 200
{'seen': 600, 'kept': 535, 'upserted': 1, 'modified': 534}
===== 5m rolling social counts =====
{"ok":true,"counts":{"StockTwits":543,"Bluesky":189,"Reddit":15},"rows":[{"_id":"StockTwits","count":543},{"_id":"Bluesky","count":189},{"_id":"Reddit","count":15}],"total":747,"window_minutes":5,"since_sec":1781228342,"now_sec":1781228642}

===== PUBLIC SOCIAL COLLECTOR RUN Thu Jun 11 19:45:02 MDT 2026 =====
--- Reddit public finance RSS ---
Fetching https://www.reddit.com/r/stocks/new/.rss
Fetching https://www.reddit.com/r/StockMarket/new/.rss
Failed StockMarket: 429 Client Error: Too Many Requests for url: https://www.reddit.com/r/StockMarket/new/.rss
Fetching https://www.reddit.com/r/investing/new/.rss
Failed investing: 429 Client Error: Too Many Requests for url: https://www.reddit.com/r/investing/new/.rss
Fetching https://www.reddit.com/r/SecurityAnalysis/new/.rss
Failed SecurityAnalysis: 429 Client Error: Too Many Requests for url: https://www.reddit.com/r/SecurityAnalysis/new/.rss
{'seen': 15, 'kept': 15, 'upserted': 0, 'modified': 15}
--- Bluesky public search API ---
Fetching Bluesky query: stocks
status: 200
Fetching Bluesky query: earnings
status: 200
Fetching Bluesky query: stock market
status: 200
Fetching Bluesky query: short squeeze
status: 200
Fetching Bluesky query: IPO
status: 200
Fetching Bluesky query: merger acquisition
status: 200
Fetching Bluesky query: FDA approval stock
status: 200
Fetching Bluesky query: SEC investigation stock
status: 200
Fetching Bluesky query: options trading
status: 200
Fetching Bluesky query: $AAPL
status: 200
Fetching Bluesky query: $TSLA
status: 403
<html><body><h1>403 Forbidden</h1>
Request forbidden by administrative rules.
</body></html>


Fetching Bluesky query: $NVDA
status: 403
<html><body><h1>403 Forbidden</h1>
Request forbidden by administrative rules.
</body></html>


Fetching Bluesky query: $AMD
status: 403
<html><body><h1>403 Forbidden</h1>
Request forbidden by administrative rules.
</body></html>


{'seen': 199, 'kept': 178, 'upserted': 3, 'modified': 175}
--- StockTwits public symbol streams ---
Fetching StockTwits symbol: AAPL
status: 200
Fetching StockTwits symbol: MSFT
status: 200
Fetching StockTwits symbol: NVDA
status: 200
Fetching StockTwits symbol: AMZN
status: 200
Fetching StockTwits symbol: META
status: 200
Fetching StockTwits symbol: GOOGL
status: 200
Fetching StockTwits symbol: GOOG
status: 200
Fetching StockTwits symbol: TSLA
status: 200
Fetching StockTwits symbol: AVGO
status: 200
Fetching StockTwits symbol: AMD
status: 200
Fetching StockTwits symbol: ORCL
status: 200
Fetching StockTwits symbol: ADBE
status: 200
Fetching StockTwits symbol: CRM
status: 200
Fetching StockTwits symbol: NFLX
status: 200
Fetching StockTwits symbol: INTC
status: 200
Fetching StockTwits symbol: QCOM
status: 200
Fetching StockTwits symbol: TXN
status: 200
Fetching StockTwits symbol: MU
status: 200
Fetching StockTwits symbol: AMAT
status: 200
Fetching StockTwits symbol: LRCX
status: 200
{'seen': 600, 'kept': 536, 'upserted': 1, 'modified': 535}
===== 5m rolling social counts =====
{"ok":true,"counts":{"StockTwits":540,"Bluesky":185,"Reddit":15},"rows":[{"_id":"StockTwits","count":540},{"_id":"Bluesky","count":185},{"_id":"Reddit","count":15}],"total":740,"window_minutes":5,"since_sec":1781228416,"now_sec":1781228716}

===== PUBLIC SOCIAL COLLECTOR RUN Thu Jun 11 19:46:16 MDT 2026 =====
--- Reddit public finance RSS ---
Fetching https://www.reddit.com/r/stocks/new/.rss
Fetching https://www.reddit.com/r/StockMarket/new/.rss
Failed StockMarket: 429 Client Error: Too Many Requests for url: https://www.reddit.com/r/StockMarket/new/.rss
Fetching https://www.reddit.com/r/investing/new/.rss
Failed investing: 429 Client Error: Too Many Requests for url: https://www.reddit.com/r/investing/new/.rss
Fetching https://www.reddit.com/r/SecurityAnalysis/new/.rss
Failed SecurityAnalysis: 429 Client Error: Too Many Requests for url: https://www.reddit.com/r/SecurityAnalysis/new/.rss
{'seen': 15, 'kept': 15, 'upserted': 0, 'modified': 15}
--- Bluesky public search API ---
Fetching Bluesky query: stocks
status: 200
Fetching Bluesky query: earnings
status: 200
Fetching Bluesky query: stock market
status: 200
Fetching Bluesky query: short squeeze
status: 200
Fetching Bluesky query: IPO
status: 200
Fetching Bluesky query: merger acquisition
status: 200
Fetching Bluesky query: FDA approval stock
status: 200
Fetching Bluesky query: SEC investigation stock
status: 200
Fetching Bluesky query: options trading
status: 200
Fetching Bluesky query: $AAPL
status: 200
Fetching Bluesky query: $TSLA
status: 403
<html><body><h1>403 Forbidden</h1>
Request forbidden by administrative rules.
</body></html>


Fetching Bluesky query: $NVDA
status: 403
<html><body><h1>403 Forbidden</h1>
Request forbidden by administrative rules.
</body></html>


Fetching Bluesky query: $AMD
status: 403
<html><body><h1>403 Forbidden</h1>
Request forbidden by administrative rules.
</body></html>


{'seen': 199, 'kept': 178, 'upserted': 2, 'modified': 176}
--- StockTwits public symbol streams ---
Fetching StockTwits symbol: AAPL
status: 200
Fetching StockTwits symbol: MSFT
status: 200
Fetching StockTwits symbol: NVDA
status: 200
Fetching StockTwits symbol: AMZN
status: 200
Fetching StockTwits symbol: META
status: 200
Fetching StockTwits symbol: GOOGL
status: 200
Fetching StockTwits symbol: GOOG
status: 200
Fetching StockTwits symbol: TSLA
status: 200
Fetching StockTwits symbol: AVGO
status: 200
Fetching StockTwits symbol: AMD
status: 200
Fetching StockTwits symbol: ORCL
status: 200
Fetching StockTwits symbol: ADBE
status: 200
Fetching StockTwits symbol: CRM
status: 200
Fetching StockTwits symbol: NFLX
status: 200
Fetching StockTwits symbol: INTC
status: 200
Fetching StockTwits symbol: QCOM
status: 200
Fetching StockTwits symbol: TXN
status: 200
Fetching StockTwits symbol: MU
status: 200
Fetching StockTwits symbol: AMAT
status: 200
Fetching StockTwits symbol: LRCX
status: 200
{'seen': 600, 'kept': 536, 'upserted': 1, 'modified': 535}
===== 5m rolling social counts =====
{"ok":true,"counts":{"StockTwits":540,"Bluesky":185,"Reddit":15},"rows":[{"_id":"StockTwits","count":540},{"_id":"Bluesky","count":185},{"_id":"Reddit","count":15}],"total":740,"window_minutes":5,"since_sec":1781228490,"now_sec":1781228791}

===== PUBLIC SOCIAL COLLECTOR RUN Thu Jun 11 19:47:31 MDT 2026 =====
--- Reddit public finance RSS ---
Fetching https://www.reddit.com/r/stocks/new/.rss
Fetching https://www.reddit.com/r/StockMarket/new/.rss
Failed StockMarket: 429 Client Error: Too Many Requests for url: https://www.reddit.com/r/StockMarket/new/.rss
Fetching https://www.reddit.com/r/investing/new/.rss
Failed investing: 429 Client Error: Too Many Requests for url: https://www.reddit.com/r/investing/new/.rss
Fetching https://www.reddit.com/r/SecurityAnalysis/new/.rss
Failed SecurityAnalysis: 429 Client Error: Too Many Requests for url: https://www.reddit.com/r/SecurityAnalysis/new/.rss
{'seen': 15, 'kept': 15, 'upserted': 0, 'modified': 15}
--- Bluesky public search API ---
Fetching Bluesky query: stocks
status: 200
Fetching Bluesky query: earnings
status: 200
Fetching Bluesky query: stock market
status: 200
Fetching Bluesky query: short squeeze
status: 200
Fetching Bluesky query: IPO
status: 200
Fetching Bluesky query: merger acquisition
status: 200
Fetching Bluesky query: FDA approval stock
status: 200
Fetching Bluesky query: SEC investigation stock
status: 200
Fetching Bluesky query: options trading
status: 200
Fetching Bluesky query: $AAPL
status: 200
Fetching Bluesky query: $TSLA
status: 403
<html><body><h1>403 Forbidden</h1>
Request forbidden by administrative rules.
</body></html>


Fetching Bluesky query: $NVDA
status: 403
<html><body><h1>403 Forbidden</h1>
Request forbidden by administrative rules.
</body></html>


Fetching Bluesky query: $AMD
status: 403
<html><body><h1>403 Forbidden</h1>
Request forbidden by administrative rules.
</body></html>


{'seen': 199, 'kept': 178, 'upserted': 3, 'modified': 175}
--- StockTwits public symbol streams ---
Fetching StockTwits symbol: AAPL
status: 200
Fetching StockTwits symbol: MSFT
status: 200
Fetching StockTwits symbol: NVDA
status: 200
Fetching StockTwits symbol: AMZN
status: 200
Fetching StockTwits symbol: META
status: 200
Fetching StockTwits symbol: GOOGL
status: 200
Fetching StockTwits symbol: GOOG
status: 200
Fetching StockTwits symbol: TSLA
status: 200
Fetching StockTwits symbol: AVGO
status: 200
Fetching StockTwits symbol: AMD
status: 200
Fetching StockTwits symbol: ORCL
status: 200
Fetching StockTwits symbol: ADBE
status: 200
Fetching StockTwits symbol: CRM
status: 200
Fetching StockTwits symbol: NFLX
status: 200
Fetching StockTwits symbol: INTC
status: 200
Fetching StockTwits symbol: QCOM
status: 200
Fetching StockTwits symbol: TXN
status: 200
Fetching StockTwits symbol: MU
status: 200
Fetching StockTwits symbol: AMAT
status: 200
Fetching StockTwits symbol: LRCX
status: 200
{'seen': 600, 'kept': 536, 'upserted': 1, 'modified': 535}
===== 5m rolling social counts =====
{"ok":true,"counts":{"StockTwits":539,"Bluesky":186,"Reddit":15},"rows":[{"_id":"StockTwits","count":539},{"_id":"Bluesky","count":186},{"_id":"Reddit","count":15}],"total":740,"window_minutes":5,"since_sec":1781228563,"now_sec":1781228864}

===== PUBLIC SOCIAL COLLECTOR RUN Thu Jun 11 19:48:44 MDT 2026 =====
--- Reddit public finance RSS ---
Fetching https://www.reddit.com/r/stocks/new/.rss
Fetching https://www.reddit.com/r/StockMarket/new/.rss
Failed StockMarket: 429 Client Error: Too Many Requests for url: https://www.reddit.com/r/StockMarket/new/.rss
Fetching https://www.reddit.com/r/investing/new/.rss
Failed investing: 429 Client Error: Too Many Requests for url: https://www.reddit.com/r/investing/new/.rss
Fetching https://www.reddit.com/r/SecurityAnalysis/new/.rss
Failed SecurityAnalysis: 429 Client Error: Too Many Requests for url: https://www.reddit.com/r/SecurityAnalysis/new/.rss
{'seen': 15, 'kept': 15, 'upserted': 2, 'modified': 13}
--- Bluesky public search API ---
Fetching Bluesky query: stocks
status: 200
Fetching Bluesky query: earnings
status: 200
Fetching Bluesky query: stock market
status: 200
Fetching Bluesky query: short squeeze
status: 200
Fetching Bluesky query: IPO
status: 200
Fetching Bluesky query: merger acquisition
status: 200
Fetching Bluesky query: FDA approval stock
status: 200
Fetching Bluesky query: SEC investigation stock
status: 200
Fetching Bluesky query: options trading
status: 200
Fetching Bluesky query: $AAPL
status: 200
Fetching Bluesky query: $TSLA
status: 403
<html><body><h1>403 Forbidden</h1>
Request forbidden by administrative rules.
</body></html>


Fetching Bluesky query: $NVDA
status: 403
<html><body><h1>403 Forbidden</h1>
Request forbidden by administrative rules.
</body></html>


Fetching Bluesky query: $AMD
status: 403
<html><body><h1>403 Forbidden</h1>
Request forbidden by administrative rules.
</body></html>


{'seen': 199, 'kept': 178, 'upserted': 2, 'modified': 176}
--- StockTwits public symbol streams ---
Fetching StockTwits symbol: AAPL
status: 200
Fetching StockTwits symbol: MSFT
status: 200
Fetching StockTwits symbol: NVDA
status: 200
Fetching StockTwits symbol: AMZN
status: 200
Fetching StockTwits symbol: META
status: 200
Fetching StockTwits symbol: GOOGL
status: 200
Fetching StockTwits symbol: GOOG
status: 200
Fetching StockTwits symbol: TSLA
status: 200
Fetching StockTwits symbol: AVGO
status: 200
Fetching StockTwits symbol: AMD
status: 200
Fetching StockTwits symbol: ORCL
status: 200
Fetching StockTwits symbol: ADBE
status: 200
Fetching StockTwits symbol: CRM
status: 200
Fetching StockTwits symbol: NFLX
status: 200
Fetching StockTwits symbol: INTC
status: 200
Fetching StockTwits symbol: QCOM
status: 200
Fetching StockTwits symbol: TXN
status: 200
Fetching StockTwits symbol: MU
status: 200
Fetching StockTwits symbol: AMAT
status: 200
Fetching StockTwits symbol: LRCX
status: 200
{'seen': 600, 'kept': 536, 'upserted': 0, 'modified': 536}
===== 5m rolling social counts =====
{"ok":true,"counts":{"StockTwits":538,"Bluesky":185,"Reddit":17},"rows":[{"_id":"StockTwits","count":538},{"_id":"Bluesky","count":185},{"_id":"Reddit","count":17}],"total":740,"window_minutes":5,"since_sec":1781228637,"now_sec":1781228937}

===== PUBLIC SOCIAL COLLECTOR RUN Thu Jun 11 19:49:57 MDT 2026 =====
--- Reddit public finance RSS ---
Fetching https://www.reddit.com/r/stocks/new/.rss
Fetching https://www.reddit.com/r/StockMarket/new/.rss
Failed StockMarket: 429 Client Error: Too Many Requests for url: https://www.reddit.com/r/StockMarket/new/.rss
Fetching https://www.reddit.com/r/investing/new/.rss
Failed investing: 429 Client Error: Too Many Requests for url: https://www.reddit.com/r/investing/new/.rss
Fetching https://www.reddit.com/r/SecurityAnalysis/new/.rss
Failed SecurityAnalysis: 429 Client Error: Too Many Requests for url: https://www.reddit.com/r/SecurityAnalysis/new/.rss
{'seen': 15, 'kept': 15, 'upserted': 0, 'modified': 15}
--- Bluesky public search API ---
Fetching Bluesky query: stocks
status: 200
Fetching Bluesky query: earnings
status: 200
Fetching Bluesky query: stock market
status: 200
Fetching Bluesky query: short squeeze
status: 200
Fetching Bluesky query: IPO
status: 200
Fetching Bluesky query: merger acquisition
status: 200
Fetching Bluesky query: FDA approval stock
status: 200
Fetching Bluesky query: SEC investigation stock
status: 200
Fetching Bluesky query: options trading
status: 200
Fetching Bluesky query: $AAPL
status: 200
Fetching Bluesky query: $TSLA
status: 200
Fetching Bluesky query: $NVDA
status: 403
<html><body><h1>403 Forbidden</h1>
Request forbidden by administrative rules.
</body></html>


Fetching Bluesky query: $AMD
status: 403
<html><body><h1>403 Forbidden</h1>
Request forbidden by administrative rules.
</body></html>


{'seen': 219, 'kept': 194, 'upserted': 3, 'modified': 191}
--- StockTwits public symbol streams ---
Fetching StockTwits symbol: AAPL
status: 200
Fetching StockTwits symbol: MSFT
status: 200
Fetching StockTwits symbol: NVDA
status: 200
Fetching StockTwits symbol: AMZN
status: 200
Fetching StockTwits symbol: META
status: 200
Fetching StockTwits symbol: GOOGL
status: 200
Fetching StockTwits symbol: GOOG
status: 200
Fetching StockTwits symbol: TSLA
status: 200
Fetching StockTwits symbol: AVGO
status: 200
Fetching StockTwits symbol: AMD
status: 200
Fetching StockTwits symbol: ORCL
status: 200
Fetching StockTwits symbol: ADBE
status: 200
Fetching StockTwits symbol: CRM
status: 200
Fetching StockTwits symbol: NFLX
status: 200
Fetching StockTwits symbol: INTC
status: 200
Fetching StockTwits symbol: QCOM
status: 200
Fetching StockTwits symbol: TXN
status: 200
Fetching StockTwits symbol: MU
status: 200
Fetching StockTwits symbol: AMAT
status: 200
Fetching StockTwits symbol: LRCX
status: 200
{'seen': 600, 'kept': 535, 'upserted': 4, 'modified': 531}
===== 5m rolling social counts =====
{"ok":true,"counts":{"StockTwits":541,"Bluesky":202,"Reddit":17},"rows":[{"_id":"StockTwits","count":541},{"_id":"Bluesky","count":202},{"_id":"Reddit","count":17}],"total":760,"window_minutes":5,"since_sec":1781228718,"now_sec":1781229018}

===== PUBLIC SOCIAL COLLECTOR RUN Thu Jun 11 19:51:18 MDT 2026 =====
--- Reddit public finance RSS ---
Fetching https://www.reddit.com/r/stocks/new/.rss
Fetching https://www.reddit.com/r/StockMarket/new/.rss
Failed StockMarket: 429 Client Error: Too Many Requests for url: https://www.reddit.com/r/StockMarket/new/.rss
Fetching https://www.reddit.com/r/investing/new/.rss
Failed investing: 429 Client Error: Too Many Requests for url: https://www.reddit.com/r/investing/new/.rss
Fetching https://www.reddit.com/r/SecurityAnalysis/new/.rss
Failed SecurityAnalysis: 429 Client Error: Too Many Requests for url: https://www.reddit.com/r/SecurityAnalysis/new/.rss
{'seen': 15, 'kept': 15, 'upserted': 0, 'modified': 15}
--- Bluesky public search API ---
Fetching Bluesky query: stocks
status: 200
Fetching Bluesky query: earnings
status: 200
Fetching Bluesky query: stock market
status: 200
Fetching Bluesky query: short squeeze
status: 200
Fetching Bluesky query: IPO
status: 200
Fetching Bluesky query: merger acquisition
status: 200
Fetching Bluesky query: FDA approval stock
status: 200
Fetching Bluesky query: SEC investigation stock
status: 200
Fetching Bluesky query: options trading
status: 200
Fetching Bluesky query: $AAPL
status: 200
Fetching Bluesky query: $TSLA
status: 403
<html><body><h1>403 Forbidden</h1>
Request forbidden by administrative rules.
</body></html>


Fetching Bluesky query: $NVDA
status: 403
<html><body><h1>403 Forbidden</h1>
Request forbidden by administrative rules.
</body></html>


Fetching Bluesky query: $AMD
status: 403
<html><body><h1>403 Forbidden</h1>
Request forbidden by administrative rules.
</body></html>


{'seen': 199, 'kept': 178, 'upserted': 6, 'modified': 172}
--- StockTwits public symbol streams ---
Fetching StockTwits symbol: AAPL
status: 200
Fetching StockTwits symbol: MSFT
status: 200
Fetching StockTwits symbol: NVDA
status: 200
Fetching StockTwits symbol: AMZN
status: 200
Fetching StockTwits symbol: META
status: 200
Fetching StockTwits symbol: GOOGL
status: 200
Fetching StockTwits symbol: GOOG
status: 200
Fetching StockTwits symbol: TSLA
status: 200
Fetching StockTwits symbol: AVGO
status: 200
Fetching StockTwits symbol: AMD
status: 200
Fetching StockTwits symbol: ORCL
status: 200
Fetching StockTwits symbol: ADBE
status: 200
Fetching StockTwits symbol: CRM
status: 200
Fetching StockTwits symbol: NFLX
status: 200
Fetching StockTwits symbol: INTC
status: 200
Fetching StockTwits symbol: QCOM
status: 200
Fetching StockTwits symbol: TXN
status: 200
Fetching StockTwits symbol: MU
status: 200
Fetching StockTwits symbol: AMAT
status: 200
Fetching StockTwits symbol: LRCX
status: 200
{'seen': 600, 'kept': 535, 'upserted': 1, 'modified': 534}
===== 5m rolling social counts =====
{"ok":true,"counts":{"StockTwits":541,"Bluesky":205,"Reddit":17},"rows":[{"_id":"StockTwits","count":541},{"_id":"Bluesky","count":205},{"_id":"Reddit","count":17}],"total":763,"window_minutes":5,"since_sec":1781228791,"now_sec":1781229091}

===== PUBLIC SOCIAL COLLECTOR RUN Thu Jun 11 19:52:31 MDT 2026 =====
--- Reddit public finance RSS ---
Fetching https://www.reddit.com/r/stocks/new/.rss
Fetching https://www.reddit.com/r/StockMarket/new/.rss
Failed StockMarket: 429 Client Error: Too Many Requests for url: https://www.reddit.com/r/StockMarket/new/.rss
Fetching https://www.reddit.com/r/investing/new/.rss
Failed investing: 429 Client Error: Too Many Requests for url: https://www.reddit.com/r/investing/new/.rss
Fetching https://www.reddit.com/r/SecurityAnalysis/new/.rss
Failed SecurityAnalysis: 429 Client Error: Too Many Requests for url: https://www.reddit.com/r/SecurityAnalysis/new/.rss
{'seen': 15, 'kept': 15, 'upserted': 0, 'modified': 15}
--- Bluesky public search API ---
Fetching Bluesky query: stocks
status: 200
Fetching Bluesky query: earnings
status: 200
Fetching Bluesky query: stock market
status: 200
Fetching Bluesky query: short squeeze
status: 200
Fetching Bluesky query: IPO
status: 200
Fetching Bluesky query: merger acquisition
status: 200
Fetching Bluesky query: FDA approval stock
status: 200
Fetching Bluesky query: SEC investigation stock
status: 200
Fetching Bluesky query: options trading
status: 200
Fetching Bluesky query: $AAPL
status: 200
Fetching Bluesky query: $TSLA
status: 403
<html><body><h1>403 Forbidden</h1>
Request forbidden by administrative rules.
</body></html>


Fetching Bluesky query: $NVDA
status: 403
<html><body><h1>403 Forbidden</h1>
Request forbidden by administrative rules.
</body></html>


Fetching Bluesky query: $AMD
status: 403
<html><body><h1>403 Forbidden</h1>
Request forbidden by administrative rules.
</body></html>


{'seen': 199, 'kept': 178, 'upserted': 3, 'modified': 175}
--- StockTwits public symbol streams ---
Fetching StockTwits symbol: AAPL
status: 200
Fetching StockTwits symbol: MSFT
status: 200
Fetching StockTwits symbol: NVDA
status: 200
Fetching StockTwits symbol: AMZN
status: 200
Fetching StockTwits symbol: META
status: 200
Fetching StockTwits symbol: GOOGL
status: 200
Fetching StockTwits symbol: GOOG
status: 200
Fetching StockTwits symbol: TSLA
status: 200
Fetching StockTwits symbol: AVGO
status: 200
Fetching StockTwits symbol: AMD
status: 200
Fetching StockTwits symbol: ORCL
status: 200
Fetching StockTwits symbol: ADBE
status: 200
Fetching StockTwits symbol: CRM
status: 200
Fetching StockTwits symbol: NFLX
status: 200
Fetching StockTwits symbol: INTC
status: 200
Fetching StockTwits symbol: QCOM
status: 200
Fetching StockTwits symbol: TXN
status: 200
Fetching StockTwits symbol: MU
status: 200
Fetching StockTwits symbol: AMAT
status: 200
Fetching StockTwits symbol: LRCX
status: 200
{'seen': 600, 'kept': 535, 'upserted': 4, 'modified': 531}
===== 5m rolling social counts =====
{"ok":true,"counts":{"StockTwits":545,"Bluesky":206,"Reddit":15},"rows":[{"_id":"StockTwits","count":545},{"_id":"Bluesky","count":206},{"_id":"Reddit","count":15}],"total":766,"window_minutes":5,"since_sec":1781228865,"now_sec":1781229165}

===== PUBLIC SOCIAL COLLECTOR RUN Thu Jun 11 19:53:45 MDT 2026 =====
--- Reddit public finance RSS ---
Fetching https://www.reddit.com/r/stocks/new/.rss
Fetching https://www.reddit.com/r/StockMarket/new/.rss
Failed StockMarket: 429 Client Error: Too Many Requests for url: https://www.reddit.com/r/StockMarket/new/.rss
Fetching https://www.reddit.com/r/investing/new/.rss
Failed investing: 429 Client Error: Too Many Requests for url: https://www.reddit.com/r/investing/new/.rss
Fetching https://www.reddit.com/r/SecurityAnalysis/new/.rss
Failed SecurityAnalysis: 429 Client Error: Too Many Requests for url: https://www.reddit.com/r/SecurityAnalysis/new/.rss
{'seen': 15, 'kept': 15, 'upserted': 0, 'modified': 15}
--- Bluesky public search API ---
Fetching Bluesky query: stocks
status: 200
Fetching Bluesky query: earnings
status: 200
Fetching Bluesky query: stock market
status: 200
Fetching Bluesky query: short squeeze
status: 200
Fetching Bluesky query: IPO
status: 200
Fetching Bluesky query: merger acquisition
status: 200
Fetching Bluesky query: FDA approval stock
status: 200
Fetching Bluesky query: SEC investigation stock
status: 200
Fetching Bluesky query: options trading
status: 200
Fetching Bluesky query: $AAPL
status: 200
Fetching Bluesky query: $TSLA
status: 403
<html><body><h1>403 Forbidden</h1>
Request forbidden by administrative rules.
</body></html>


Fetching Bluesky query: $NVDA
status: 403
<html><body><h1>403 Forbidden</h1>
Request forbidden by administrative rules.
</body></html>


Fetching Bluesky query: $AMD
status: 403
<html><body><h1>403 Forbidden</h1>
Request forbidden by administrative rules.
</body></html>


{'seen': 197, 'kept': 176, 'upserted': 3, 'modified': 173}
--- StockTwits public symbol streams ---
Fetching StockTwits symbol: AAPL
status: 200
Fetching StockTwits symbol: MSFT
status: 200
Fetching StockTwits symbol: NVDA
status: 200
Fetching StockTwits symbol: AMZN
status: 200
Fetching StockTwits symbol: META
status: 200
Fetching StockTwits symbol: GOOGL
status: 200
Fetching StockTwits symbol: GOOG
status: 200
Fetching StockTwits symbol: TSLA
status: 200
Fetching StockTwits symbol: AVGO
status: 200
Fetching StockTwits symbol: AMD
status: 200
Fetching StockTwits symbol: ORCL
status: 200
Fetching StockTwits symbol: ADBE
status: 200
Fetching StockTwits symbol: CRM
status: 200
Fetching StockTwits symbol: NFLX
status: 200
Fetching StockTwits symbol: INTC
status: 200
Fetching StockTwits symbol: QCOM
status: 200
Fetching StockTwits symbol: TXN
status: 200
Fetching StockTwits symbol: MU
status: 200
Fetching StockTwits symbol: AMAT
status: 200
Fetching StockTwits symbol: LRCX
status: 200
{'seen': 600, 'kept': 536, 'upserted': 2, 'modified': 534}
===== 5m rolling social counts =====
{"ok":true,"counts":{"StockTwits":542,"Bluesky":206,"Reddit":15},"rows":[{"_id":"StockTwits","count":542},{"_id":"Bluesky","count":206},{"_id":"Reddit","count":15}],"total":763,"window_minutes":5,"since_sec":1781228939,"now_sec":1781229239}

===== PUBLIC SOCIAL COLLECTOR RUN Thu Jun 11 19:54:59 MDT 2026 =====
--- Reddit public finance RSS ---
Fetching https://www.reddit.com/r/stocks/new/.rss
Fetching https://www.reddit.com/r/StockMarket/new/.rss
Failed StockMarket: 429 Client Error: Too Many Requests for url: https://www.reddit.com/r/StockMarket/new/.rss
Fetching https://www.reddit.com/r/investing/new/.rss
Failed investing: 429 Client Error: Too Many Requests for url: https://www.reddit.com/r/investing/new/.rss
Fetching https://www.reddit.com/r/SecurityAnalysis/new/.rss
Failed SecurityAnalysis: 429 Client Error: Too Many Requests for url: https://www.reddit.com/r/SecurityAnalysis/new/.rss
{'seen': 15, 'kept': 15, 'upserted': 0, 'modified': 15}
--- Bluesky public search API ---
Fetching Bluesky query: stocks
status: 200
Fetching Bluesky query: earnings
status: 200
Fetching Bluesky query: stock market
status: 200
Fetching Bluesky query: short squeeze
status: 200
Fetching Bluesky query: IPO
status: 200
Fetching Bluesky query: merger acquisition
status: 200
Fetching Bluesky query: FDA approval stock
status: 200
Fetching Bluesky query: SEC investigation stock
status: 200
Fetching Bluesky query: options trading
status: 200
Fetching Bluesky query: $AAPL
status: 200
Fetching Bluesky query: $TSLA
status: 403
<html><body><h1>403 Forbidden</h1>
Request forbidden by administrative rules.
</body></html>


Fetching Bluesky query: $NVDA
status: 403
<html><body><h1>403 Forbidden</h1>
Request forbidden by administrative rules.
</body></html>


Fetching Bluesky query: $AMD
status: 403
<html><body><h1>403 Forbidden</h1>
Request forbidden by administrative rules.
</body></html>


{'seen': 197, 'kept': 176, 'upserted': 1, 'modified': 175}
--- StockTwits public symbol streams ---
Fetching StockTwits symbol: AAPL
status: 200
Fetching StockTwits symbol: MSFT
status: 200
Fetching StockTwits symbol: NVDA
status: 200
Fetching StockTwits symbol: AMZN
status: 200
Fetching StockTwits symbol: META
status: 200
Fetching StockTwits symbol: GOOGL
status: 200
Fetching StockTwits symbol: GOOG
status: 200
Fetching StockTwits symbol: TSLA
status: 200
Fetching StockTwits symbol: AVGO
status: 200
Fetching StockTwits symbol: AMD
status: 200
Fetching StockTwits symbol: ORCL
status: 200
Fetching StockTwits symbol: ADBE
status: 200
Fetching StockTwits symbol: CRM
status: 200
Fetching StockTwits symbol: NFLX
status: 200
Fetching StockTwits symbol: INTC
status: 200
Fetching StockTwits symbol: QCOM
status: 200
Fetching StockTwits symbol: TXN
status: 200
Fetching StockTwits symbol: MU
status: 200
Fetching StockTwits symbol: AMAT
status: 200
Fetching StockTwits symbol: LRCX
status: 200
{'seen': 600, 'kept': 536, 'upserted': 2, 'modified': 534}
===== 5m rolling social counts =====
{"ok":true,"counts":{"StockTwits":544,"Bluesky":185,"Reddit":15},"rows":[{"_id":"StockTwits","count":544},{"_id":"Bluesky","count":185},{"_id":"Reddit","count":15}],"total":744,"window_minutes":5,"since_sec":1781229013,"now_sec":1781229313}

===== PUBLIC SOCIAL COLLECTOR RUN Thu Jun 11 19:56:13 MDT 2026 =====
--- Reddit public finance RSS ---
Fetching https://www.reddit.com/r/stocks/new/.rss
Fetching https://www.reddit.com/r/StockMarket/new/.rss
Failed StockMarket: 429 Client Error: Too Many Requests for url: https://www.reddit.com/r/StockMarket/new/.rss
Fetching https://www.reddit.com/r/investing/new/.rss
Failed investing: 429 Client Error: Too Many Requests for url: https://www.reddit.com/r/investing/new/.rss
Fetching https://www.reddit.com/r/SecurityAnalysis/new/.rss
Failed SecurityAnalysis: 429 Client Error: Too Many Requests for url: https://www.reddit.com/r/SecurityAnalysis/new/.rss
{'seen': 15, 'kept': 15, 'upserted': 0, 'modified': 15}
--- Bluesky public search API ---
Fetching Bluesky query: stocks
status: 200
Fetching Bluesky query: earnings
status: 200
Fetching Bluesky query: stock market
status: 200
Fetching Bluesky query: short squeeze
status: 200
Fetching Bluesky query: IPO
status: 200
Fetching Bluesky query: merger acquisition
status: 200
Fetching Bluesky query: FDA approval stock
status: 200
Fetching Bluesky query: SEC investigation stock
status: 200
Fetching Bluesky query: options trading
status: 200
Fetching Bluesky query: $AAPL
status: 200
Fetching Bluesky query: $TSLA
status: 403
<html><body><h1>403 Forbidden</h1>
Request forbidden by administrative rules.
</body></html>


Fetching Bluesky query: $NVDA
status: 403
<html><body><h1>403 Forbidden</h1>
Request forbidden by administrative rules.
</body></html>


Fetching Bluesky query: $AMD
status: 403
<html><body><h1>403 Forbidden</h1>
Request forbidden by administrative rules.
</body></html>


{'seen': 196, 'kept': 176, 'upserted': 4, 'modified': 172}
--- StockTwits public symbol streams ---
Fetching StockTwits symbol: AAPL
status: 200
Fetching StockTwits symbol: MSFT
status: 200
Fetching StockTwits symbol: NVDA
status: 200
Fetching StockTwits symbol: AMZN
status: 200
Fetching StockTwits symbol: META
status: 200
Fetching StockTwits symbol: GOOGL
status: 200
Fetching StockTwits symbol: GOOG
status: 200
Fetching StockTwits symbol: TSLA
status: 200
Fetching StockTwits symbol: AVGO
status: 200
Fetching StockTwits symbol: AMD
status: 200
Fetching StockTwits symbol: ORCL
status: 200
Fetching StockTwits symbol: ADBE
status: 200
Fetching StockTwits symbol: CRM
status: 200
Fetching StockTwits symbol: NFLX
status: 200
Fetching StockTwits symbol: INTC
status: 200
Fetching StockTwits symbol: QCOM
status: 200
Fetching StockTwits symbol: TXN
status: 200
Fetching StockTwits symbol: MU
status: 200
Fetching StockTwits symbol: AMAT
status: 200
Fetching StockTwits symbol: LRCX
status: 200
{'seen': 600, 'kept': 536, 'upserted': 0, 'modified': 536}
===== 5m rolling social counts =====
{"ok":true,"counts":{"StockTwits":543,"Bluesky":186,"Reddit":15},"rows":[{"_id":"StockTwits","count":543},{"_id":"Bluesky","count":186},{"_id":"Reddit","count":15}],"total":744,"window_minutes":5,"since_sec":1781229086,"now_sec":1781229386}

===== PUBLIC SOCIAL COLLECTOR RUN Thu Jun 11 19:57:26 MDT 2026 =====
--- Reddit public finance RSS ---
Fetching https://www.reddit.com/r/stocks/new/.rss
Fetching https://www.reddit.com/r/StockMarket/new/.rss
Failed StockMarket: 429 Client Error: Too Many Requests for url: https://www.reddit.com/r/StockMarket/new/.rss
Fetching https://www.reddit.com/r/investing/new/.rss
Failed investing: 429 Client Error: Too Many Requests for url: https://www.reddit.com/r/investing/new/.rss
Fetching https://www.reddit.com/r/SecurityAnalysis/new/.rss
Failed SecurityAnalysis: 429 Client Error: Too Many Requests for url: https://www.reddit.com/r/SecurityAnalysis/new/.rss
{'seen': 15, 'kept': 15, 'upserted': 0, 'modified': 15}
--- Bluesky public search API ---
Fetching Bluesky query: stocks
status: 200
Fetching Bluesky query: earnings
status: 200
Fetching Bluesky query: stock market
status: 200
Fetching Bluesky query: short squeeze
status: 200
Fetching Bluesky query: IPO
status: 200
Fetching Bluesky query: merger acquisition
status: 200
Fetching Bluesky query: FDA approval stock
status: 200
Fetching Bluesky query: SEC investigation stock
status: 200
Fetching Bluesky query: options trading
status: 200
Fetching Bluesky query: $AAPL
status: 200
Fetching Bluesky query: $TSLA
status: 403
<html><body><h1>403 Forbidden</h1>
Request forbidden by administrative rules.
</body></html>


Fetching Bluesky query: $NVDA
status: 403
<html><body><h1>403 Forbidden</h1>
Request forbidden by administrative rules.
</body></html>


Fetching Bluesky query: $AMD
status: 403
<html><body><h1>403 Forbidden</h1>
Request forbidden by administrative rules.
</body></html>


{'seen': 196, 'kept': 176, 'upserted': 1, 'modified': 175}
--- StockTwits public symbol streams ---
Fetching StockTwits symbol: AAPL
status: 200
Fetching StockTwits symbol: MSFT
status: 200
Fetching StockTwits symbol: NVDA
status: 200
Fetching StockTwits symbol: AMZN
status: 200
Fetching StockTwits symbol: META
status: 200
Fetching StockTwits symbol: GOOGL
status: 200
Fetching StockTwits symbol: GOOG
status: 200
Fetching StockTwits symbol: TSLA
status: 200
Fetching StockTwits symbol: AVGO
status: 200
Fetching StockTwits symbol: AMD
status: 200
Fetching StockTwits symbol: ORCL
status: 200
Fetching StockTwits symbol: ADBE
status: 200
Fetching StockTwits symbol: CRM
status: 200
Fetching StockTwits symbol: NFLX
status: 200
Fetching StockTwits symbol: INTC
status: 200
Fetching StockTwits symbol: QCOM
status: 200
Fetching StockTwits symbol: TXN
status: 200
Fetching StockTwits symbol: MU
status: 200
Fetching StockTwits symbol: AMAT
status: 200
Fetching StockTwits symbol: LRCX
status: 200
{'seen': 600, 'kept': 537, 'upserted': 1, 'modified': 536}
===== 5m rolling social counts =====
{"ok":true,"counts":{"StockTwits":540,"Bluesky":182,"Reddit":15},"rows":[{"_id":"StockTwits","count":540},{"_id":"Bluesky","count":182},{"_id":"Reddit","count":15}],"total":737,"window_minutes":5,"since_sec":1781229160,"now_sec":1781229460}

===== PUBLIC SOCIAL COLLECTOR RUN Thu Jun 11 19:58:40 MDT 2026 =====
--- Reddit public finance RSS ---
Fetching https://www.reddit.com/r/stocks/new/.rss
Fetching https://www.reddit.com/r/StockMarket/new/.rss
Failed StockMarket: 429 Client Error: Too Many Requests for url: https://www.reddit.com/r/StockMarket/new/.rss
Fetching https://www.reddit.com/r/investing/new/.rss
Failed investing: 429 Client Error: Too Many Requests for url: https://www.reddit.com/r/investing/new/.rss
Fetching https://www.reddit.com/r/SecurityAnalysis/new/.rss
Failed SecurityAnalysis: 429 Client Error: Too Many Requests for url: https://www.reddit.com/r/SecurityAnalysis/new/.rss
{'seen': 15, 'kept': 15, 'upserted': 0, 'modified': 15}
--- Bluesky public search API ---
Fetching Bluesky query: stocks
status: 200
Fetching Bluesky query: earnings
status: 200
Fetching Bluesky query: stock market
status: 200
Fetching Bluesky query: short squeeze
status: 200
Fetching Bluesky query: IPO
status: 200
Fetching Bluesky query: merger acquisition
status: 200
Fetching Bluesky query: FDA approval stock
status: 200
Fetching Bluesky query: SEC investigation stock
status: 200
Fetching Bluesky query: options trading
status: 200
Fetching Bluesky query: $AAPL
status: 200
Fetching Bluesky query: $TSLA
status: 403
<html><body><h1>403 Forbidden</h1>
Request forbidden by administrative rules.
</body></html>


Fetching Bluesky query: $NVDA
status: 403
<html><body><h1>403 Forbidden</h1>
Request forbidden by administrative rules.
</body></html>


Fetching Bluesky query: $AMD
status: 403
<html><body><h1>403 Forbidden</h1>
Request forbidden by administrative rules.
</body></html>


{'seen': 196, 'kept': 176, 'upserted': 6, 'modified': 170}
--- StockTwits public symbol streams ---
Fetching StockTwits symbol: AAPL
status: 200
Fetching StockTwits symbol: MSFT
status: 200
Fetching StockTwits symbol: NVDA
status: 200
Fetching StockTwits symbol: AMZN
status: 200
Fetching StockTwits symbol: META
status: 200
Fetching StockTwits symbol: GOOGL
status: 200
Fetching StockTwits symbol: GOOG
status: 200
Fetching StockTwits symbol: TSLA
status: 200
Fetching StockTwits symbol: AVGO
status: 200
Fetching StockTwits symbol: AMD
status: 200
Fetching StockTwits symbol: ORCL
status: 200
Fetching StockTwits symbol: ADBE
status: 200
Fetching StockTwits symbol: CRM
status: 200
Fetching StockTwits symbol: NFLX
status: 200
Fetching StockTwits symbol: INTC
status: 200
Fetching StockTwits symbol: QCOM
status: 200
Fetching StockTwits symbol: TXN
status: 200
Fetching StockTwits symbol: MU
status: 200
Fetching StockTwits symbol: AMAT
status: 200
Fetching StockTwits symbol: LRCX
status: 200
{'seen': 600, 'kept': 537, 'upserted': 4, 'modified': 533}
===== 5m rolling social counts =====
{"ok":true,"counts":{"StockTwits":543,"Bluesky":187,"Reddit":15},"rows":[{"_id":"StockTwits","count":543},{"_id":"Bluesky","count":187},{"_id":"Reddit","count":15}],"total":745,"window_minutes":5,"since_sec":1781229233,"now_sec":1781229533}

===== PUBLIC SOCIAL COLLECTOR RUN Thu Jun 11 19:59:53 MDT 2026 =====
--- Reddit public finance RSS ---
Fetching https://www.reddit.com/r/stocks/new/.rss
Fetching https://www.reddit.com/r/StockMarket/new/.rss
Failed StockMarket: 429 Client Error: Too Many Requests for url: https://www.reddit.com/r/StockMarket/new/.rss
Fetching https://www.reddit.com/r/investing/new/.rss
Failed investing: 429 Client Error: Too Many Requests for url: https://www.reddit.com/r/investing/new/.rss
Fetching https://www.reddit.com/r/SecurityAnalysis/new/.rss
Failed SecurityAnalysis: 429 Client Error: Too Many Requests for url: https://www.reddit.com/r/SecurityAnalysis/new/.rss
{'seen': 15, 'kept': 15, 'upserted': 0, 'modified': 15}
--- Bluesky public search API ---
Fetching Bluesky query: stocks
status: 200
Fetching Bluesky query: earnings
status: 200
Fetching Bluesky query: stock market
status: 200
Fetching Bluesky query: short squeeze
status: 200
Fetching Bluesky query: IPO
status: 200
Fetching Bluesky query: merger acquisition
status: 200
Fetching Bluesky query: FDA approval stock
status: 200
Fetching Bluesky query: SEC investigation stock
status: 200
Fetching Bluesky query: options trading
status: 200
Fetching Bluesky query: $AAPL
status: 200
Fetching Bluesky query: $TSLA
status: 403
<html><body><h1>403 Forbidden</h1>
Request forbidden by administrative rules.
</body></html>


Fetching Bluesky query: $NVDA
status: 403
<html><body><h1>403 Forbidden</h1>
Request forbidden by administrative rules.
</body></html>


Fetching Bluesky query: $AMD
status: 403
<html><body><h1>403 Forbidden</h1>
Request forbidden by administrative rules.
</body></html>


{'seen': 196, 'kept': 176, 'upserted': 3, 'modified': 173}
--- StockTwits public symbol streams ---
Fetching StockTwits symbol: AAPL
status: 200
Fetching StockTwits symbol: MSFT
status: 200
Fetching StockTwits symbol: NVDA
status: 200
Fetching StockTwits symbol: AMZN
status: 200
Fetching StockTwits symbol: META
status: 200
Fetching StockTwits symbol: GOOGL
status: 200
Fetching StockTwits symbol: GOOG
status: 200
Fetching StockTwits symbol: TSLA
status: 200
Fetching StockTwits symbol: AVGO
status: 200
Fetching StockTwits symbol: AMD
status: 200
Fetching StockTwits symbol: ORCL
status: 200
Fetching StockTwits symbol: ADBE
status: 200
Fetching StockTwits symbol: CRM
status: 200
Fetching StockTwits symbol: NFLX
status: 200
Fetching StockTwits symbol: INTC
status: 200
Fetching StockTwits symbol: QCOM
status: 200
Fetching StockTwits symbol: TXN
status: 200
Fetching StockTwits symbol: MU
status: 200
Fetching StockTwits symbol: AMAT
status: 200
Fetching StockTwits symbol: LRCX
status: 200
{'seen': 600, 'kept': 538, 'upserted': 3, 'modified': 535}
===== 5m rolling social counts =====
{"ok":true,"counts":{"StockTwits":544,"Bluesky":186,"Reddit":15},"rows":[{"_id":"StockTwits","count":544},{"_id":"Bluesky","count":186},{"_id":"Reddit","count":15}],"total":745,"window_minutes":5,"since_sec":1781229308,"now_sec":1781229608}

===== PUBLIC SOCIAL COLLECTOR RUN Thu Jun 11 20:01:08 MDT 2026 =====
--- Reddit public finance RSS ---
Fetching https://www.reddit.com/r/stocks/new/.rss
Fetching https://www.reddit.com/r/StockMarket/new/.rss
Failed StockMarket: 429 Client Error: Too Many Requests for url: https://www.reddit.com/r/StockMarket/new/.rss
Fetching https://www.reddit.com/r/investing/new/.rss
Failed investing: 429 Client Error: Too Many Requests for url: https://www.reddit.com/r/investing/new/.rss
Fetching https://www.reddit.com/r/SecurityAnalysis/new/.rss
Failed SecurityAnalysis: 429 Client Error: Too Many Requests for url: https://www.reddit.com/r/SecurityAnalysis/new/.rss
{'seen': 15, 'kept': 15, 'upserted': 0, 'modified': 15}
--- Bluesky public search API ---
Fetching Bluesky query: stocks
status: 200
Fetching Bluesky query: earnings
status: 200
Fetching Bluesky query: stock market
status: 200
Fetching Bluesky query: short squeeze
status: 200
Fetching Bluesky query: IPO
status: 200
Fetching Bluesky query: merger acquisition
status: 200
Fetching Bluesky query: FDA approval stock
status: 200
Fetching Bluesky query: SEC investigation stock
status: 200
Fetching Bluesky query: options trading
status: 200
Fetching Bluesky query: $AAPL
status: 200
Fetching Bluesky query: $TSLA
status: 403
<html><body><h1>403 Forbidden</h1>
Request forbidden by administrative rules.
</body></html>


Fetching Bluesky query: $NVDA
status: 403
<html><body><h1>403 Forbidden</h1>
Request forbidden by administrative rules.
</body></html>


Fetching Bluesky query: $AMD
status: 403
<html><body><h1>403 Forbidden</h1>
Request forbidden by administrative rules.
</body></html>


{'seen': 196, 'kept': 176, 'upserted': 6, 'modified': 170}
--- StockTwits public symbol streams ---
Fetching StockTwits symbol: AAPL
status: 200
Fetching StockTwits symbol: MSFT
status: 200
Fetching StockTwits symbol: NVDA
status: 200
Fetching StockTwits symbol: AMZN
status: 200
Fetching StockTwits symbol: META
status: 200
Fetching StockTwits symbol: GOOGL
status: 200
Fetching StockTwits symbol: GOOG
status: 200
Fetching StockTwits symbol: TSLA
status: 200
Fetching StockTwits symbol: AVGO
status: 200
Fetching StockTwits symbol: AMD
status: 200
Fetching StockTwits symbol: ORCL
status: 200
Fetching StockTwits symbol: ADBE
status: 200
Fetching StockTwits symbol: CRM
status: 200
Fetching StockTwits symbol: NFLX
status: 200
Fetching StockTwits symbol: INTC
status: 200
Fetching StockTwits symbol: QCOM
status: 200
Fetching StockTwits symbol: TXN
status: 200
Fetching StockTwits symbol: MU
status: 200
Fetching StockTwits symbol: AMAT
status: 200
Fetching StockTwits symbol: LRCX
status: 200
{'seen': 600, 'kept': 538, 'upserted': 0, 'modified': 538}
===== 5m rolling social counts =====
{"ok":true,"counts":{"StockTwits":544,"Bluesky":191,"Reddit":15},"rows":[{"_id":"StockTwits","count":544},{"_id":"Bluesky","count":191},{"_id":"Reddit","count":15}],"total":750,"window_minutes":5,"since_sec":1781229385,"now_sec":1781229685}

===== PUBLIC SOCIAL COLLECTOR RUN Thu Jun 11 20:02:25 MDT 2026 =====
--- Reddit public finance RSS ---
Fetching https://www.reddit.com/r/stocks/new/.rss
Fetching https://www.reddit.com/r/StockMarket/new/.rss
Failed StockMarket: 429 Client Error: Too Many Requests for url: https://www.reddit.com/r/StockMarket/new/.rss
Fetching https://www.reddit.com/r/investing/new/.rss
Failed investing: 429 Client Error: Too Many Requests for url: https://www.reddit.com/r/investing/new/.rss
Fetching https://www.reddit.com/r/SecurityAnalysis/new/.rss
Failed SecurityAnalysis: 429 Client Error: Too Many Requests for url: https://www.reddit.com/r/SecurityAnalysis/new/.rss
{'seen': 15, 'kept': 15, 'upserted': 0, 'modified': 15}
--- Bluesky public search API ---
Fetching Bluesky query: stocks
status: 200
Fetching Bluesky query: earnings
status: 200
Fetching Bluesky query: stock market
status: 200
Fetching Bluesky query: short squeeze
status: 200
Fetching Bluesky query: IPO
status: 200
Fetching Bluesky query: merger acquisition
status: 200
Fetching Bluesky query: FDA approval stock
status: 200
Fetching Bluesky query: SEC investigation stock
status: 200
Fetching Bluesky query: options trading
status: 200
Fetching Bluesky query: $AAPL
status: 200
Fetching Bluesky query: $TSLA
status: 403
<html><body><h1>403 Forbidden</h1>
Request forbidden by administrative rules.
</body></html>


Fetching Bluesky query: $NVDA
status: 403
<html><body><h1>403 Forbidden</h1>
Request forbidden by administrative rules.
</body></html>


Fetching Bluesky query: $AMD
status: 403
<html><body><h1>403 Forbidden</h1>
Request forbidden by administrative rules.
</body></html>


{'seen': 196, 'kept': 176, 'upserted': 3, 'modified': 173}
--- StockTwits public symbol streams ---
Fetching StockTwits symbol: AAPL
status: 200
Fetching StockTwits symbol: MSFT
status: 200
Fetching StockTwits symbol: NVDA
status: 200
Fetching StockTwits symbol: AMZN
status: 200
Fetching StockTwits symbol: META
status: 200
Fetching StockTwits symbol: GOOGL
status: 200
Fetching StockTwits symbol: GOOG
status: 200
Fetching StockTwits symbol: TSLA
status: 200
Fetching StockTwits symbol: AVGO
status: 200
Fetching StockTwits symbol: AMD
status: 200
Fetching StockTwits symbol: ORCL
status: 200
Fetching StockTwits symbol: ADBE
status: 200
Fetching StockTwits symbol: CRM
status: 200
Fetching StockTwits symbol: NFLX
status: 200
Fetching StockTwits symbol: INTC
status: 200
Fetching StockTwits symbol: QCOM
status: 200
Fetching StockTwits symbol: TXN
status: 200
Fetching StockTwits symbol: MU
status: 200
Fetching StockTwits symbol: AMAT
status: 200
Fetching StockTwits symbol: LRCX
status: 200
{'seen': 600, 'kept': 538, 'upserted': 2, 'modified': 536}
===== 5m rolling social counts =====
{"ok":true,"counts":{"StockTwits":543,"Bluesky":188,"Reddit":15},"rows":[{"_id":"StockTwits","count":543},{"_id":"Bluesky","count":188},{"_id":"Reddit","count":15}],"total":746,"window_minutes":5,"since_sec":1781229458,"now_sec":1781229759}

===== PUBLIC SOCIAL COLLECTOR RUN Thu Jun 11 20:03:39 MDT 2026 =====
--- Reddit public finance RSS ---
Fetching https://www.reddit.com/r/stocks/new/.rss
Fetching https://www.reddit.com/r/StockMarket/new/.rss
Failed StockMarket: 429 Client Error: Too Many Requests for url: https://www.reddit.com/r/StockMarket/new/.rss
Fetching https://www.reddit.com/r/investing/new/.rss
Failed investing: 429 Client Error: Too Many Requests for url: https://www.reddit.com/r/investing/new/.rss
Fetching https://www.reddit.com/r/SecurityAnalysis/new/.rss
Failed SecurityAnalysis: 429 Client Error: Too Many Requests for url: https://www.reddit.com/r/SecurityAnalysis/new/.rss
{'seen': 15, 'kept': 15, 'upserted': 0, 'modified': 15}
--- Bluesky public search API ---
Fetching Bluesky query: stocks
status: 200
Fetching Bluesky query: earnings
status: 200
Fetching Bluesky query: stock market
status: 200
Fetching Bluesky query: short squeeze
status: 200
Fetching Bluesky query: IPO
status: 200
Fetching Bluesky query: merger acquisition
status: 200
Fetching Bluesky query: FDA approval stock
status: 200
Fetching Bluesky query: SEC investigation stock
status: 200
Fetching Bluesky query: options trading
status: 200
Fetching Bluesky query: $AAPL
status: 200
Fetching Bluesky query: $TSLA
status: 403
<html><body><h1>403 Forbidden</h1>
Request forbidden by administrative rules.
</body></html>


Fetching Bluesky query: $NVDA
status: 403
<html><body><h1>403 Forbidden</h1>
Request forbidden by administrative rules.
</body></html>


Fetching Bluesky query: $AMD
status: 403
<html><body><h1>403 Forbidden</h1>
Request forbidden by administrative rules.
</body></html>


{'seen': 196, 'kept': 176, 'upserted': 3, 'modified': 173}
--- StockTwits public symbol streams ---
Fetching StockTwits symbol: AAPL
status: 200
Fetching StockTwits symbol: MSFT
status: 200
Fetching StockTwits symbol: NVDA
status: 200
Fetching StockTwits symbol: AMZN
status: 200
Fetching StockTwits symbol: META
status: 200
Fetching StockTwits symbol: GOOGL
status: 200
Fetching StockTwits symbol: GOOG
status: 200
Fetching StockTwits symbol: TSLA
status: 200
Fetching StockTwits symbol: AVGO
status: 200
Fetching StockTwits symbol: AMD
status: 200
Fetching StockTwits symbol: ORCL
status: 200
Fetching StockTwits symbol: ADBE
status: 200
Fetching StockTwits symbol: CRM
status: 200
Fetching StockTwits symbol: NFLX
status: 200
Fetching StockTwits symbol: INTC
status: 200
Fetching StockTwits symbol: QCOM
status: 200
Fetching StockTwits symbol: TXN
status: 200
Fetching StockTwits symbol: MU
status: 200
Fetching StockTwits symbol: AMAT
status: 200
Fetching StockTwits symbol: LRCX
status: 200
{'seen': 600, 'kept': 539, 'upserted': 3, 'modified': 536}
===== 5m rolling social counts =====
{"ok":true,"counts":{"StockTwits":543,"Bluesky":188,"Reddit":15},"rows":[{"_id":"StockTwits","count":543},{"_id":"Bluesky","count":188},{"_id":"Reddit","count":15}],"total":746,"window_minutes":5,"since_sec":1781229532,"now_sec":1781229832}

===== PUBLIC SOCIAL COLLECTOR RUN Thu Jun 11 20:04:52 MDT 2026 =====
--- Reddit public finance RSS ---
Fetching https://www.reddit.com/r/stocks/new/.rss
Fetching https://www.reddit.com/r/StockMarket/new/.rss
Failed StockMarket: 429 Client Error: Too Many Requests for url: https://www.reddit.com/r/StockMarket/new/.rss
Fetching https://www.reddit.com/r/investing/new/.rss
Failed investing: 429 Client Error: Too Many Requests for url: https://www.reddit.com/r/investing/new/.rss
Fetching https://www.reddit.com/r/SecurityAnalysis/new/.rss
Failed SecurityAnalysis: 429 Client Error: Too Many Requests for url: https://www.reddit.com/r/SecurityAnalysis/new/.rss
{'seen': 15, 'kept': 15, 'upserted': 0, 'modified': 15}
--- Bluesky public search API ---
Fetching Bluesky query: stocks
status: 200
Fetching Bluesky query: earnings
status: 200
Fetching Bluesky query: stock market
status: 200
Fetching Bluesky query: short squeeze
status: 200
Fetching Bluesky query: IPO
status: 200
Fetching Bluesky query: merger acquisition
status: 200
Fetching Bluesky query: FDA approval stock
status: 200
Fetching Bluesky query: SEC investigation stock
status: 200
Fetching Bluesky query: options trading
status: 200
Fetching Bluesky query: $AAPL
status: 200
Fetching Bluesky query: $TSLA
status: 403
<html><body><h1>403 Forbidden</h1>
Request forbidden by administrative rules.
</body></html>


Fetching Bluesky query: $NVDA
status: 403
<html><body><h1>403 Forbidden</h1>
Request forbidden by administrative rules.
</body></html>


Fetching Bluesky query: $AMD
status: 403
<html><body><h1>403 Forbidden</h1>
Request forbidden by administrative rules.
</body></html>


{'seen': 197, 'kept': 178, 'upserted': 5, 'modified': 173}
--- StockTwits public symbol streams ---
Fetching StockTwits symbol: AAPL
status: 200
Fetching StockTwits symbol: MSFT
status: 200
Fetching StockTwits symbol: NVDA
status: 200
Fetching StockTwits symbol: AMZN
status: 200
Fetching StockTwits symbol: META
status: 200
Fetching StockTwits symbol: GOOGL
status: 200
Fetching StockTwits symbol: GOOG
status: 200
Fetching StockTwits symbol: TSLA
status: 200
Fetching StockTwits symbol: AVGO
status: 200
Fetching StockTwits symbol: AMD
status: 200
Fetching StockTwits symbol: ORCL
status: 200
Fetching StockTwits symbol: ADBE
status: 200
Fetching StockTwits symbol: CRM
status: 200
Fetching StockTwits symbol: NFLX
status: 200
Fetching StockTwits symbol: INTC
status: 200
Fetching StockTwits symbol: QCOM
status: 200
Fetching StockTwits symbol: TXN
status: 200
Fetching StockTwits symbol: MU
status: 200
Fetching StockTwits symbol: AMAT
status: 200
Fetching StockTwits symbol: LRCX
status: 200
{'seen': 600, 'kept': 539, 'upserted': 2, 'modified': 537}
===== 5m rolling social counts =====
{"ok":true,"counts":{"StockTwits":545,"Bluesky":187,"Reddit":15},"rows":[{"_id":"StockTwits","count":545},{"_id":"Bluesky","count":187},{"_id":"Reddit","count":15}],"total":747,"window_minutes":5,"since_sec":1781229606,"now_sec":1781229906}

===== PUBLIC SOCIAL COLLECTOR RUN Thu Jun 11 20:06:06 MDT 2026 =====
--- Reddit public finance RSS ---
Fetching https://www.reddit.com/r/stocks/new/.rss
Fetching https://www.reddit.com/r/StockMarket/new/.rss
Failed StockMarket: 429 Client Error: Too Many Requests for url: https://www.reddit.com/r/StockMarket/new/.rss
Fetching https://www.reddit.com/r/investing/new/.rss
Failed investing: 429 Client Error: Too Many Requests for url: https://www.reddit.com/r/investing/new/.rss
Fetching https://www.reddit.com/r/SecurityAnalysis/new/.rss
Failed SecurityAnalysis: 429 Client Error: Too Many Requests for url: https://www.reddit.com/r/SecurityAnalysis/new/.rss
{'seen': 15, 'kept': 15, 'upserted': 0, 'modified': 15}
--- Bluesky public search API ---
Fetching Bluesky query: stocks
status: 200
Fetching Bluesky query: earnings
status: 200
Fetching Bluesky query: stock market
status: 200
Fetching Bluesky query: short squeeze
status: 200
Fetching Bluesky query: IPO
status: 200
Fetching Bluesky query: merger acquisition
status: 200
Fetching Bluesky query: FDA approval stock
status: 200
Fetching Bluesky query: SEC investigation stock
status: 200
Fetching Bluesky query: options trading
status: 200
Fetching Bluesky query: $AAPL
status: 200
Fetching Bluesky query: $TSLA
status: 403
<html><body><h1>403 Forbidden</h1>
Request forbidden by administrative rules.
</body></html>


Fetching Bluesky query: $NVDA
status: 403
<html><body><h1>403 Forbidden</h1>
Request forbidden by administrative rules.
</body></html>


Fetching Bluesky query: $AMD
status: 403
<html><body><h1>403 Forbidden</h1>
Request forbidden by administrative rules.
</body></html>


{'seen': 198, 'kept': 179, 'upserted': 2, 'modified': 177}
--- StockTwits public symbol streams ---
Fetching StockTwits symbol: AAPL
status: 200
Fetching StockTwits symbol: MSFT
status: 200
Fetching StockTwits symbol: NVDA
status: 200
Fetching StockTwits symbol: AMZN
status: 200
Fetching StockTwits symbol: META
status: 200
Fetching StockTwits symbol: GOOGL
status: 200
Fetching StockTwits symbol: GOOG
status: 200
Fetching StockTwits symbol: TSLA
status: 200
Fetching StockTwits symbol: AVGO
status: 200
Fetching StockTwits symbol: AMD
status: 200
Fetching StockTwits symbol: ORCL
status: 200
Fetching StockTwits symbol: ADBE
status: 200
Fetching StockTwits symbol: CRM
status: 200
Fetching StockTwits symbol: NFLX
status: 200
Fetching StockTwits symbol: INTC
status: 200
Fetching StockTwits symbol: QCOM
status: 200
Fetching StockTwits symbol: TXN
status: 200
Fetching StockTwits symbol: MU
status: 200
Fetching StockTwits symbol: AMAT
status: 200
Fetching StockTwits symbol: LRCX
status: 200
{'seen': 600, 'kept': 540, 'upserted': 2, 'modified': 538}
===== 5m rolling social counts =====
{"ok":true,"counts":{"StockTwits":547,"Bluesky":186,"Reddit":15},"rows":[{"_id":"StockTwits","count":547},{"_id":"Bluesky","count":186},{"_id":"Reddit","count":15}],"total":748,"window_minutes":5,"since_sec":1781229679,"now_sec":1781229979}

===== PUBLIC SOCIAL COLLECTOR RUN Thu Jun 11 20:07:19 MDT 2026 =====
--- Reddit public finance RSS ---
Fetching https://www.reddit.com/r/stocks/new/.rss
Fetching https://www.reddit.com/r/StockMarket/new/.rss
Failed StockMarket: 429 Client Error: Too Many Requests for url: https://www.reddit.com/r/StockMarket/new/.rss
Fetching https://www.reddit.com/r/investing/new/.rss
Failed investing: 429 Client Error: Too Many Requests for url: https://www.reddit.com/r/investing/new/.rss
Fetching https://www.reddit.com/r/SecurityAnalysis/new/.rss
Failed SecurityAnalysis: 429 Client Error: Too Many Requests for url: https://www.reddit.com/r/SecurityAnalysis/new/.rss
{'seen': 15, 'kept': 15, 'upserted': 0, 'modified': 15}
--- Bluesky public search API ---
Fetching Bluesky query: stocks
status: 200
Fetching Bluesky query: earnings
status: 200
Fetching Bluesky query: stock market
status: 200
Fetching Bluesky query: short squeeze
status: 200
Fetching Bluesky query: IPO
status: 200
Fetching Bluesky query: merger acquisition
status: 200
Fetching Bluesky query: FDA approval stock
status: 200
Fetching Bluesky query: SEC investigation stock
status: 200
Fetching Bluesky query: options trading
status: 200
Fetching Bluesky query: $AAPL
status: 200
Fetching Bluesky query: $TSLA
status: 403
<html><body><h1>403 Forbidden</h1>
Request forbidden by administrative rules.
</body></html>


Fetching Bluesky query: $NVDA
status: 403
<html><body><h1>403 Forbidden</h1>
Request forbidden by administrative rules.
</body></html>


Fetching Bluesky query: $AMD
status: 403
<html><body><h1>403 Forbidden</h1>
Request forbidden by administrative rules.
</body></html>


{'seen': 198, 'kept': 179, 'upserted': 4, 'modified': 175}
--- StockTwits public symbol streams ---
Fetching StockTwits symbol: AAPL
status: 200
Fetching StockTwits symbol: MSFT
status: 200
Fetching StockTwits symbol: NVDA
status: 200
Fetching StockTwits symbol: AMZN
status: 200
Fetching StockTwits symbol: META
status: 200
Fetching StockTwits symbol: GOOGL
status: 200
Fetching StockTwits symbol: GOOG
status: 200
Fetching StockTwits symbol: TSLA
status: 200
Fetching StockTwits symbol: AVGO
status: 200
Fetching StockTwits symbol: AMD
status: 200
Fetching StockTwits symbol: ORCL
status: 200
Fetching StockTwits symbol: ADBE
status: 200
Fetching StockTwits symbol: CRM
status: 200
Fetching StockTwits symbol: NFLX
status: 200
Fetching StockTwits symbol: INTC
status: 200
Fetching StockTwits symbol: QCOM
status: 200
Fetching StockTwits symbol: TXN
status: 200
Fetching StockTwits symbol: MU
status: 200
Fetching StockTwits symbol: AMAT
status: 200
Fetching StockTwits symbol: LRCX
status: 200
{'seen': 600, 'kept': 540, 'upserted': 3, 'modified': 537}
===== 5m rolling social counts =====
{"ok":true,"counts":{"StockTwits":548,"Bluesky":187,"Reddit":15},"rows":[{"_id":"StockTwits","count":548},{"_id":"Bluesky","count":187},{"_id":"Reddit","count":15}],"total":750,"window_minutes":5,"since_sec":1781229753,"now_sec":1781230053}

===== PUBLIC SOCIAL COLLECTOR RUN Thu Jun 11 20:08:33 MDT 2026 =====
--- Reddit public finance RSS ---
Fetching https://www.reddit.com/r/stocks/new/.rss
Fetching https://www.reddit.com/r/StockMarket/new/.rss
Failed StockMarket: 429 Client Error: Too Many Requests for url: https://www.reddit.com/r/StockMarket/new/.rss
Fetching https://www.reddit.com/r/investing/new/.rss
Failed investing: 429 Client Error: Too Many Requests for url: https://www.reddit.com/r/investing/new/.rss
Fetching https://www.reddit.com/r/SecurityAnalysis/new/.rss
Failed SecurityAnalysis: 429 Client Error: Too Many Requests for url: https://www.reddit.com/r/SecurityAnalysis/new/.rss
{'seen': 15, 'kept': 15, 'upserted': 0, 'modified': 15}
--- Bluesky public search API ---
Fetching Bluesky query: stocks
status: 200
Fetching Bluesky query: earnings
status: 200
Fetching Bluesky query: stock market
status: 200
Fetching Bluesky query: short squeeze
status: 200
Fetching Bluesky query: IPO
status: 200
Fetching Bluesky query: merger acquisition
status: 200
Fetching Bluesky query: FDA approval stock
status: 200
Fetching Bluesky query: SEC investigation stock
status: 200
Fetching Bluesky query: options trading
status: 200
Fetching Bluesky query: $AAPL
status: 200
Fetching Bluesky query: $TSLA
status: 403
<html><body><h1>403 Forbidden</h1>
Request forbidden by administrative rules.
</body></html>


Fetching Bluesky query: $NVDA
status: 403
<html><body><h1>403 Forbidden</h1>
Request forbidden by administrative rules.
</body></html>


Fetching Bluesky query: $AMD
status: 403
<html><body><h1>403 Forbidden</h1>
Request forbidden by administrative rules.
</body></html>


{'seen': 199, 'kept': 180, 'upserted': 4, 'modified': 176}
--- StockTwits public symbol streams ---
Fetching StockTwits symbol: AAPL
status: 200
Fetching StockTwits symbol: MSFT
status: 200
Fetching StockTwits symbol: NVDA
status: 200
Fetching StockTwits symbol: AMZN
status: 200
Fetching StockTwits symbol: META
status: 200
Fetching StockTwits symbol: GOOGL
status: 200
Fetching StockTwits symbol: GOOG
status: 200
Fetching StockTwits symbol: TSLA
status: 200
Fetching StockTwits symbol: AVGO
status: 200
Fetching StockTwits symbol: AMD
status: 200
Fetching StockTwits symbol: ORCL
status: 200
Fetching StockTwits symbol: ADBE
status: 200
Fetching StockTwits symbol: CRM
status: 200
Fetching StockTwits symbol: NFLX
status: 200
Fetching StockTwits symbol: INTC
status: 200
Fetching StockTwits symbol: QCOM
status: 200
Fetching StockTwits symbol: TXN
status: 200
Fetching StockTwits symbol: MU
status: 200
Fetching StockTwits symbol: AMAT
status: 200
Fetching StockTwits symbol: LRCX
status: 200
{'seen': 600, 'kept': 540, 'upserted': 2, 'modified': 538}
===== 5m rolling social counts =====
{"ok":true,"counts":{"StockTwits":548,"Bluesky":188,"Reddit":15},"rows":[{"_id":"StockTwits","count":548},{"_id":"Bluesky","count":188},{"_id":"Reddit","count":15}],"total":751,"window_minutes":5,"since_sec":1781229828,"now_sec":1781230128}

===== PUBLIC SOCIAL COLLECTOR RUN Thu Jun 11 20:09:48 MDT 2026 =====
--- Reddit public finance RSS ---
Fetching https://www.reddit.com/r/stocks/new/.rss
Fetching https://www.reddit.com/r/StockMarket/new/.rss
Failed StockMarket: 429 Client Error: Too Many Requests for url: https://www.reddit.com/r/StockMarket/new/.rss
Fetching https://www.reddit.com/r/investing/new/.rss
Failed investing: 429 Client Error: Too Many Requests for url: https://www.reddit.com/r/investing/new/.rss
Fetching https://www.reddit.com/r/SecurityAnalysis/new/.rss
Failed SecurityAnalysis: 429 Client Error: Too Many Requests for url: https://www.reddit.com/r/SecurityAnalysis/new/.rss
{'seen': 15, 'kept': 15, 'upserted': 0, 'modified': 15}
--- Bluesky public search API ---
Fetching Bluesky query: stocks
status: 200
Fetching Bluesky query: earnings
status: 200
Fetching Bluesky query: stock market
status: 200
Fetching Bluesky query: short squeeze
status: 200
Fetching Bluesky query: IPO
status: 200
Fetching Bluesky query: merger acquisition
status: 200
Fetching Bluesky query: FDA approval stock
status: 200
Fetching Bluesky query: SEC investigation stock
status: 200
Fetching Bluesky query: options trading
status: 200
Fetching Bluesky query: $AAPL
status: 200
Fetching Bluesky query: $TSLA
status: 403
<html><body><h1>403 Forbidden</h1>
Request forbidden by administrative rules.
</body></html>


Fetching Bluesky query: $NVDA
status: 403
<html><body><h1>403 Forbidden</h1>
Request forbidden by administrative rules.
</body></html>


Fetching Bluesky query: $AMD
status: 403
<html><body><h1>403 Forbidden</h1>
Request forbidden by administrative rules.
</body></html>


{'seen': 199, 'kept': 180, 'upserted': 2, 'modified': 178}
--- StockTwits public symbol streams ---
Fetching StockTwits symbol: AAPL
status: 200
Fetching StockTwits symbol: MSFT
status: 200
Fetching StockTwits symbol: NVDA
status: 200
Fetching StockTwits symbol: AMZN
status: 200
Fetching StockTwits symbol: META
status: 200
Fetching StockTwits symbol: GOOGL
status: 200
Fetching StockTwits symbol: GOOG
status: 200
Fetching StockTwits symbol: TSLA
status: 200
Fetching StockTwits symbol: AVGO
status: 200
Fetching StockTwits symbol: AMD
status: 200
Fetching StockTwits symbol: ORCL
status: 200
Fetching StockTwits symbol: ADBE
status: 200
Fetching StockTwits symbol: CRM
status: 200
Fetching StockTwits symbol: NFLX
status: 200
Fetching StockTwits symbol: INTC
status: 200
Fetching StockTwits symbol: QCOM
status: 200
Fetching StockTwits symbol: TXN
status: 200
Fetching StockTwits symbol: MU
status: 200
Fetching StockTwits symbol: AMAT
status: 200
Fetching StockTwits symbol: LRCX
status: 200
{'seen': 600, 'kept': 540, 'upserted': 2, 'modified': 538}
===== 5m rolling social counts =====
{"ok":true,"counts":{"StockTwits":548,"Bluesky":189,"Reddit":15},"rows":[{"_id":"StockTwits","count":548},{"_id":"Bluesky","count":189},{"_id":"Reddit","count":15}],"total":752,"window_minutes":5,"since_sec":1781229902,"now_sec":1781230202}

===== PUBLIC SOCIAL COLLECTOR RUN Thu Jun 11 20:11:02 MDT 2026 =====
--- Reddit public finance RSS ---
Fetching https://www.reddit.com/r/stocks/new/.rss
Fetching https://www.reddit.com/r/StockMarket/new/.rss
Failed StockMarket: 429 Client Error: Too Many Requests for url: https://www.reddit.com/r/StockMarket/new/.rss
Fetching https://www.reddit.com/r/investing/new/.rss
Failed investing: 429 Client Error: Too Many Requests for url: https://www.reddit.com/r/investing/new/.rss
Fetching https://www.reddit.com/r/SecurityAnalysis/new/.rss
Failed SecurityAnalysis: 429 Client Error: Too Many Requests for url: https://www.reddit.com/r/SecurityAnalysis/new/.rss
{'seen': 15, 'kept': 15, 'upserted': 0, 'modified': 15}
--- Bluesky public search API ---
Fetching Bluesky query: stocks
status: 200
Fetching Bluesky query: earnings
status: 200
Fetching Bluesky query: stock market
status: 200
Fetching Bluesky query: short squeeze
status: 200
Fetching Bluesky query: IPO
status: 200
Fetching Bluesky query: merger acquisition
status: 200
Fetching Bluesky query: FDA approval stock
status: 200
Fetching Bluesky query: SEC investigation stock
status: 200
Fetching Bluesky query: options trading
status: 200
Fetching Bluesky query: $AAPL
status: 200
Fetching Bluesky query: $TSLA
status: 403
<html><body><h1>403 Forbidden</h1>
Request forbidden by administrative rules.
</body></html>


Fetching Bluesky query: $NVDA
status: 403
<html><body><h1>403 Forbidden</h1>
Request forbidden by administrative rules.
</body></html>


Fetching Bluesky query: $AMD
status: 403
<html><body><h1>403 Forbidden</h1>
Request forbidden by administrative rules.
</body></html>


{'seen': 199, 'kept': 180, 'upserted': 2, 'modified': 178}
--- StockTwits public symbol streams ---
Fetching StockTwits symbol: AAPL
status: 200
Fetching StockTwits symbol: MSFT
status: 200
Fetching StockTwits symbol: NVDA
status: 200
Fetching StockTwits symbol: AMZN
status: 200
Fetching StockTwits symbol: META
status: 200
Fetching StockTwits symbol: GOOGL
status: 200
Fetching StockTwits symbol: GOOG
status: 200
Fetching StockTwits symbol: TSLA
status: 200
Fetching StockTwits symbol: AVGO
status: 200
Fetching StockTwits symbol: AMD
status: 200
Fetching StockTwits symbol: ORCL
status: 200
Fetching StockTwits symbol: ADBE
status: 200
Fetching StockTwits symbol: CRM
status: 200
Fetching StockTwits symbol: NFLX
status: 200
Fetching StockTwits symbol: INTC
status: 200
Fetching StockTwits symbol: QCOM
status: 200
Fetching StockTwits symbol: TXN
status: 200
Fetching StockTwits symbol: MU
status: 200
Fetching StockTwits symbol: AMAT
status: 200
Fetching StockTwits symbol: LRCX
status: 200
{'seen': 600, 'kept': 541, 'upserted': 5, 'modified': 536}
===== 5m rolling social counts =====
{"ok":true,"counts":{"StockTwits":551,"Bluesky":187,"Reddit":15},"rows":[{"_id":"StockTwits","count":551},{"_id":"Bluesky","count":187},{"_id":"Reddit","count":15}],"total":753,"window_minutes":5,"since_sec":1781229976,"now_sec":1781230276}

===== PUBLIC SOCIAL COLLECTOR RUN Thu Jun 11 20:12:16 MDT 2026 =====
--- Reddit public finance RSS ---
Fetching https://www.reddit.com/r/stocks/new/.rss
Fetching https://www.reddit.com/r/StockMarket/new/.rss
Failed StockMarket: 429 Client Error: Too Many Requests for url: https://www.reddit.com/r/StockMarket/new/.rss
Fetching https://www.reddit.com/r/investing/new/.rss
Failed investing: 429 Client Error: Too Many Requests for url: https://www.reddit.com/r/investing/new/.rss
Fetching https://www.reddit.com/r/SecurityAnalysis/new/.rss
Failed SecurityAnalysis: 429 Client Error: Too Many Requests for url: https://www.reddit.com/r/SecurityAnalysis/new/.rss
{'seen': 15, 'kept': 15, 'upserted': 0, 'modified': 15}
--- Bluesky public search API ---
Fetching Bluesky query: stocks
status: 200
Fetching Bluesky query: earnings
status: 200
Fetching Bluesky query: stock market
status: 200
Fetching Bluesky query: short squeeze
status: 200
Fetching Bluesky query: IPO
status: 200
Fetching Bluesky query: merger acquisition
status: 200
Fetching Bluesky query: FDA approval stock
status: 200
Fetching Bluesky query: SEC investigation stock
status: 200
Fetching Bluesky query: options trading
status: 200
Fetching Bluesky query: $AAPL
status: 200
Fetching Bluesky query: $TSLA
status: 403
<html><body><h1>403 Forbidden</h1>
Request forbidden by administrative rules.
</body></html>


Fetching Bluesky query: $NVDA
status: 403
<html><body><h1>403 Forbidden</h1>
Request forbidden by administrative rules.
</body></html>


Fetching Bluesky query: $AMD
status: 403
<html><body><h1>403 Forbidden</h1>
Request forbidden by administrative rules.
</body></html>


{'seen': 199, 'kept': 179, 'upserted': 3, 'modified': 176}
--- StockTwits public symbol streams ---
Fetching StockTwits symbol: AAPL
status: 200
Fetching StockTwits symbol: MSFT
status: 200
Fetching StockTwits symbol: NVDA
status: 200
Fetching StockTwits symbol: AMZN
status: 200
Fetching StockTwits symbol: META
status: 200
Fetching StockTwits symbol: GOOGL
status: 200
Fetching StockTwits symbol: GOOG
status: 200
Fetching StockTwits symbol: TSLA
status: 200
Fetching StockTwits symbol: AVGO
status: 200
Fetching StockTwits symbol: AMD
status: 200
Fetching StockTwits symbol: ORCL
status: 200
Fetching StockTwits symbol: ADBE
status: 200
Fetching StockTwits symbol: CRM
status: 200
Fetching StockTwits symbol: NFLX
status: 200
Fetching StockTwits symbol: INTC
status: 200
Fetching StockTwits symbol: QCOM
status: 200
Fetching StockTwits symbol: TXN
status: 200
Fetching StockTwits symbol: MU
status: 200
Fetching StockTwits symbol: AMAT
status: 200
Fetching StockTwits symbol: LRCX
status: 200
{'seen': 600, 'kept': 542, 'upserted': 3, 'modified': 539}
===== 5m rolling social counts =====
{"ok":true,"counts":{"StockTwits":551,"Bluesky":187,"Reddit":15},"rows":[{"_id":"StockTwits","count":551},{"_id":"Bluesky","count":187},{"_id":"Reddit","count":15}],"total":753,"window_minutes":5,"since_sec":1781230051,"now_sec":1781230351}

===== PUBLIC SOCIAL COLLECTOR RUN Thu Jun 11 20:13:31 MDT 2026 =====
--- Reddit public finance RSS ---
Fetching https://www.reddit.com/r/stocks/new/.rss
Fetching https://www.reddit.com/r/StockMarket/new/.rss
Failed StockMarket: 429 Client Error: Too Many Requests for url: https://www.reddit.com/r/StockMarket/new/.rss
Fetching https://www.reddit.com/r/investing/new/.rss
Failed investing: 429 Client Error: Too Many Requests for url: https://www.reddit.com/r/investing/new/.rss
Fetching https://www.reddit.com/r/SecurityAnalysis/new/.rss
Failed SecurityAnalysis: 429 Client Error: Too Many Requests for url: https://www.reddit.com/r/SecurityAnalysis/new/.rss
{'seen': 15, 'kept': 15, 'upserted': 0, 'modified': 15}
--- Bluesky public search API ---
Fetching Bluesky query: stocks
status: 200
Fetching Bluesky query: earnings
status: 200
Fetching Bluesky query: stock market
status: 200
Fetching Bluesky query: short squeeze
status: 200
Fetching Bluesky query: IPO
status: 200
Fetching Bluesky query: merger acquisition
status: 200
Fetching Bluesky query: FDA approval stock
status: 200
Fetching Bluesky query: SEC investigation stock
status: 200
Fetching Bluesky query: options trading
status: 200
Fetching Bluesky query: $AAPL
status: 200
Fetching Bluesky query: $TSLA
status: 403
<html><body><h1>403 Forbidden</h1>
Request forbidden by administrative rules.
</body></html>


Fetching Bluesky query: $NVDA
status: 403
<html><body><h1>403 Forbidden</h1>
Request forbidden by administrative rules.
</body></html>


Fetching Bluesky query: $AMD
status: 403
<html><body><h1>403 Forbidden</h1>
Request forbidden by administrative rules.
</body></html>


{'seen': 199, 'kept': 179, 'upserted': 1, 'modified': 178}
--- StockTwits public symbol streams ---
Fetching StockTwits symbol: AAPL
status: 200
Fetching StockTwits symbol: MSFT
status: 200
Fetching StockTwits symbol: NVDA
status: 200
Fetching StockTwits symbol: AMZN
status: 200
Fetching StockTwits symbol: META
status: 200
Fetching StockTwits symbol: GOOGL
status: 200
Fetching StockTwits symbol: GOOG
status: 200
Fetching StockTwits symbol: TSLA
status: 200
Fetching StockTwits symbol: AVGO
status: 200
Fetching StockTwits symbol: AMD
status: 200
Fetching StockTwits symbol: ORCL
status: 200
Fetching StockTwits symbol: ADBE
status: 200
Fetching StockTwits symbol: CRM
status: 200
Fetching StockTwits symbol: NFLX
status: 200
Fetching StockTwits symbol: INTC
status: 200
Fetching StockTwits symbol: QCOM
status: 200
Fetching StockTwits symbol: TXN
status: 200
Fetching StockTwits symbol: MU
status: 200
Fetching StockTwits symbol: AMAT
status: 200
Fetching StockTwits symbol: LRCX
status: 200
{'seen': 600, 'kept': 542, 'upserted': 4, 'modified': 538}
===== 5m rolling social counts =====
{"ok":true,"counts":{"StockTwits":554,"Bluesky":186,"Reddit":15},"rows":[{"_id":"StockTwits","count":554},{"_id":"Bluesky","count":186},{"_id":"Reddit","count":15}],"total":755,"window_minutes":5,"since_sec":1781230124,"now_sec":1781230424}

===== PUBLIC SOCIAL COLLECTOR RUN Thu Jun 11 20:14:44 MDT 2026 =====
--- Reddit public finance RSS ---
Fetching https://www.reddit.com/r/stocks/new/.rss
Fetching https://www.reddit.com/r/StockMarket/new/.rss
Failed StockMarket: 429 Client Error: Too Many Requests for url: https://www.reddit.com/r/StockMarket/new/.rss
Fetching https://www.reddit.com/r/investing/new/.rss
Failed investing: 429 Client Error: Too Many Requests for url: https://www.reddit.com/r/investing/new/.rss
Fetching https://www.reddit.com/r/SecurityAnalysis/new/.rss
Failed SecurityAnalysis: 429 Client Error: Too Many Requests for url: https://www.reddit.com/r/SecurityAnalysis/new/.rss
{'seen': 15, 'kept': 15, 'upserted': 0, 'modified': 15}
--- Bluesky public search API ---
Fetching Bluesky query: stocks
status: 200
Fetching Bluesky query: earnings
status: 200
Fetching Bluesky query: stock market
status: 200
Fetching Bluesky query: short squeeze
status: 200
Fetching Bluesky query: IPO
status: 200
Fetching Bluesky query: merger acquisition
status: 200
Fetching Bluesky query: FDA approval stock
status: 200
Fetching Bluesky query: SEC investigation stock
status: 200
Fetching Bluesky query: options trading
status: 200
Fetching Bluesky query: $AAPL
status: 200
Fetching Bluesky query: $TSLA
status: 403
<html><body><h1>403 Forbidden</h1>
Request forbidden by administrative rules.
</body></html>


Fetching Bluesky query: $NVDA
status: 403
<html><body><h1>403 Forbidden</h1>
Request forbidden by administrative rules.
</body></html>


Fetching Bluesky query: $AMD
status: 403
<html><body><h1>403 Forbidden</h1>
Request forbidden by administrative rules.
</body></html>


{'seen': 199, 'kept': 179, 'upserted': 3, 'modified': 176}
--- StockTwits public symbol streams ---
Fetching StockTwits symbol: AAPL
status: 200
Fetching StockTwits symbol: MSFT
status: 200
Fetching StockTwits symbol: NVDA
status: 200
Fetching StockTwits symbol: AMZN
status: 200
Fetching StockTwits symbol: META
status: 200
Fetching StockTwits symbol: GOOGL
status: 200
Fetching StockTwits symbol: GOOG
status: 200
Fetching StockTwits symbol: TSLA
status: 200
Fetching StockTwits symbol: AVGO
status: 200
Fetching StockTwits symbol: AMD
status: 200
Fetching StockTwits symbol: ORCL
status: 200
Fetching StockTwits symbol: ADBE
status: 200
Fetching StockTwits symbol: CRM
status: 200
Fetching StockTwits symbol: NFLX
status: 200
Fetching StockTwits symbol: INTC
status: 200
Fetching StockTwits symbol: QCOM
status: 200
Fetching StockTwits symbol: TXN
status: 200
Fetching StockTwits symbol: MU
status: 200
Fetching StockTwits symbol: AMAT
status: 200
Fetching StockTwits symbol: LRCX
status: 200
{'seen': 600, 'kept': 540, 'upserted': 1, 'modified': 539}
===== 5m rolling social counts =====
{"ok":true,"counts":{"StockTwits":553,"Bluesky":187,"Reddit":15},"rows":[{"_id":"StockTwits","count":553},{"_id":"Bluesky","count":187},{"_id":"Reddit","count":15}],"total":755,"window_minutes":5,"since_sec":1781230198,"now_sec":1781230498}

===== PUBLIC SOCIAL COLLECTOR RUN Thu Jun 11 20:15:58 MDT 2026 =====
--- Reddit public finance RSS ---
Fetching https://www.reddit.com/r/stocks/new/.rss
Fetching https://www.reddit.com/r/StockMarket/new/.rss
Failed StockMarket: 429 Client Error: Too Many Requests for url: https://www.reddit.com/r/StockMarket/new/.rss
Fetching https://www.reddit.com/r/investing/new/.rss
Fetching https://www.reddit.com/r/SecurityAnalysis/new/.rss
Failed SecurityAnalysis: 429 Client Error: Too Many Requests for url: https://www.reddit.com/r/SecurityAnalysis/new/.rss
{'seen': 30, 'kept': 26, 'upserted': 4, 'modified': 22}
--- Bluesky public search API ---
Fetching Bluesky query: stocks
status: 200
Fetching Bluesky query: earnings
status: 200
Fetching Bluesky query: stock market
status: 200
Fetching Bluesky query: short squeeze
status: 200
Fetching Bluesky query: IPO
status: 200
Fetching Bluesky query: merger acquisition
status: 200
Fetching Bluesky query: FDA approval stock
status: 200
Fetching Bluesky query: SEC investigation stock
status: 200
Fetching Bluesky query: options trading
status: 200
Fetching Bluesky query: $AAPL
status: 200
Fetching Bluesky query: $TSLA
status: 403
<html><body><h1>403 Forbidden</h1>
Request forbidden by administrative rules.
</body></html>


Fetching Bluesky query: $NVDA
status: 403
<html><body><h1>403 Forbidden</h1>
Request forbidden by administrative rules.
</body></html>


Fetching Bluesky query: $AMD
status: 403
<html><body><h1>403 Forbidden</h1>
Request forbidden by administrative rules.
</body></html>


{'seen': 199, 'kept': 179, 'upserted': 3, 'modified': 176}
--- StockTwits public symbol streams ---
Fetching StockTwits symbol: AAPL
status: 200
Fetching StockTwits symbol: MSFT
status: 200
Fetching StockTwits symbol: NVDA
status: 200
Fetching StockTwits symbol: AMZN
status: 200
Fetching StockTwits symbol: META
status: 200
Fetching StockTwits symbol: GOOGL
status: 200
Fetching StockTwits symbol: GOOG
status: 200
Fetching StockTwits symbol: TSLA
status: 200
Fetching StockTwits symbol: AVGO
status: 200
Fetching StockTwits symbol: AMD
status: 200
Fetching StockTwits symbol: ORCL
status: 200
Fetching StockTwits symbol: ADBE
status: 200
Fetching StockTwits symbol: CRM
status: 200
Fetching StockTwits symbol: NFLX
status: 200
Fetching StockTwits symbol: INTC
status: 200
Fetching StockTwits symbol: QCOM
status: 200
Fetching StockTwits symbol: TXN
status: 200
Fetching StockTwits symbol: MU
status: 200
Fetching StockTwits symbol: AMAT
status: 200
Fetching StockTwits symbol: LRCX
status: 200
{'seen': 600, 'kept': 540, 'upserted': 2, 'modified': 538}
===== 5m rolling social counts =====
{"ok":true,"counts":{"StockTwits":550,"Bluesky":186,"Reddit":27},"rows":[{"_id":"StockTwits","count":550},{"_id":"Bluesky","count":186},{"_id":"Reddit","count":27}],"total":763,"window_minutes":5,"since_sec":1781230272,"now_sec":1781230573}

===== PUBLIC SOCIAL COLLECTOR RUN Thu Jun 11 20:17:13 MDT 2026 =====
--- Reddit public finance RSS ---
Fetching https://www.reddit.com/r/stocks/new/.rss
Fetching https://www.reddit.com/r/StockMarket/new/.rss
Failed StockMarket: 429 Client Error: Too Many Requests for url: https://www.reddit.com/r/StockMarket/new/.rss
Fetching https://www.reddit.com/r/investing/new/.rss
Failed investing: 429 Client Error: Too Many Requests for url: https://www.reddit.com/r/investing/new/.rss
Fetching https://www.reddit.com/r/SecurityAnalysis/new/.rss
Failed SecurityAnalysis: 429 Client Error: Too Many Requests for url: https://www.reddit.com/r/SecurityAnalysis/new/.rss
{'seen': 15, 'kept': 15, 'upserted': 0, 'modified': 15}
--- Bluesky public search API ---
Fetching Bluesky query: stocks
status: 200
Fetching Bluesky query: earnings
status: 200
Fetching Bluesky query: stock market
status: 200
Fetching Bluesky query: short squeeze
status: 200
Fetching Bluesky query: IPO
status: 200
Fetching Bluesky query: merger acquisition
status: 200
Fetching Bluesky query: FDA approval stock
status: 200
Fetching Bluesky query: SEC investigation stock
status: 200
Fetching Bluesky query: options trading
status: 200
Fetching Bluesky query: $AAPL
status: 200
Fetching Bluesky query: $TSLA
status: 403
<html><body><h1>403 Forbidden</h1>
Request forbidden by administrative rules.
</body></html>


Fetching Bluesky query: $NVDA
status: 403
<html><body><h1>403 Forbidden</h1>
Request forbidden by administrative rules.
</body></html>


Fetching Bluesky query: $AMD
status: 403
<html><body><h1>403 Forbidden</h1>
Request forbidden by administrative rules.
</body></html>


{'seen': 199, 'kept': 179, 'upserted': 0, 'modified': 179}
--- StockTwits public symbol streams ---
Fetching StockTwits symbol: AAPL
status: 200
Fetching StockTwits symbol: MSFT
status: 200
Fetching StockTwits symbol: NVDA
status: 200
Fetching StockTwits symbol: AMZN
status: 200
Fetching StockTwits symbol: META
status: 200
Fetching StockTwits symbol: GOOGL
status: 200
Fetching StockTwits symbol: GOOG
status: 200
Fetching StockTwits symbol: TSLA
status: 200
Fetching StockTwits symbol: AVGO
status: 200
Fetching StockTwits symbol: AMD
status: 200
Fetching StockTwits symbol: ORCL
status: 200
Fetching StockTwits symbol: ADBE
status: 200
Fetching StockTwits symbol: CRM
status: 200
Fetching StockTwits symbol: NFLX
status: 200
Fetching StockTwits symbol: INTC
status: 200
Fetching StockTwits symbol: QCOM
status: 200
Fetching StockTwits symbol: TXN
status: 200
Fetching StockTwits symbol: MU
status: 200
Fetching StockTwits symbol: AMAT
status: 200
Fetching StockTwits symbol: LRCX
status: 200
{'seen': 600, 'kept': 540, 'upserted': 2, 'modified': 538}
===== 5m rolling social counts =====
{"ok":true,"counts":{"StockTwits":548,"Bluesky":185,"Reddit":27},"rows":[{"_id":"StockTwits","count":548},{"_id":"Bluesky","count":185},{"_id":"Reddit","count":27}],"total":760,"window_minutes":5,"since_sec":1781230346,"now_sec":1781230646}

===== PUBLIC SOCIAL COLLECTOR RUN Thu Jun 11 20:18:26 MDT 2026 =====
--- Reddit public finance RSS ---
Fetching https://www.reddit.com/r/stocks/new/.rss
Fetching https://www.reddit.com/r/StockMarket/new/.rss
Failed StockMarket: 429 Client Error: Too Many Requests for url: https://www.reddit.com/r/StockMarket/new/.rss
Fetching https://www.reddit.com/r/investing/new/.rss
Failed investing: 429 Client Error: Too Many Requests for url: https://www.reddit.com/r/investing/new/.rss
Fetching https://www.reddit.com/r/SecurityAnalysis/new/.rss
Failed SecurityAnalysis: 429 Client Error: Too Many Requests for url: https://www.reddit.com/r/SecurityAnalysis/new/.rss
{'seen': 15, 'kept': 15, 'upserted': 0, 'modified': 15}
--- Bluesky public search API ---
Fetching Bluesky query: stocks
status: 200
Fetching Bluesky query: earnings
status: 200
Fetching Bluesky query: stock market
status: 200
Fetching Bluesky query: short squeeze
status: 200
Fetching Bluesky query: IPO
status: 200
Fetching Bluesky query: merger acquisition
status: 200
Fetching Bluesky query: FDA approval stock
status: 200
Fetching Bluesky query: SEC investigation stock
status: 200
Fetching Bluesky query: options trading
status: 200
Fetching Bluesky query: $AAPL
status: 200
Fetching Bluesky query: $TSLA
status: 403
<html><body><h1>403 Forbidden</h1>
Request forbidden by administrative rules.
</body></html>


Fetching Bluesky query: $NVDA
status: 403
<html><body><h1>403 Forbidden</h1>
Request forbidden by administrative rules.
</body></html>


Fetching Bluesky query: $AMD
status: 403
<html><body><h1>403 Forbidden</h1>
Request forbidden by administrative rules.
</body></html>


{'seen': 199, 'kept': 179, 'upserted': 2, 'modified': 177}
--- StockTwits public symbol streams ---
Fetching StockTwits symbol: AAPL
status: 200
Fetching StockTwits symbol: MSFT
status: 200
Fetching StockTwits symbol: NVDA
status: 200
Fetching StockTwits symbol: AMZN
status: 200
Fetching StockTwits symbol: META
status: 200
Fetching StockTwits symbol: GOOGL
status: 200
Fetching StockTwits symbol: GOOG
status: 200
Fetching StockTwits symbol: TSLA
status: 200
Fetching StockTwits symbol: AVGO
status: 200
Fetching StockTwits symbol: AMD
status: 200
Fetching StockTwits symbol: ORCL
status: 200
Fetching StockTwits symbol: ADBE
status: 200
Fetching StockTwits symbol: CRM
status: 200
Fetching StockTwits symbol: NFLX
status: 200
Fetching StockTwits symbol: INTC
status: 200
Fetching StockTwits symbol: QCOM
status: 200
Fetching StockTwits symbol: TXN
status: 200
Fetching StockTwits symbol: MU
status: 200
Fetching StockTwits symbol: AMAT
status: 200
Fetching StockTwits symbol: LRCX
status: 200
{'seen': 600, 'kept': 540, 'upserted': 2, 'modified': 538}
===== 5m rolling social counts =====
{"ok":true,"counts":{"StockTwits":549,"Bluesky":184,"Reddit":27},"rows":[{"_id":"StockTwits","count":549},{"_id":"Bluesky","count":184},{"_id":"Reddit","count":27}],"total":760,"window_minutes":5,"since_sec":1781230419,"now_sec":1781230720}

===== PUBLIC SOCIAL COLLECTOR RUN Thu Jun 11 20:19:40 MDT 2026 =====
--- Reddit public finance RSS ---
Fetching https://www.reddit.com/r/stocks/new/.rss
Fetching https://www.reddit.com/r/StockMarket/new/.rss
Failed StockMarket: 429 Client Error: Too Many Requests for url: https://www.reddit.com/r/StockMarket/new/.rss
Fetching https://www.reddit.com/r/investing/new/.rss
Failed investing: 429 Client Error: Too Many Requests for url: https://www.reddit.com/r/investing/new/.rss
Fetching https://www.reddit.com/r/SecurityAnalysis/new/.rss
Failed SecurityAnalysis: 429 Client Error: Too Many Requests for url: https://www.reddit.com/r/SecurityAnalysis/new/.rss
{'seen': 15, 'kept': 15, 'upserted': 0, 'modified': 15}
--- Bluesky public search API ---
Fetching Bluesky query: stocks
status: 200
Fetching Bluesky query: earnings
status: 200
Fetching Bluesky query: stock market
status: 200
Fetching Bluesky query: short squeeze
status: 200
Fetching Bluesky query: IPO
status: 200
Fetching Bluesky query: merger acquisition
status: 200
Fetching Bluesky query: FDA approval stock
status: 200
Fetching Bluesky query: SEC investigation stock
status: 200
Fetching Bluesky query: options trading
status: 200
Fetching Bluesky query: $AAPL
status: 200
Fetching Bluesky query: $TSLA
status: 403
<html><body><h1>403 Forbidden</h1>
Request forbidden by administrative rules.
</body></html>


Fetching Bluesky query: $NVDA
status: 403
<html><body><h1>403 Forbidden</h1>
Request forbidden by administrative rules.
</body></html>


Fetching Bluesky query: $AMD
status: 403
<html><body><h1>403 Forbidden</h1>
Request forbidden by administrative rules.
</body></html>


{'seen': 199, 'kept': 179, 'upserted': 2, 'modified': 177}
--- StockTwits public symbol streams ---
Fetching StockTwits symbol: AAPL
status: 200
Fetching StockTwits symbol: MSFT
status: 200
Fetching StockTwits symbol: NVDA
status: 200
Fetching StockTwits symbol: AMZN
status: 200
Fetching StockTwits symbol: META
status: 200
Fetching StockTwits symbol: GOOGL
status: 200
Fetching StockTwits symbol: GOOG
status: 200
Fetching StockTwits symbol: TSLA
status: 200
Fetching StockTwits symbol: AVGO
status: 200
Fetching StockTwits symbol: AMD
status: 200
Fetching StockTwits symbol: ORCL
status: 200
Fetching StockTwits symbol: ADBE
status: 200
Fetching StockTwits symbol: CRM
status: 200
Fetching StockTwits symbol: NFLX
status: 200
Fetching StockTwits symbol: INTC
status: 200
Fetching StockTwits symbol: QCOM
status: 200
Fetching StockTwits symbol: TXN
status: 200
Fetching StockTwits symbol: MU
status: 200
Fetching StockTwits symbol: AMAT
status: 200
Fetching StockTwits symbol: LRCX
status: 200
{'seen': 600, 'kept': 541, 'upserted': 2, 'modified': 539}
===== 5m rolling social counts =====
{"ok":true,"counts":{"StockTwits":548,"Bluesky":183,"Reddit":26},"rows":[{"_id":"StockTwits","count":548},{"_id":"Bluesky","count":183},{"_id":"Reddit","count":26}],"total":757,"window_minutes":5,"since_sec":1781230493,"now_sec":1781230793}

===== PUBLIC SOCIAL COLLECTOR RUN Thu Jun 11 20:20:53 MDT 2026 =====
--- Reddit public finance RSS ---
Fetching https://www.reddit.com/r/stocks/new/.rss
Fetching https://www.reddit.com/r/StockMarket/new/.rss
Failed StockMarket: 429 Client Error: Too Many Requests for url: https://www.reddit.com/r/StockMarket/new/.rss
Fetching https://www.reddit.com/r/investing/new/.rss
Failed investing: 429 Client Error: Too Many Requests for url: https://www.reddit.com/r/investing/new/.rss
Fetching https://www.reddit.com/r/SecurityAnalysis/new/.rss
Failed SecurityAnalysis: 429 Client Error: Too Many Requests for url: https://www.reddit.com/r/SecurityAnalysis/new/.rss
{'seen': 15, 'kept': 15, 'upserted': 0, 'modified': 15}
--- Bluesky public search API ---
Fetching Bluesky query: stocks
status: 200
Fetching Bluesky query: earnings
status: 200
Fetching Bluesky query: stock market
status: 200
Fetching Bluesky query: short squeeze
status: 200
Fetching Bluesky query: IPO
status: 200
Fetching Bluesky query: merger acquisition
status: 200
Fetching Bluesky query: FDA approval stock
status: 200
Fetching Bluesky query: SEC investigation stock
status: 200
Fetching Bluesky query: options trading
status: 200
Fetching Bluesky query: $AAPL
status: 200
Fetching Bluesky query: $TSLA
status: 403
<html><body><h1>403 Forbidden</h1>
Request forbidden by administrative rules.
</body></html>


Fetching Bluesky query: $NVDA
status: 403
<html><body><h1>403 Forbidden</h1>
Request forbidden by administrative rules.
</body></html>


Fetching Bluesky query: $AMD
status: 403
<html><body><h1>403 Forbidden</h1>
Request forbidden by administrative rules.
</body></html>


{'seen': 199, 'kept': 179, 'upserted': 5, 'modified': 174}
--- StockTwits public symbol streams ---
Fetching StockTwits symbol: AAPL
status: 200
Fetching StockTwits symbol: MSFT
status: 200
Fetching StockTwits symbol: NVDA
status: 200
Fetching StockTwits symbol: AMZN
status: 200
Fetching StockTwits symbol: META
status: 200
Fetching StockTwits symbol: GOOGL
status: 200
Fetching StockTwits symbol: GOOG
status: 200
Fetching StockTwits symbol: TSLA
status: 200
Fetching StockTwits symbol: AVGO
status: 200
Fetching StockTwits symbol: AMD
status: 200
Fetching StockTwits symbol: ORCL
status: 200
Fetching StockTwits symbol: ADBE
status: 200
Fetching StockTwits symbol: CRM
status: 200
Fetching StockTwits symbol: NFLX
status: 200
Fetching StockTwits symbol: INTC
status: 200
Fetching StockTwits symbol: QCOM
status: 200
Fetching StockTwits symbol: TXN
status: 200
Fetching StockTwits symbol: MU
status: 200
Fetching StockTwits symbol: AMAT
status: 200
Fetching StockTwits symbol: LRCX
status: 200
{'seen': 600, 'kept': 541, 'upserted': 3, 'modified': 538}
===== 5m rolling social counts =====
{"ok":true,"counts":{"StockTwits":549,"Bluesky":188,"Reddit":15},"rows":[{"_id":"StockTwits","count":549},{"_id":"Bluesky","count":188},{"_id":"Reddit","count":15}],"total":752,"window_minutes":5,"since_sec":1781230566,"now_sec":1781230866}

===== PUBLIC SOCIAL COLLECTOR RUN Thu Jun 11 20:22:06 MDT 2026 =====
--- Reddit public finance RSS ---
Fetching https://www.reddit.com/r/stocks/new/.rss
Fetching https://www.reddit.com/r/StockMarket/new/.rss
Failed StockMarket: 429 Client Error: Too Many Requests for url: https://www.reddit.com/r/StockMarket/new/.rss
Fetching https://www.reddit.com/r/investing/new/.rss
Failed investing: 429 Client Error: Too Many Requests for url: https://www.reddit.com/r/investing/new/.rss
Fetching https://www.reddit.com/r/SecurityAnalysis/new/.rss
Failed SecurityAnalysis: 429 Client Error: Too Many Requests for url: https://www.reddit.com/r/SecurityAnalysis/new/.rss
{'seen': 15, 'kept': 15, 'upserted': 0, 'modified': 15}
--- Bluesky public search API ---
Fetching Bluesky query: stocks
status: 200
Fetching Bluesky query: earnings
status: 200
Fetching Bluesky query: stock market
status: 200
Fetching Bluesky query: short squeeze
status: 200
Fetching Bluesky query: IPO
status: 200
Fetching Bluesky query: merger acquisition
status: 200
Fetching Bluesky query: FDA approval stock
status: 200
Fetching Bluesky query: SEC investigation stock
status: 200
Fetching Bluesky query: options trading
status: 200
Fetching Bluesky query: $AAPL
status: 200
Fetching Bluesky query: $TSLA
status: 403
<html><body><h1>403 Forbidden</h1>
Request forbidden by administrative rules.
</body></html>


Fetching Bluesky query: $NVDA
status: 403
<html><body><h1>403 Forbidden</h1>
Request forbidden by administrative rules.
</body></html>


Fetching Bluesky query: $AMD
status: 403
<html><body><h1>403 Forbidden</h1>
Request forbidden by administrative rules.
</body></html>


{'seen': 199, 'kept': 179, 'upserted': 6, 'modified': 173}
--- StockTwits public symbol streams ---
Fetching StockTwits symbol: AAPL
status: 200
Fetching StockTwits symbol: MSFT
status: 200
Fetching StockTwits symbol: NVDA
status: 200
Fetching StockTwits symbol: AMZN
status: 200
Fetching StockTwits symbol: META
status: 200
Fetching StockTwits symbol: GOOGL
status: 200
Fetching StockTwits symbol: GOOG
status: 200
Fetching StockTwits symbol: TSLA
status: 200
Fetching StockTwits symbol: AVGO
status: 200
Fetching StockTwits symbol: AMD
status: 200
Fetching StockTwits symbol: ORCL
status: 200
Fetching StockTwits symbol: ADBE
status: 200
Fetching StockTwits symbol: CRM
status: 200
Fetching StockTwits symbol: NFLX
status: 200
Fetching StockTwits symbol: INTC
status: 200
Fetching StockTwits symbol: QCOM
status: 200
Fetching StockTwits symbol: TXN
status: 200
Fetching StockTwits symbol: MU
status: 200
Fetching StockTwits symbol: AMAT
status: 200
Fetching StockTwits symbol: LRCX
status: 200
{'seen': 600, 'kept': 541, 'upserted': 2, 'modified': 539}
===== 5m rolling social counts =====
{"ok":true,"counts":{"StockTwits":549,"Bluesky":192,"Reddit":15},"rows":[{"_id":"StockTwits","count":549},{"_id":"Bluesky","count":192},{"_id":"Reddit","count":15}],"total":756,"window_minutes":5,"since_sec":1781230639,"now_sec":1781230939}

===== PUBLIC SOCIAL COLLECTOR RUN Thu Jun 11 20:23:19 MDT 2026 =====
--- Reddit public finance RSS ---
Fetching https://www.reddit.com/r/stocks/new/.rss
Fetching https://www.reddit.com/r/StockMarket/new/.rss
Failed StockMarket: 429 Client Error: Too Many Requests for url: https://www.reddit.com/r/StockMarket/new/.rss
Fetching https://www.reddit.com/r/investing/new/.rss
Failed investing: 429 Client Error: Too Many Requests for url: https://www.reddit.com/r/investing/new/.rss
Fetching https://www.reddit.com/r/SecurityAnalysis/new/.rss
Failed SecurityAnalysis: 429 Client Error: Too Many Requests for url: https://www.reddit.com/r/SecurityAnalysis/new/.rss
{'seen': 15, 'kept': 15, 'upserted': 0, 'modified': 15}
--- Bluesky public search API ---
Fetching Bluesky query: stocks
status: 200
Fetching Bluesky query: earnings
status: 200
Fetching Bluesky query: stock market
status: 200
Fetching Bluesky query: short squeeze
status: 200
Fetching Bluesky query: IPO
status: 200
Fetching Bluesky query: merger acquisition
status: 200
Fetching Bluesky query: FDA approval stock
status: 200
Fetching Bluesky query: SEC investigation stock
status: 200
Fetching Bluesky query: options trading
status: 200
Fetching Bluesky query: $AAPL
status: 200
Fetching Bluesky query: $TSLA
status: 403
<html><body><h1>403 Forbidden</h1>
Request forbidden by administrative rules.
</body></html>


Fetching Bluesky query: $NVDA
status: 403
<html><body><h1>403 Forbidden</h1>
Request forbidden by administrative rules.
</body></html>


Fetching Bluesky query: $AMD
status: 403
<html><body><h1>403 Forbidden</h1>
Request forbidden by administrative rules.
</body></html>


{'seen': 199, 'kept': 179, 'upserted': 2, 'modified': 177}
--- StockTwits public symbol streams ---
Fetching StockTwits symbol: AAPL
status: 200
Fetching StockTwits symbol: MSFT
status: 200
Fetching StockTwits symbol: NVDA
status: 200
Fetching StockTwits symbol: AMZN
status: 200
Fetching StockTwits symbol: META
status: 200
Fetching StockTwits symbol: GOOGL
status: 200
Fetching StockTwits symbol: GOOG
status: 200
Fetching StockTwits symbol: TSLA
status: 200
Fetching StockTwits symbol: AVGO
status: 200
Fetching StockTwits symbol: AMD
status: 200
Fetching StockTwits symbol: ORCL
status: 200
Fetching StockTwits symbol: ADBE
status: 200
Fetching StockTwits symbol: CRM
status: 200
Fetching StockTwits symbol: NFLX
status: 200
Fetching StockTwits symbol: INTC
status: 200
Fetching StockTwits symbol: QCOM
status: 200
Fetching StockTwits symbol: TXN
status: 200
Fetching StockTwits symbol: MU
status: 200
Fetching StockTwits symbol: AMAT
status: 200
Fetching StockTwits symbol: LRCX
status: 200
{'seen': 600, 'kept': 541, 'upserted': 3, 'modified': 538}
===== 5m rolling social counts =====
{"ok":true,"counts":{"StockTwits":550,"Bluesky":192,"Reddit":15},"rows":[{"_id":"StockTwits","count":550},{"_id":"Bluesky","count":192},{"_id":"Reddit","count":15}],"total":757,"window_minutes":5,"since_sec":1781230712,"now_sec":1781231012}

===== PUBLIC SOCIAL COLLECTOR RUN Thu Jun 11 20:24:32 MDT 2026 =====
--- Reddit public finance RSS ---
Fetching https://www.reddit.com/r/stocks/new/.rss
Fetching https://www.reddit.com/r/StockMarket/new/.rss
Failed StockMarket: 429 Client Error: Too Many Requests for url: https://www.reddit.com/r/StockMarket/new/.rss
Fetching https://www.reddit.com/r/investing/new/.rss
Failed investing: 429 Client Error: Too Many Requests for url: https://www.reddit.com/r/investing/new/.rss
Fetching https://www.reddit.com/r/SecurityAnalysis/new/.rss
Failed SecurityAnalysis: 429 Client Error: Too Many Requests for url: https://www.reddit.com/r/SecurityAnalysis/new/.rss
{'seen': 15, 'kept': 15, 'upserted': 0, 'modified': 15}
--- Bluesky public search API ---
Fetching Bluesky query: stocks
status: 200
Fetching Bluesky query: earnings
status: 200
Fetching Bluesky query: stock market
status: 200
Fetching Bluesky query: short squeeze
status: 200
Fetching Bluesky query: IPO
status: 200
Fetching Bluesky query: merger acquisition
status: 200
Fetching Bluesky query: FDA approval stock
status: 200
Fetching Bluesky query: SEC investigation stock
status: 200
Fetching Bluesky query: options trading
status: 200
Fetching Bluesky query: $AAPL
status: 200
Fetching Bluesky query: $TSLA
status: 403
<html><body><h1>403 Forbidden</h1>
Request forbidden by administrative rules.
</body></html>


Fetching Bluesky query: $NVDA
status: 403
<html><body><h1>403 Forbidden</h1>
Request forbidden by administrative rules.
</body></html>


Fetching Bluesky query: $AMD
status: 403
<html><body><h1>403 Forbidden</h1>
Request forbidden by administrative rules.
</body></html>


{'seen': 199, 'kept': 178, 'upserted': 8, 'modified': 170}
--- StockTwits public symbol streams ---
Fetching StockTwits symbol: AAPL
status: 200
Fetching StockTwits symbol: MSFT
status: 200
Fetching StockTwits symbol: NVDA
status: 200
Fetching StockTwits symbol: AMZN
status: 200
Fetching StockTwits symbol: META
status: 200
Fetching StockTwits symbol: GOOGL
status: 200
Fetching StockTwits symbol: GOOG
status: 200
Fetching StockTwits symbol: TSLA
status: 200
Fetching StockTwits symbol: AVGO
status: 200
Fetching StockTwits symbol: AMD
status: 200
Fetching StockTwits symbol: ORCL
status: 200
Fetching StockTwits symbol: ADBE
status: 200
Fetching StockTwits symbol: CRM
status: 200
Fetching StockTwits symbol: NFLX
status: 200
Fetching StockTwits symbol: INTC
status: 200
Fetching StockTwits symbol: QCOM
status: 200
Fetching StockTwits symbol: TXN
status: 200
Fetching StockTwits symbol: MU
status: 200
Fetching StockTwits symbol: AMAT
status: 200
Fetching StockTwits symbol: LRCX
status: 200
{'seen': 600, 'kept': 541, 'upserted': 3, 'modified': 538}
===== 5m rolling social counts =====
{"ok":true,"counts":{"StockTwits":552,"Bluesky":195,"Reddit":15},"rows":[{"_id":"StockTwits","count":552},{"_id":"Bluesky","count":195},{"_id":"Reddit","count":15}],"total":762,"window_minutes":5,"since_sec":1781230785,"now_sec":1781231085}

===== PUBLIC SOCIAL COLLECTOR RUN Thu Jun 11 20:25:45 MDT 2026 =====
--- Reddit public finance RSS ---
Fetching https://www.reddit.com/r/stocks/new/.rss
Fetching https://www.reddit.com/r/StockMarket/new/.rss
Failed StockMarket: 429 Client Error: Too Many Requests for url: https://www.reddit.com/r/StockMarket/new/.rss
Fetching https://www.reddit.com/r/investing/new/.rss
Failed investing: 429 Client Error: Too Many Requests for url: https://www.reddit.com/r/investing/new/.rss
Fetching https://www.reddit.com/r/SecurityAnalysis/new/.rss
Failed SecurityAnalysis: 429 Client Error: Too Many Requests for url: https://www.reddit.com/r/SecurityAnalysis/new/.rss
{'seen': 15, 'kept': 15, 'upserted': 0, 'modified': 15}
--- Bluesky public search API ---
Fetching Bluesky query: stocks
status: 200
Fetching Bluesky query: earnings
status: 200
Fetching Bluesky query: stock market
status: 200
Fetching Bluesky query: short squeeze
status: 200
Fetching Bluesky query: IPO
status: 200
Fetching Bluesky query: merger acquisition
status: 200
Fetching Bluesky query: FDA approval stock
status: 200
Fetching Bluesky query: SEC investigation stock
status: 200
Fetching Bluesky query: options trading
status: 200
Fetching Bluesky query: $AAPL
status: 200
Fetching Bluesky query: $TSLA
status: 403
<html><body><h1>403 Forbidden</h1>
Request forbidden by administrative rules.
</body></html>


Fetching Bluesky query: $NVDA
status: 403
<html><body><h1>403 Forbidden</h1>
Request forbidden by administrative rules.
</body></html>


Fetching Bluesky query: $AMD
status: 403
<html><body><h1>403 Forbidden</h1>
Request forbidden by administrative rules.
</body></html>


{'seen': 199, 'kept': 177, 'upserted': 2, 'modified': 175}
--- StockTwits public symbol streams ---
Fetching StockTwits symbol: AAPL
status: 200
Fetching StockTwits symbol: MSFT
status: 200
Fetching StockTwits symbol: NVDA
status: 200
Fetching StockTwits symbol: AMZN
status: 200
Fetching StockTwits symbol: META
status: 200
Fetching StockTwits symbol: GOOGL
status: 200
Fetching StockTwits symbol: GOOG
status: 200
Fetching StockTwits symbol: TSLA
status: 200
Fetching StockTwits symbol: AVGO
status: 200
Fetching StockTwits symbol: AMD
status: 200
Fetching StockTwits symbol: ORCL
status: 200
Fetching StockTwits symbol: ADBE
status: 200
Fetching StockTwits symbol: CRM
status: 200
Fetching StockTwits symbol: NFLX
status: 200
Fetching StockTwits symbol: INTC
status: 200
Fetching StockTwits symbol: QCOM
status: 200
Fetching StockTwits symbol: TXN
status: 200
Fetching StockTwits symbol: MU
status: 200
Fetching StockTwits symbol: AMAT
status: 200
Fetching StockTwits symbol: LRCX
status: 200
{'seen': 600, 'kept': 543, 'upserted': 5, 'modified': 538}
===== 5m rolling social counts =====
{"ok":true,"counts":{"StockTwits":554,"Bluesky":191,"Reddit":15},"rows":[{"_id":"StockTwits","count":554},{"_id":"Bluesky","count":191},{"_id":"Reddit","count":15}],"total":760,"window_minutes":5,"since_sec":1781230859,"now_sec":1781231159}

===== PUBLIC SOCIAL COLLECTOR RUN Thu Jun 11 20:26:59 MDT 2026 =====
--- Reddit public finance RSS ---
Fetching https://www.reddit.com/r/stocks/new/.rss
Fetching https://www.reddit.com/r/StockMarket/new/.rss
Failed StockMarket: 429 Client Error: Too Many Requests for url: https://www.reddit.com/r/StockMarket/new/.rss
Fetching https://www.reddit.com/r/investing/new/.rss
Failed investing: 429 Client Error: Too Many Requests for url: https://www.reddit.com/r/investing/new/.rss
Fetching https://www.reddit.com/r/SecurityAnalysis/new/.rss
Failed SecurityAnalysis: 429 Client Error: Too Many Requests for url: https://www.reddit.com/r/SecurityAnalysis/new/.rss
{'seen': 15, 'kept': 15, 'upserted': 0, 'modified': 15}
--- Bluesky public search API ---
Fetching Bluesky query: stocks
status: 200
Fetching Bluesky query: earnings
status: 200
Fetching Bluesky query: stock market
status: 200
Fetching Bluesky query: short squeeze
status: 200
Fetching Bluesky query: IPO
status: 200
Fetching Bluesky query: merger acquisition
status: 200
Fetching Bluesky query: FDA approval stock
status: 200
Fetching Bluesky query: SEC investigation stock
status: 200
Fetching Bluesky query: options trading
status: 200
Fetching Bluesky query: $AAPL
status: 200
Fetching Bluesky query: $TSLA
status: 403
<html><body><h1>403 Forbidden</h1>
Request forbidden by administrative rules.
</body></html>


Fetching Bluesky query: $NVDA
status: 403
<html><body><h1>403 Forbidden</h1>
Request forbidden by administrative rules.
</body></html>


Fetching Bluesky query: $AMD
status: 403
<html><body><h1>403 Forbidden</h1>
Request forbidden by administrative rules.
</body></html>


{'seen': 199, 'kept': 177, 'upserted': 1, 'modified': 176}
--- StockTwits public symbol streams ---
Fetching StockTwits symbol: AAPL
status: 200
Fetching StockTwits symbol: MSFT
status: 200
Fetching StockTwits symbol: NVDA
status: 200
Fetching StockTwits symbol: AMZN
status: 200
Fetching StockTwits symbol: META
status: 200
Fetching StockTwits symbol: GOOGL
status: 200
Fetching StockTwits symbol: GOOG
status: 200
Fetching StockTwits symbol: TSLA
status: 200
Fetching StockTwits symbol: AVGO
status: 200
Fetching StockTwits symbol: AMD
status: 200
Fetching StockTwits symbol: ORCL
status: 200
Fetching StockTwits symbol: ADBE
status: 200
Fetching StockTwits symbol: CRM
status: 200
Fetching StockTwits symbol: NFLX
status: 200
Fetching StockTwits symbol: INTC
status: 200
Fetching StockTwits symbol: QCOM
status: 200
Fetching StockTwits symbol: TXN
status: 200
Fetching StockTwits symbol: MU
status: 200
Fetching StockTwits symbol: AMAT
status: 200
Fetching StockTwits symbol: LRCX
status: 200
{'seen': 600, 'kept': 544, 'upserted': 1, 'modified': 543}
===== 5m rolling social counts =====
{"ok":true,"counts":{"StockTwits":553,"Bluesky":190,"Reddit":15},"rows":[{"_id":"StockTwits","count":553},{"_id":"Bluesky","count":190},{"_id":"Reddit","count":15}],"total":758,"window_minutes":5,"since_sec":1781230932,"now_sec":1781231232}

===== PUBLIC SOCIAL COLLECTOR RUN Thu Jun 11 20:28:12 MDT 2026 =====
--- Reddit public finance RSS ---
Fetching https://www.reddit.com/r/stocks/new/.rss
Fetching https://www.reddit.com/r/StockMarket/new/.rss
Failed StockMarket: 429 Client Error: Too Many Requests for url: https://www.reddit.com/r/StockMarket/new/.rss
Fetching https://www.reddit.com/r/investing/new/.rss
Failed investing: 429 Client Error: Too Many Requests for url: https://www.reddit.com/r/investing/new/.rss
Fetching https://www.reddit.com/r/SecurityAnalysis/new/.rss
Failed SecurityAnalysis: 429 Client Error: Too Many Requests for url: https://www.reddit.com/r/SecurityAnalysis/new/.rss
{'seen': 15, 'kept': 15, 'upserted': 0, 'modified': 15}
--- Bluesky public search API ---
Fetching Bluesky query: stocks
status: 200
Fetching Bluesky query: earnings
status: 200
Fetching Bluesky query: stock market
status: 200
Fetching Bluesky query: short squeeze
status: 200
Fetching Bluesky query: IPO
status: 200
Fetching Bluesky query: merger acquisition
status: 200
Fetching Bluesky query: FDA approval stock
status: 200
Fetching Bluesky query: SEC investigation stock
status: 200
Fetching Bluesky query: options trading
status: 200
Fetching Bluesky query: $AAPL
status: 200
Fetching Bluesky query: $TSLA
status: 403
<html><body><h1>403 Forbidden</h1>
Request forbidden by administrative rules.
</body></html>


Fetching Bluesky query: $NVDA
status: 403
<html><body><h1>403 Forbidden</h1>
Request forbidden by administrative rules.
</body></html>


Fetching Bluesky query: $AMD
status: 403
<html><body><h1>403 Forbidden</h1>
Request forbidden by administrative rules.
</body></html>


{'seen': 199, 'kept': 177, 'upserted': 2, 'modified': 175}
--- StockTwits public symbol streams ---
Fetching StockTwits symbol: AAPL
status: 200
Fetching StockTwits symbol: MSFT
status: 200
Fetching StockTwits symbol: NVDA
status: 200
Fetching StockTwits symbol: AMZN
status: 200
Fetching StockTwits symbol: META
status: 200
Fetching StockTwits symbol: GOOGL
status: 200
Fetching StockTwits symbol: GOOG
status: 200
Fetching StockTwits symbol: TSLA
status: 200
Fetching StockTwits symbol: AVGO
status: 200
Fetching StockTwits symbol: AMD
status: 200
Fetching StockTwits symbol: ORCL
status: 200
Fetching StockTwits symbol: ADBE
status: 200
Fetching StockTwits symbol: CRM
status: 200
Fetching StockTwits symbol: NFLX
status: 200
Fetching StockTwits symbol: INTC
status: 200
Fetching StockTwits symbol: QCOM
status: 200
Fetching StockTwits symbol: TXN
status: 200
Fetching StockTwits symbol: MU
status: 200
Fetching StockTwits symbol: AMAT
status: 200
Fetching StockTwits symbol: LRCX
status: 200
{'seen': 600, 'kept': 544, 'upserted': 5, 'modified': 539}
===== 5m rolling social counts =====
{"ok":true,"counts":{"StockTwits":555,"Bluesky":183,"Reddit":15},"rows":[{"_id":"StockTwits","count":555},{"_id":"Bluesky","count":183},{"_id":"Reddit","count":15}],"total":753,"window_minutes":5,"since_sec":1781231005,"now_sec":1781231305}

===== PUBLIC SOCIAL COLLECTOR RUN Thu Jun 11 20:29:26 MDT 2026 =====
--- Reddit public finance RSS ---
Fetching https://www.reddit.com/r/stocks/new/.rss
Fetching https://www.reddit.com/r/StockMarket/new/.rss
Failed StockMarket: 429 Client Error: Too Many Requests for url: https://www.reddit.com/r/StockMarket/new/.rss
Fetching https://www.reddit.com/r/investing/new/.rss
Failed investing: 429 Client Error: Too Many Requests for url: https://www.reddit.com/r/investing/new/.rss
Fetching https://www.reddit.com/r/SecurityAnalysis/new/.rss
Failed SecurityAnalysis: 429 Client Error: Too Many Requests for url: https://www.reddit.com/r/SecurityAnalysis/new/.rss
{'seen': 15, 'kept': 15, 'upserted': 0, 'modified': 15}
--- Bluesky public search API ---
Fetching Bluesky query: stocks
status: 200
Fetching Bluesky query: earnings
status: 200
Fetching Bluesky query: stock market
status: 200
Fetching Bluesky query: short squeeze
status: 200
Fetching Bluesky query: IPO
status: 200
Fetching Bluesky query: merger acquisition
status: 200
Fetching Bluesky query: FDA approval stock
status: 200
Fetching Bluesky query: SEC investigation stock
status: 200
Fetching Bluesky query: options trading
status: 200
Fetching Bluesky query: $AAPL
status: 200
Fetching Bluesky query: $TSLA
status: 403
<html><body><h1>403 Forbidden</h1>
Request forbidden by administrative rules.
</body></html>


Fetching Bluesky query: $NVDA
status: 403
<html><body><h1>403 Forbidden</h1>
Request forbidden by administrative rules.
</body></html>


Fetching Bluesky query: $AMD
status: 403
<html><body><h1>403 Forbidden</h1>
Request forbidden by administrative rules.
</body></html>


{'seen': 199, 'kept': 178, 'upserted': 2, 'modified': 176}
--- StockTwits public symbol streams ---
Fetching StockTwits symbol: AAPL
status: 200
Fetching StockTwits symbol: MSFT
status: 200
Fetching StockTwits symbol: NVDA
status: 200
Fetching StockTwits symbol: AMZN
status: 200
Fetching StockTwits symbol: META
status: 200
Fetching StockTwits symbol: GOOGL
status: 200
Fetching StockTwits symbol: GOOG
status: 200
Fetching StockTwits symbol: TSLA
status: 200
Fetching StockTwits symbol: AVGO
status: 200
Fetching StockTwits symbol: AMD
status: 200
Fetching StockTwits symbol: ORCL
status: 200
Fetching StockTwits symbol: ADBE
status: 200
Fetching StockTwits symbol: CRM
status: 200
Fetching StockTwits symbol: NFLX
status: 200
Fetching StockTwits symbol: INTC
status: 200
Fetching StockTwits symbol: QCOM
status: 200
Fetching StockTwits symbol: TXN
status: 200
Fetching StockTwits symbol: MU
status: 200
Fetching StockTwits symbol: AMAT
status: 200
Fetching StockTwits symbol: LRCX
status: 200
{'seen': 600, 'kept': 544, 'upserted': 3, 'modified': 541}
===== 5m rolling social counts =====
{"ok":true,"counts":{"StockTwits":555,"Bluesky":182,"Reddit":15},"rows":[{"_id":"StockTwits","count":555},{"_id":"Bluesky","count":182},{"_id":"Reddit","count":15}],"total":752,"window_minutes":5,"since_sec":1781231079,"now_sec":1781231379}

===== PUBLIC SOCIAL COLLECTOR RUN Thu Jun 11 20:30:39 MDT 2026 =====
--- Reddit public finance RSS ---
Fetching https://www.reddit.com/r/stocks/new/.rss
Fetching https://www.reddit.com/r/StockMarket/new/.rss
Failed StockMarket: 429 Client Error: Too Many Requests for url: https://www.reddit.com/r/StockMarket/new/.rss
Fetching https://www.reddit.com/r/investing/new/.rss
Failed investing: 429 Client Error: Too Many Requests for url: https://www.reddit.com/r/investing/new/.rss
Fetching https://www.reddit.com/r/SecurityAnalysis/new/.rss
Failed SecurityAnalysis: 429 Client Error: Too Many Requests for url: https://www.reddit.com/r/SecurityAnalysis/new/.rss
{'seen': 15, 'kept': 15, 'upserted': 0, 'modified': 15}
--- Bluesky public search API ---
Fetching Bluesky query: stocks
status: 200
Fetching Bluesky query: earnings
status: 200
Fetching Bluesky query: stock market
status: 200
Fetching Bluesky query: short squeeze
status: 200
Fetching Bluesky query: IPO
status: 200
Fetching Bluesky query: merger acquisition
status: 200
Fetching Bluesky query: FDA approval stock
status: 200
Fetching Bluesky query: SEC investigation stock
status: 200
Fetching Bluesky query: options trading
status: 200
Fetching Bluesky query: $AAPL
status: 200
Fetching Bluesky query: $TSLA
status: 403
<html><body><h1>403 Forbidden</h1>
Request forbidden by administrative rules.
</body></html>


Fetching Bluesky query: $NVDA
status: 403
<html><body><h1>403 Forbidden</h1>
Request forbidden by administrative rules.
</body></html>


Fetching Bluesky query: $AMD
status: 403
<html><body><h1>403 Forbidden</h1>
Request forbidden by administrative rules.
</body></html>


{'seen': 199, 'kept': 178, 'upserted': 2, 'modified': 176}
--- StockTwits public symbol streams ---
Fetching StockTwits symbol: AAPL
status: 200
Fetching StockTwits symbol: MSFT
status: 200
Fetching StockTwits symbol: NVDA
status: 200
Fetching StockTwits symbol: AMZN
status: 200
Fetching StockTwits symbol: META
status: 200
Fetching StockTwits symbol: GOOGL
status: 200
Fetching StockTwits symbol: GOOG
status: 200
Fetching StockTwits symbol: TSLA
status: 200
Fetching StockTwits symbol: AVGO
status: 200
Fetching StockTwits symbol: AMD
status: 200
Fetching StockTwits symbol: ORCL
status: 200
Fetching StockTwits symbol: ADBE
status: 200
Fetching StockTwits symbol: CRM
status: 200
Fetching StockTwits symbol: NFLX
status: 200
Fetching StockTwits symbol: INTC
status: 200
Fetching StockTwits symbol: QCOM
status: 200
Fetching StockTwits symbol: TXN
status: 200
Fetching StockTwits symbol: MU
status: 200
Fetching StockTwits symbol: AMAT
status: 200
Fetching StockTwits symbol: LRCX
status: 200
{'seen': 600, 'kept': 544, 'upserted': 0, 'modified': 544}
===== 5m rolling social counts =====
{"ok":true,"counts":{"StockTwits":552,"Bluesky":183,"Reddit":15},"rows":[{"_id":"StockTwits","count":552},{"_id":"Bluesky","count":183},{"_id":"Reddit","count":15}],"total":750,"window_minutes":5,"since_sec":1781231153,"now_sec":1781231453}

===== PUBLIC SOCIAL COLLECTOR RUN Thu Jun 11 20:31:53 MDT 2026 =====
--- Reddit public finance RSS ---
Fetching https://www.reddit.com/r/stocks/new/.rss
Fetching https://www.reddit.com/r/StockMarket/new/.rss
Failed StockMarket: 429 Client Error: Too Many Requests for url: https://www.reddit.com/r/StockMarket/new/.rss
Fetching https://www.reddit.com/r/investing/new/.rss
Failed investing: 429 Client Error: Too Many Requests for url: https://www.reddit.com/r/investing/new/.rss
Fetching https://www.reddit.com/r/SecurityAnalysis/new/.rss
Failed SecurityAnalysis: 429 Client Error: Too Many Requests for url: https://www.reddit.com/r/SecurityAnalysis/new/.rss
{'seen': 15, 'kept': 15, 'upserted': 0, 'modified': 15}
--- Bluesky public search API ---
Fetching Bluesky query: stocks
status: 200
Fetching Bluesky query: earnings
status: 200
Fetching Bluesky query: stock market
status: 200
Fetching Bluesky query: short squeeze
status: 200
Fetching Bluesky query: IPO
status: 200
Fetching Bluesky query: merger acquisition
status: 200
Fetching Bluesky query: FDA approval stock
status: 200
Fetching Bluesky query: SEC investigation stock
status: 200
Fetching Bluesky query: options trading
status: 200
Fetching Bluesky query: $AAPL
status: 200
Fetching Bluesky query: $TSLA
status: 403
<html><body><h1>403 Forbidden</h1>
Request forbidden by administrative rules.
</body></html>


Fetching Bluesky query: $NVDA
status: 403
<html><body><h1>403 Forbidden</h1>
Request forbidden by administrative rules.
</body></html>


Fetching Bluesky query: $AMD
status: 403
<html><body><h1>403 Forbidden</h1>
Request forbidden by administrative rules.
</body></html>


{'seen': 199, 'kept': 178, 'upserted': 1, 'modified': 177}
--- StockTwits public symbol streams ---
Fetching StockTwits symbol: AAPL
status: 200
Fetching StockTwits symbol: MSFT
status: 200
Fetching StockTwits symbol: NVDA
status: 200
Fetching StockTwits symbol: AMZN
status: 200
Fetching StockTwits symbol: META
status: 200
Fetching StockTwits symbol: GOOGL
status: 200
Fetching StockTwits symbol: GOOG
status: 200
Fetching StockTwits symbol: TSLA
status: 200
Fetching StockTwits symbol: AVGO
status: 200
Fetching StockTwits symbol: AMD
status: 200
Fetching StockTwits symbol: ORCL
status: 200
Fetching StockTwits symbol: ADBE
status: 200
Fetching StockTwits symbol: CRM
status: 200
Fetching StockTwits symbol: NFLX
status: 200
Fetching StockTwits symbol: INTC
status: 200
Fetching StockTwits symbol: QCOM
status: 200
Fetching StockTwits symbol: TXN
status: 200
Fetching StockTwits symbol: MU
status: 200
Fetching StockTwits symbol: AMAT
status: 200
Fetching StockTwits symbol: LRCX
status: 200
{'seen': 600, 'kept': 544, 'upserted': 1, 'modified': 543}
===== 5m rolling social counts =====
{"ok":true,"counts":{"StockTwits":553,"Bluesky":182,"Reddit":15},"rows":[{"_id":"StockTwits","count":553},{"_id":"Bluesky","count":182},{"_id":"Reddit","count":15}],"total":750,"window_minutes":5,"since_sec":1781231227,"now_sec":1781231527}

===== PUBLIC SOCIAL COLLECTOR RUN Thu Jun 11 20:33:07 MDT 2026 =====
--- Reddit public finance RSS ---
Fetching https://www.reddit.com/r/stocks/new/.rss
Fetching https://www.reddit.com/r/StockMarket/new/.rss
Failed StockMarket: 429 Client Error: Too Many Requests for url: https://www.reddit.com/r/StockMarket/new/.rss
Fetching https://www.reddit.com/r/investing/new/.rss
Failed investing: 429 Client Error: Too Many Requests for url: https://www.reddit.com/r/investing/new/.rss
Fetching https://www.reddit.com/r/SecurityAnalysis/new/.rss
Failed SecurityAnalysis: 429 Client Error: Too Many Requests for url: https://www.reddit.com/r/SecurityAnalysis/new/.rss
{'seen': 15, 'kept': 15, 'upserted': 0, 'modified': 15}
--- Bluesky public search API ---
Fetching Bluesky query: stocks
status: 200
Fetching Bluesky query: earnings
status: 200
Fetching Bluesky query: stock market
status: 200
Fetching Bluesky query: short squeeze
status: 200
Fetching Bluesky query: IPO
status: 200
Fetching Bluesky query: merger acquisition
status: 200
Fetching Bluesky query: FDA approval stock
status: 200
Fetching Bluesky query: SEC investigation stock
status: 200
Fetching Bluesky query: options trading
status: 200
Fetching Bluesky query: $AAPL
status: 200
Fetching Bluesky query: $TSLA
status: 403
<html><body><h1>403 Forbidden</h1>
Request forbidden by administrative rules.
</body></html>


Fetching Bluesky query: $NVDA
status: 403
<html><body><h1>403 Forbidden</h1>
Request forbidden by administrative rules.
</body></html>


Fetching Bluesky query: $AMD
status: 403
<html><body><h1>403 Forbidden</h1>
Request forbidden by administrative rules.
</body></html>


{'seen': 199, 'kept': 178, 'upserted': 5, 'modified': 173}
--- StockTwits public symbol streams ---
Fetching StockTwits symbol: AAPL
status: 200
Fetching StockTwits symbol: MSFT
status: 200
Fetching StockTwits symbol: NVDA
status: 200
Fetching StockTwits symbol: AMZN
status: 200
Fetching StockTwits symbol: META
status: 200
Fetching StockTwits symbol: GOOGL
status: 200
Fetching StockTwits symbol: GOOG
status: 200
Fetching StockTwits symbol: TSLA
status: 200
Fetching StockTwits symbol: AVGO
status: 200
Fetching StockTwits symbol: AMD
status: 200
Fetching StockTwits symbol: ORCL
status: 200
Fetching StockTwits symbol: ADBE
status: 200
Fetching StockTwits symbol: CRM
status: 200
Fetching StockTwits symbol: NFLX
status: 200
Fetching StockTwits symbol: INTC
status: 200
Fetching StockTwits symbol: QCOM
status: 200
Fetching StockTwits symbol: TXN
status: 200
Fetching StockTwits symbol: MU
status: 200
Fetching StockTwits symbol: AMAT
status: 200
Fetching StockTwits symbol: LRCX
status: 200
{'seen': 600, 'kept': 544, 'upserted': 0, 'modified': 544}
===== 5m rolling social counts =====
{"ok":true,"counts":{"StockTwits":548,"Bluesky":186,"Reddit":15},"rows":[{"_id":"StockTwits","count":548},{"_id":"Bluesky","count":186},{"_id":"Reddit","count":15}],"total":749,"window_minutes":5,"since_sec":1781231301,"now_sec":1781231601}

===== PUBLIC SOCIAL COLLECTOR RUN Thu Jun 11 20:34:21 MDT 2026 =====
--- Reddit public finance RSS ---
Fetching https://www.reddit.com/r/stocks/new/.rss
Fetching https://www.reddit.com/r/StockMarket/new/.rss
Failed StockMarket: 429 Client Error: Too Many Requests for url: https://www.reddit.com/r/StockMarket/new/.rss
Fetching https://www.reddit.com/r/investing/new/.rss
Failed investing: 429 Client Error: Too Many Requests for url: https://www.reddit.com/r/investing/new/.rss
Fetching https://www.reddit.com/r/SecurityAnalysis/new/.rss
Failed SecurityAnalysis: 429 Client Error: Too Many Requests for url: https://www.reddit.com/r/SecurityAnalysis/new/.rss
{'seen': 15, 'kept': 15, 'upserted': 0, 'modified': 15}
--- Bluesky public search API ---
Fetching Bluesky query: stocks
status: 200
Fetching Bluesky query: earnings
status: 200
Fetching Bluesky query: stock market
status: 200
Fetching Bluesky query: short squeeze
status: 200
Fetching Bluesky query: IPO
status: 200
Fetching Bluesky query: merger acquisition
status: 200
Fetching Bluesky query: FDA approval stock
status: 200
Fetching Bluesky query: SEC investigation stock
status: 200
Fetching Bluesky query: options trading
status: 200
Fetching Bluesky query: $AAPL
status: 200
Fetching Bluesky query: $TSLA
status: 403
<html><body><h1>403 Forbidden</h1>
Request forbidden by administrative rules.
</body></html>


Fetching Bluesky query: $NVDA
status: 403
<html><body><h1>403 Forbidden</h1>
Request forbidden by administrative rules.
</body></html>


Fetching Bluesky query: $AMD
status: 403
<html><body><h1>403 Forbidden</h1>
Request forbidden by administrative rules.
</body></html>


{'seen': 199, 'kept': 178, 'upserted': 5, 'modified': 173}
--- StockTwits public symbol streams ---
Fetching StockTwits symbol: AAPL
status: 200
Fetching StockTwits symbol: MSFT
status: 200
Fetching StockTwits symbol: NVDA
status: 200
Fetching StockTwits symbol: AMZN
status: 200
Fetching StockTwits symbol: META
status: 200
Fetching StockTwits symbol: GOOGL
status: 200
Fetching StockTwits symbol: GOOG
status: 200
Fetching StockTwits symbol: TSLA
status: 200
Fetching StockTwits symbol: AVGO
status: 200
Fetching StockTwits symbol: AMD
status: 200
Fetching StockTwits symbol: ORCL
status: 200
Fetching StockTwits symbol: ADBE
status: 200
Fetching StockTwits symbol: CRM
status: 200
Fetching StockTwits symbol: NFLX
status: 200
Fetching StockTwits symbol: INTC
status: 200
Fetching StockTwits symbol: QCOM
status: 200
Fetching StockTwits symbol: TXN
status: 200
Fetching StockTwits symbol: MU
status: 200
Fetching StockTwits symbol: AMAT
status: 200
Fetching StockTwits symbol: LRCX
status: 200
{'seen': 600, 'kept': 544, 'upserted': 2, 'modified': 542}
===== 5m rolling social counts =====
{"ok":true,"counts":{"StockTwits":547,"Bluesky":189,"Reddit":15},"rows":[{"_id":"StockTwits","count":547},{"_id":"Bluesky","count":189},{"_id":"Reddit","count":15}],"total":751,"window_minutes":5,"since_sec":1781231373,"now_sec":1781231673}

===== PUBLIC SOCIAL COLLECTOR RUN Thu Jun 11 20:35:33 MDT 2026 =====
--- Reddit public finance RSS ---
Fetching https://www.reddit.com/r/stocks/new/.rss
Fetching https://www.reddit.com/r/StockMarket/new/.rss
Failed StockMarket: 429 Client Error: Too Many Requests for url: https://www.reddit.com/r/StockMarket/new/.rss
Fetching https://www.reddit.com/r/investing/new/.rss
Failed investing: 429 Client Error: Too Many Requests for url: https://www.reddit.com/r/investing/new/.rss
Fetching https://www.reddit.com/r/SecurityAnalysis/new/.rss
Failed SecurityAnalysis: 429 Client Error: Too Many Requests for url: https://www.reddit.com/r/SecurityAnalysis/new/.rss
{'seen': 15, 'kept': 15, 'upserted': 0, 'modified': 15}
--- Bluesky public search API ---
Fetching Bluesky query: stocks
status: 200
Fetching Bluesky query: earnings
status: 200
Fetching Bluesky query: stock market
status: 200
Fetching Bluesky query: short squeeze
status: 200
Fetching Bluesky query: IPO
status: 200
Fetching Bluesky query: merger acquisition
status: 200
Fetching Bluesky query: FDA approval stock
status: 200
Fetching Bluesky query: SEC investigation stock
status: 200
Fetching Bluesky query: options trading
status: 200
Fetching Bluesky query: $AAPL
status: 200
Fetching Bluesky query: $TSLA
status: 403
<html><body><h1>403 Forbidden</h1>
Request forbidden by administrative rules.
</body></html>


Fetching Bluesky query: $NVDA
status: 403
<html><body><h1>403 Forbidden</h1>
Request forbidden by administrative rules.
</body></html>


Fetching Bluesky query: $AMD
status: 403
<html><body><h1>403 Forbidden</h1>
Request forbidden by administrative rules.
</body></html>


{'seen': 199, 'kept': 178, 'upserted': 2, 'modified': 176}
--- StockTwits public symbol streams ---
Fetching StockTwits symbol: AAPL
status: 200
Fetching StockTwits symbol: MSFT
status: 200
Fetching StockTwits symbol: NVDA
status: 200
Fetching StockTwits symbol: AMZN
status: 200
Fetching StockTwits symbol: META
status: 200
Fetching StockTwits symbol: GOOGL
status: 200
Fetching StockTwits symbol: GOOG
status: 200
Fetching StockTwits symbol: TSLA
status: 200
Fetching StockTwits symbol: AVGO
status: 200
Fetching StockTwits symbol: AMD
status: 200
Fetching StockTwits symbol: ORCL
status: 200
Fetching StockTwits symbol: ADBE
status: 200
Fetching StockTwits symbol: CRM
status: 200
Fetching StockTwits symbol: NFLX
status: 200
Fetching StockTwits symbol: INTC
status: 200
Fetching StockTwits symbol: QCOM
status: 200
Fetching StockTwits symbol: TXN
status: 200
Fetching StockTwits symbol: MU
status: 200
Fetching StockTwits symbol: AMAT
status: 200
Fetching StockTwits symbol: LRCX
status: 200
{'seen': 600, 'kept': 544, 'upserted': 2, 'modified': 542}
===== 5m rolling social counts =====
{"ok":true,"counts":{"StockTwits":549,"Bluesky":190,"Reddit":15},"rows":[{"_id":"StockTwits","count":549},{"_id":"Bluesky","count":190},{"_id":"Reddit","count":15}],"total":754,"window_minutes":5,"since_sec":1781231447,"now_sec":1781231747}

===== PUBLIC SOCIAL COLLECTOR RUN Thu Jun 11 20:36:47 MDT 2026 =====
--- Reddit public finance RSS ---
Fetching https://www.reddit.com/r/stocks/new/.rss
Fetching https://www.reddit.com/r/StockMarket/new/.rss
Failed StockMarket: 429 Client Error: Too Many Requests for url: https://www.reddit.com/r/StockMarket/new/.rss
Fetching https://www.reddit.com/r/investing/new/.rss
Failed investing: 429 Client Error: Too Many Requests for url: https://www.reddit.com/r/investing/new/.rss
Fetching https://www.reddit.com/r/SecurityAnalysis/new/.rss
Failed SecurityAnalysis: 429 Client Error: Too Many Requests for url: https://www.reddit.com/r/SecurityAnalysis/new/.rss
{'seen': 15, 'kept': 15, 'upserted': 0, 'modified': 15}
--- Bluesky public search API ---
Fetching Bluesky query: stocks
status: 200
Fetching Bluesky query: earnings
status: 200
Fetching Bluesky query: stock market
status: 200
Fetching Bluesky query: short squeeze
status: 200
Fetching Bluesky query: IPO
status: 200
Fetching Bluesky query: merger acquisition
status: 200
Fetching Bluesky query: FDA approval stock
status: 200
Fetching Bluesky query: SEC investigation stock
status: 200
Fetching Bluesky query: options trading
status: 200
Fetching Bluesky query: $AAPL
status: 200
Fetching Bluesky query: $TSLA
status: 403
<html><body><h1>403 Forbidden</h1>
Request forbidden by administrative rules.
</body></html>


Fetching Bluesky query: $NVDA
status: 403
<html><body><h1>403 Forbidden</h1>
Request forbidden by administrative rules.
</body></html>


Fetching Bluesky query: $AMD
status: 403
<html><body><h1>403 Forbidden</h1>
Request forbidden by administrative rules.
</body></html>


{'seen': 199, 'kept': 178, 'upserted': 6, 'modified': 172}
--- StockTwits public symbol streams ---
Fetching StockTwits symbol: AAPL
status: 200
Fetching StockTwits symbol: MSFT
status: 200
Fetching StockTwits symbol: NVDA
status: 200
Fetching StockTwits symbol: AMZN
status: 200
Fetching StockTwits symbol: META
status: 200
Fetching StockTwits symbol: GOOGL
status: 200
Fetching StockTwits symbol: GOOG
status: 200
Fetching StockTwits symbol: TSLA
status: 200
Fetching StockTwits symbol: AVGO
status: 200
Fetching StockTwits symbol: AMD
status: 200
Fetching StockTwits symbol: ORCL
status: 200
Fetching StockTwits symbol: ADBE
status: 200
Fetching StockTwits symbol: CRM
status: 200
Fetching StockTwits symbol: NFLX
status: 200
Fetching StockTwits symbol: INTC
status: 200
Fetching StockTwits symbol: QCOM
status: 200
Fetching StockTwits symbol: TXN
status: 200
Fetching StockTwits symbol: MU
status: 200
Fetching StockTwits symbol: AMAT
status: 200
Fetching StockTwits symbol: LRCX
status: 200
{'seen': 600, 'kept': 544, 'upserted': 3, 'modified': 541}
===== 5m rolling social counts =====
{"ok":true,"counts":{"StockTwits":551,"Bluesky":191,"Reddit":15},"rows":[{"_id":"StockTwits","count":551},{"_id":"Bluesky","count":191},{"_id":"Reddit","count":15}],"total":757,"window_minutes":5,"since_sec":1781231520,"now_sec":1781231820}

===== PUBLIC SOCIAL COLLECTOR RUN Thu Jun 11 20:38:00 MDT 2026 =====
--- Reddit public finance RSS ---
Fetching https://www.reddit.com/r/stocks/new/.rss
Fetching https://www.reddit.com/r/StockMarket/new/.rss
Failed StockMarket: 429 Client Error: Too Many Requests for url: https://www.reddit.com/r/StockMarket/new/.rss
Fetching https://www.reddit.com/r/investing/new/.rss
Failed investing: 429 Client Error: Too Many Requests for url: https://www.reddit.com/r/investing/new/.rss
Fetching https://www.reddit.com/r/SecurityAnalysis/new/.rss
Failed SecurityAnalysis: 429 Client Error: Too Many Requests for url: https://www.reddit.com/r/SecurityAnalysis/new/.rss
{'seen': 15, 'kept': 15, 'upserted': 0, 'modified': 15}
--- Bluesky public search API ---
Fetching Bluesky query: stocks
status: 200
Fetching Bluesky query: earnings
status: 200
Fetching Bluesky query: stock market
status: 200
Fetching Bluesky query: short squeeze
status: 200
Fetching Bluesky query: IPO
status: 200
Fetching Bluesky query: merger acquisition
status: 200
Fetching Bluesky query: FDA approval stock
status: 200
Fetching Bluesky query: SEC investigation stock
status: 200
Fetching Bluesky query: options trading
status: 200
Fetching Bluesky query: $AAPL
status: 200
Fetching Bluesky query: $TSLA
status: 403
<html><body><h1>403 Forbidden</h1>
Request forbidden by administrative rules.
</body></html>


Fetching Bluesky query: $NVDA
status: 403
<html><body><h1>403 Forbidden</h1>
Request forbidden by administrative rules.
</body></html>


Fetching Bluesky query: $AMD
status: 403
<html><body><h1>403 Forbidden</h1>
Request forbidden by administrative rules.
</body></html>


{'seen': 198, 'kept': 177, 'upserted': 1, 'modified': 176}
--- StockTwits public symbol streams ---
Fetching StockTwits symbol: AAPL
status: 200
Fetching StockTwits symbol: MSFT
status: 200
Fetching StockTwits symbol: NVDA
status: 200
Fetching StockTwits symbol: AMZN
status: 200
Fetching StockTwits symbol: META
status: 200
Fetching StockTwits symbol: GOOGL
status: 200
Fetching StockTwits symbol: GOOG
status: 200
Fetching StockTwits symbol: TSLA
status: 200
Fetching StockTwits symbol: AVGO
status: 200
Fetching StockTwits symbol: AMD
status: 200
Fetching StockTwits symbol: ORCL
status: 200
Fetching StockTwits symbol: ADBE
status: 200
Fetching StockTwits symbol: CRM
status: 200
Fetching StockTwits symbol: NFLX
status: 200
Fetching StockTwits symbol: INTC
status: 200
Fetching StockTwits symbol: QCOM
status: 200
Fetching StockTwits symbol: TXN
status: 200
Fetching StockTwits symbol: MU
status: 200
Fetching StockTwits symbol: AMAT
status: 200
Fetching StockTwits symbol: LRCX
status: 200
{'seen': 600, 'kept': 545, 'upserted': 2, 'modified': 543}
===== 5m rolling social counts =====
{"ok":true,"counts":{"StockTwits":553,"Bluesky":187,"Reddit":15},"rows":[{"_id":"StockTwits","count":553},{"_id":"Bluesky","count":187},{"_id":"Reddit","count":15}],"total":755,"window_minutes":5,"since_sec":1781231593,"now_sec":1781231893}

===== PUBLIC SOCIAL COLLECTOR RUN Thu Jun 11 20:39:13 MDT 2026 =====
--- Reddit public finance RSS ---
Fetching https://www.reddit.com/r/stocks/new/.rss
Fetching https://www.reddit.com/r/StockMarket/new/.rss
Failed StockMarket: 429 Client Error: Too Many Requests for url: https://www.reddit.com/r/StockMarket/new/.rss
Fetching https://www.reddit.com/r/investing/new/.rss
Failed investing: 429 Client Error: Too Many Requests for url: https://www.reddit.com/r/investing/new/.rss
Fetching https://www.reddit.com/r/SecurityAnalysis/new/.rss
Failed SecurityAnalysis: 429 Client Error: Too Many Requests for url: https://www.reddit.com/r/SecurityAnalysis/new/.rss
{'seen': 15, 'kept': 15, 'upserted': 0, 'modified': 15}
--- Bluesky public search API ---
Fetching Bluesky query: stocks
status: 200
Fetching Bluesky query: earnings
status: 200
Fetching Bluesky query: stock market
status: 200
Fetching Bluesky query: short squeeze
status: 200
Fetching Bluesky query: IPO
status: 200
Fetching Bluesky query: merger acquisition
status: 200
Fetching Bluesky query: FDA approval stock
status: 200
Fetching Bluesky query: SEC investigation stock
status: 200
Fetching Bluesky query: options trading
status: 200
Fetching Bluesky query: $AAPL
status: 200
Fetching Bluesky query: $TSLA
status: 403
<html><body><h1>403 Forbidden</h1>
Request forbidden by administrative rules.
</body></html>


Fetching Bluesky query: $NVDA
status: 403
<html><body><h1>403 Forbidden</h1>
Request forbidden by administrative rules.
</body></html>


Fetching Bluesky query: $AMD
status: 403
<html><body><h1>403 Forbidden</h1>
Request forbidden by administrative rules.
</body></html>


{'seen': 198, 'kept': 177, 'upserted': 4, 'modified': 173}
--- StockTwits public symbol streams ---
Fetching StockTwits symbol: AAPL
status: 200
Fetching StockTwits symbol: MSFT
status: 200
Fetching StockTwits symbol: NVDA
status: 200
Fetching StockTwits symbol: AMZN
status: 200
Fetching StockTwits symbol: META
status: 200
Fetching StockTwits symbol: GOOGL
status: 200
Fetching StockTwits symbol: GOOG
status: 200
Fetching StockTwits symbol: TSLA
status: 200
Fetching StockTwits symbol: AVGO
status: 200
Fetching StockTwits symbol: AMD
status: 200
Fetching StockTwits symbol: ORCL
status: 200
Fetching StockTwits symbol: ADBE
status: 200
Fetching StockTwits symbol: CRM
status: 200
Fetching StockTwits symbol: NFLX
status: 200
Fetching StockTwits symbol: INTC
status: 200
Fetching StockTwits symbol: QCOM
status: 200
Fetching StockTwits symbol: TXN
status: 200
Fetching StockTwits symbol: MU
status: 200
Fetching StockTwits symbol: AMAT
status: 200
Fetching StockTwits symbol: LRCX
status: 200
{'seen': 600, 'kept': 544, 'upserted': 3, 'modified': 541}
===== 5m rolling social counts =====
{"ok":true,"counts":{"StockTwits":554,"Bluesky":189,"Reddit":15},"rows":[{"_id":"StockTwits","count":554},{"_id":"Bluesky","count":189},{"_id":"Reddit","count":15}],"total":758,"window_minutes":5,"since_sec":1781231666,"now_sec":1781231966}

===== PUBLIC SOCIAL COLLECTOR RUN Thu Jun 11 20:40:26 MDT 2026 =====
--- Reddit public finance RSS ---
Fetching https://www.reddit.com/r/stocks/new/.rss
Fetching https://www.reddit.com/r/StockMarket/new/.rss
Failed StockMarket: 429 Client Error: Too Many Requests for url: https://www.reddit.com/r/StockMarket/new/.rss
Fetching https://www.reddit.com/r/investing/new/.rss
Failed investing: 429 Client Error: Too Many Requests for url: https://www.reddit.com/r/investing/new/.rss
Fetching https://www.reddit.com/r/SecurityAnalysis/new/.rss
Failed SecurityAnalysis: 429 Client Error: Too Many Requests for url: https://www.reddit.com/r/SecurityAnalysis/new/.rss
{'seen': 15, 'kept': 15, 'upserted': 0, 'modified': 15}
--- Bluesky public search API ---
Fetching Bluesky query: stocks
status: 200
Fetching Bluesky query: earnings
status: 200
Fetching Bluesky query: stock market
status: 200
Fetching Bluesky query: short squeeze
status: 200
Fetching Bluesky query: IPO
status: 200
Fetching Bluesky query: merger acquisition
status: 200
Fetching Bluesky query: FDA approval stock
status: 200
Fetching Bluesky query: SEC investigation stock
status: 200
Fetching Bluesky query: options trading
status: 200
Fetching Bluesky query: $AAPL
status: 200
Fetching Bluesky query: $TSLA
status: 403
<html><body><h1>403 Forbidden</h1>
Request forbidden by administrative rules.
</body></html>


Fetching Bluesky query: $NVDA
status: 403
<html><body><h1>403 Forbidden</h1>
Request forbidden by administrative rules.
</body></html>


Fetching Bluesky query: $AMD
status: 403
<html><body><h1>403 Forbidden</h1>
Request forbidden by administrative rules.
</body></html>


{'seen': 198, 'kept': 176, 'upserted': 4, 'modified': 172}
--- StockTwits public symbol streams ---
Fetching StockTwits symbol: AAPL
status: 200
Fetching StockTwits symbol: MSFT
status: 200
Fetching StockTwits symbol: NVDA
status: 200
Fetching StockTwits symbol: AMZN
status: 200
Fetching StockTwits symbol: META
status: 200
Fetching StockTwits symbol: GOOGL
status: 200
Fetching StockTwits symbol: GOOG
status: 200
Fetching StockTwits symbol: TSLA
status: 200
Fetching StockTwits symbol: AVGO
status: 200
Fetching StockTwits symbol: AMD
status: 200
Fetching StockTwits symbol: ORCL
status: 200
Fetching StockTwits symbol: ADBE
status: 200
Fetching StockTwits symbol: CRM
status: 200
Fetching StockTwits symbol: NFLX
status: 200
Fetching StockTwits symbol: INTC
status: 200
Fetching StockTwits symbol: QCOM
status: 200
Fetching StockTwits symbol: TXN
status: 200
Fetching StockTwits symbol: MU
status: 200
Fetching StockTwits symbol: AMAT
status: 200
Fetching StockTwits symbol: LRCX
status: 200
{'seen': 600, 'kept': 544, 'upserted': 0, 'modified': 544}
===== 5m rolling social counts =====
{"ok":true,"counts":{"StockTwits":552,"Bluesky":187,"Reddit":15},"rows":[{"_id":"StockTwits","count":552},{"_id":"Bluesky","count":187},{"_id":"Reddit","count":15}],"total":754,"window_minutes":5,"since_sec":1781231739,"now_sec":1781232040}

===== PUBLIC SOCIAL COLLECTOR RUN Thu Jun 11 20:50:22 MDT 2026 =====
--- Reddit public finance RSS ---
Fetching https://www.reddit.com/r/stocks/new/.rss
Fetching https://www.reddit.com/r/StockMarket/new/.rss
Failed StockMarket: HTTPSConnectionPool(host='www.reddit.com', port=443): Read timed out. (read timeout=20)
Fetching https://www.reddit.com/r/investing/new/.rss
Fetching https://www.reddit.com/r/SecurityAnalysis/new/.rss
Failed SecurityAnalysis: 429 Client Error: Too Many Requests for url: https://www.reddit.com/r/SecurityAnalysis/new/.rss
{'seen': 30, 'kept': 26, 'upserted': 1, 'modified': 25}
--- Bluesky public search API ---
Fetching Bluesky query: stocks
status: 200
Fetching Bluesky query: earnings
status: 200
Fetching Bluesky query: stock market
status: 200
Fetching Bluesky query: short squeeze
status: 200
Fetching Bluesky query: IPO
status: 200
Fetching Bluesky query: merger acquisition
status: 200
Fetching Bluesky query: FDA approval stock
status: 200
Fetching Bluesky query: SEC investigation stock
status: 200
Fetching Bluesky query: options trading
status: 200
Fetching Bluesky query: $AAPL
status: 200
Fetching Bluesky query: $TSLA
status: 403
<html><body><h1>403 Forbidden</h1>
Request forbidden by administrative rules.
</body></html>


Fetching Bluesky query: $NVDA
status: 403
<html><body><h1>403 Forbidden</h1>
Request forbidden by administrative rules.
</body></html>


Fetching Bluesky query: $AMD
status: 403
<html><body><h1>403 Forbidden</h1>
Request forbidden by administrative rules.
</body></html>


{'seen': 197, 'kept': 176, 'upserted': 40, 'modified': 136}
--- StockTwits public symbol streams ---
Fetching StockTwits symbol: AAPL
status: 200
Fetching StockTwits symbol: MSFT
status: 200
Fetching StockTwits symbol: NVDA
status: 200
Fetching StockTwits symbol: AMZN
status: 200
Fetching StockTwits symbol: META
status: 200
Fetching StockTwits symbol: GOOGL
status: 200
Fetching StockTwits symbol: GOOG
status: 200
Fetching StockTwits symbol: TSLA
status: 200
Fetching StockTwits symbol: AVGO
status: 200
Fetching StockTwits symbol: AMD
status: 200
Fetching StockTwits symbol: ORCL
status: 200
Fetching StockTwits symbol: ADBE
status: 200
Fetching StockTwits symbol: CRM
status: 200
Fetching StockTwits symbol: NFLX
status: 200
Fetching StockTwits symbol: INTC
status: 200
Fetching StockTwits symbol: QCOM
status: 200
Fetching StockTwits symbol: TXN
status: 200
Fetching StockTwits symbol: MU
status: 200
Fetching StockTwits symbol: AMAT
status: 200
Fetching StockTwits symbol: LRCX
status: 200
{'seen': 600, 'kept': 536, 'upserted': 49, 'modified': 487}
===== 5m rolling social counts =====
{"ok":true,"counts":{"StockTwits":536,"Bluesky":176,"Reddit":11},"rows":[{"_id":"StockTwits","count":536},{"_id":"Bluesky","count":176},{"_id":"Reddit","count":11}],"total":723,"window_minutes":5,"since_sec":1781232689,"now_sec":1781232989}

===== PUBLIC SOCIAL COLLECTOR RUN Thu Jun 11 21:19:31 MDT 2026 =====
--- Reddit public finance RSS ---
Fetching https://www.reddit.com/r/stocks/new/.rss
Fetching https://www.reddit.com/r/StockMarket/new/.rss
Failed StockMarket: 429 Client Error: Too Many Requests for url: https://www.reddit.com/r/StockMarket/new/.rss
Fetching https://www.reddit.com/r/investing/new/.rss
Failed investing: 429 Client Error: Too Many Requests for url: https://www.reddit.com/r/investing/new/.rss
Fetching https://www.reddit.com/r/SecurityAnalysis/new/.rss
Failed SecurityAnalysis: 429 Client Error: Too Many Requests for url: https://www.reddit.com/r/SecurityAnalysis/new/.rss
{'seen': 15, 'kept': 15, 'upserted': 2, 'modified': 13}
--- Bluesky public search API ---
Fetching Bluesky query: stocks
status: 200
Fetching Bluesky query: earnings
status: 200
Fetching Bluesky query: stock market
status: 200
Fetching Bluesky query: short squeeze
status: 200
Fetching Bluesky query: IPO
Bluesky IPO: SKIP HTTPSConnectionPool(host='api.bsky.app', port=443): Read timed out. (read timeout=25)
Fetching Bluesky query: merger acquisition
status: 200
Fetching Bluesky query: FDA approval stock
status: 200
Fetching Bluesky query: SEC investigation stock
status: 200
Fetching Bluesky query: options trading
status: 200
Fetching Bluesky query: $AAPL
status: 200
Fetching Bluesky query: $TSLA
status: 200
Fetching Bluesky query: $NVDA
status: 200
Fetching Bluesky query: $AMD
status: 200
{'seen': 219, 'kept': 178, 'upserted': 48, 'modified': 130}
--- StockTwits public symbol streams ---
Fetching StockTwits symbol: AAPL
status: 200
Fetching StockTwits symbol: MSFT
status: 200
Fetching StockTwits symbol: NVDA
status: 200
Fetching StockTwits symbol: AMZN
status: 200
Fetching StockTwits symbol: META
status: 200
Fetching StockTwits symbol: GOOGL
status: 200
Fetching StockTwits symbol: GOOG
status: 200
Fetching StockTwits symbol: TSLA
status: 200
Fetching StockTwits symbol: AVGO
status: 200
Fetching StockTwits symbol: AMD
status: 200
Fetching StockTwits symbol: ORCL
status: 200
Fetching StockTwits symbol: ADBE
StockTwits ADBE: SKIP HTTPSConnectionPool(host='api.stocktwits.com', port=443): Read timed out. (read timeout=25)
Fetching StockTwits symbol: CRM
status: 200
Fetching StockTwits symbol: NFLX
status: 200
Fetching StockTwits symbol: INTC
status: 200
Fetching StockTwits symbol: QCOM
status: 200
Fetching StockTwits symbol: TXN
status: 200
Fetching StockTwits symbol: MU
status: 200
Fetching StockTwits symbol: AMAT
status: 200
Fetching StockTwits symbol: LRCX
status: 200
{'seen': 570, 'kept': 512, 'upserted': 87, 'modified': 425}
===== 5m rolling social counts =====
{"ok":true,"counts":{"StockTwits":512,"Bluesky":116},"rows":[{"_id":"StockTwits","count":512},{"_id":"Bluesky","count":116}],"total":628,"window_minutes":5,"since_sec":1781236758,"now_sec":1781237058}

===== PUBLIC SOCIAL COLLECTOR RUN Thu Jun 11 22:58:23 MDT 2026 =====
--- Reddit public finance RSS ---
Fetching https://www.reddit.com/r/stocks/new/.rss
Fetching https://www.reddit.com/r/StockMarket/new/.rss
Failed StockMarket: 429 Client Error: Too Many Requests for url: https://www.reddit.com/r/StockMarket/new/.rss
Fetching https://www.reddit.com/r/investing/new/.rss
Failed investing: 429 Client Error: Too Many Requests for url: https://www.reddit.com/r/investing/new/.rss
Fetching https://www.reddit.com/r/SecurityAnalysis/new/.rss
Failed SecurityAnalysis: 429 Client Error: Too Many Requests for url: https://www.reddit.com/r/SecurityAnalysis/new/.rss
{'seen': 15, 'kept': 15, 'upserted': 0, 'modified': 15}
--- Bluesky public search API ---
Fetching Bluesky query: stocks
status: 200
Fetching Bluesky query: earnings
status: 200
Fetching Bluesky query: stock market
status: 200
Fetching Bluesky query: short squeeze
status: 200
Fetching Bluesky query: IPO
status: 200
Fetching Bluesky query: merger acquisition
status: 200
Fetching Bluesky query: FDA approval stock
status: 200
Fetching Bluesky query: SEC investigation stock
status: 200
Fetching Bluesky query: options trading
status: 200
Fetching Bluesky query: $AAPL
status: 200
Fetching Bluesky query: $TSLA
status: 403
<html><body><h1>403 Forbidden</h1>
Request forbidden by administrative rules.
</body></html>


Fetching Bluesky query: $NVDA
status: 403
<html><body><h1>403 Forbidden</h1>
Request forbidden by administrative rules.
</body></html>


Fetching Bluesky query: $AMD
status: 403
<html><body><h1>403 Forbidden</h1>
Request forbidden by administrative rules.
</body></html>


{'seen': 199, 'kept': 178, 'upserted': 74, 'modified': 104}
--- StockTwits public symbol streams ---
Fetching StockTwits symbol: AAPL
status: 200
Fetching StockTwits symbol: MSFT
status: 200
Fetching StockTwits symbol: NVDA
status: 200
Fetching StockTwits symbol: AMZN
status: 200
Fetching StockTwits symbol: META
status: 200
Fetching StockTwits symbol: GOOGL
status: 200
Fetching StockTwits symbol: GOOG
status: 200
Fetching StockTwits symbol: TSLA
status: 200
Fetching StockTwits symbol: AVGO
status: 200
Fetching StockTwits symbol: AMD
status: 200
Fetching StockTwits symbol: ORCL
status: 200
Fetching StockTwits symbol: ADBE
status: 200
Fetching StockTwits symbol: CRM
status: 200
Fetching StockTwits symbol: NFLX
status: 200
Fetching StockTwits symbol: INTC
status: 200
Fetching StockTwits symbol: QCOM
status: 200
Fetching StockTwits symbol: TXN
status: 200
Fetching StockTwits symbol: MU
status: 200
Fetching StockTwits symbol: AMAT
status: 200
Fetching StockTwits symbol: LRCX
StockTwits LRCX: SKIP HTTPSConnectionPool(host='api.stocktwits.com', port=443): Read timed out. (read timeout=25)
{'seen': 570, 'kept': 526, 'upserted': 95, 'modified': 431}
===== 5m rolling social counts =====
{"ok":true,"counts":{"StockTwits":526,"Bluesky":178,"Reddit":15},"rows":[{"_id":"StockTwits","count":526},{"_id":"Bluesky","count":178},{"_id":"Reddit","count":15}],"total":719,"window_minutes":5,"since_sec":1781240156,"now_sec":1781240457}

===== PUBLIC SOCIAL COLLECTOR RUN Thu Jun 11 23:42:20 MDT 2026 =====
--- Reddit public finance RSS ---
Fetching https://www.reddit.com/r/stocks/new/.rss
Fetching https://www.reddit.com/r/StockMarket/new/.rss
Failed StockMarket: 429 Client Error: Too Many Requests for url: https://www.reddit.com/r/StockMarket/new/.rss
Fetching https://www.reddit.com/r/investing/new/.rss
Failed investing: 429 Client Error: Too Many Requests for url: https://www.reddit.com/r/investing/new/.rss
Fetching https://www.reddit.com/r/SecurityAnalysis/new/.rss
Failed SecurityAnalysis: 429 Client Error: Too Many Requests for url: https://www.reddit.com/r/SecurityAnalysis/new/.rss
{'seen': 15, 'kept': 15, 'upserted': 1, 'modified': 14}
--- Bluesky public search API ---
Fetching Bluesky query: stocks
Bluesky stocks: SKIP ('Connection aborted.', ConnectionResetError(54, 'Connection reset by peer'))
Fetching Bluesky query: earnings
status: 200
Fetching Bluesky query: stock market
status: 200
Fetching Bluesky query: short squeeze
status: 200
Fetching Bluesky query: IPO
status: 200
Fetching Bluesky query: merger acquisition
status: 200
Fetching Bluesky query: FDA approval stock
status: 200
Fetching Bluesky query: SEC investigation stock
status: 200
Fetching Bluesky query: options trading
status: 200
Fetching Bluesky query: $AAPL
status: 200
Fetching Bluesky query: $TSLA
Bluesky $TSLA: SKIP HTTPSConnectionPool(host='api.bsky.app', port=443): Read timed out. (read timeout=25)
Fetching Bluesky query: $NVDA
status: 200
Fetching Bluesky query: $AMD
status: 200
{'seen': 218, 'kept': 177, 'upserted': 60, 'modified': 117}
--- StockTwits public symbol streams ---
Fetching StockTwits symbol: AAPL
status: 200
Fetching StockTwits symbol: MSFT
status: 200
Fetching StockTwits symbol: NVDA
status: 200
Fetching StockTwits symbol: AMZN
status: 200
Fetching StockTwits symbol: META
status: 200
Fetching StockTwits symbol: GOOGL
status: 200
Fetching StockTwits symbol: GOOG
status: 200
Fetching StockTwits symbol: TSLA
status: 200
Fetching StockTwits symbol: AVGO
status: 200
Fetching StockTwits symbol: AMD
status: 200
Fetching StockTwits symbol: ORCL
status: 200
Fetching StockTwits symbol: ADBE
status: 200
Fetching StockTwits symbol: CRM
status: 200
Fetching StockTwits symbol: NFLX
status: 200
Fetching StockTwits symbol: INTC
status: 200
Fetching StockTwits symbol: QCOM
status: 200
Fetching StockTwits symbol: TXN
status: 200
Fetching StockTwits symbol: MU
status: 200
Fetching StockTwits symbol: AMAT
status: 200
Fetching StockTwits symbol: LRCX
status: 200
{'seen': 600, 'kept': 551, 'upserted': 165, 'modified': 386}
===== 5m rolling social counts =====
{"ok":true,"counts":{"StockTwits":551,"Bluesky":18},"rows":[{"_id":"StockTwits","count":551},{"_id":"Bluesky","count":18}],"total":569,"window_minutes":5,"since_sec":1781245645,"now_sec":1781245945}

===== PUBLIC SOCIAL COLLECTOR RUN Fri Jun 12 01:03:48 MDT 2026 =====
--- Reddit public finance RSS ---
Fetching https://www.reddit.com/r/stocks/new/.rss
Fetching https://www.reddit.com/r/StockMarket/new/.rss
Failed StockMarket: 429 Client Error: Too Many Requests for url: https://www.reddit.com/r/StockMarket/new/.rss
Fetching https://www.reddit.com/r/investing/new/.rss
Failed investing: 429 Client Error: Too Many Requests for url: https://www.reddit.com/r/investing/new/.rss
Fetching https://www.reddit.com/r/SecurityAnalysis/new/.rss
Failed SecurityAnalysis: 429 Client Error: Too Many Requests for url: https://www.reddit.com/r/SecurityAnalysis/new/.rss
{'seen': 15, 'kept': 15, 'upserted': 0, 'modified': 15}
--- Bluesky public search API ---
Fetching Bluesky query: stocks
status: 200
Fetching Bluesky query: earnings
status: 200
Fetching Bluesky query: stock market
status: 200
Fetching Bluesky query: short squeeze
status: 200
Fetching Bluesky query: IPO
status: 200
Fetching Bluesky query: merger acquisition
Bluesky merger acquisition: SKIP HTTPSConnectionPool(host='api.bsky.app', port=443): Read timed out. (read timeout=25)
Fetching Bluesky query: FDA approval stock
status: 200
Fetching Bluesky query: SEC investigation stock
status: 200
Fetching Bluesky query: options trading
status: 200
Fetching Bluesky query: $AAPL
Bluesky $AAPL: SKIP HTTPSConnectionPool(host='api.bsky.app', port=443): Read timed out. (read timeout=25)
Fetching Bluesky query: $TSLA
status: 200
Fetching Bluesky query: $NVDA
status: 200
Fetching Bluesky query: $AMD
status: 200
{'seen': 219, 'kept': 173, 'upserted': 84, 'modified': 89}
--- StockTwits public symbol streams ---
Fetching StockTwits symbol: AAPL
status: 200
Fetching StockTwits symbol: MSFT
status: 200
Fetching StockTwits symbol: NVDA
status: 200
Fetching StockTwits symbol: AMZN
status: 200
Fetching StockTwits symbol: META
status: 200
Fetching StockTwits symbol: GOOGL
status: 200
Fetching StockTwits symbol: GOOG
status: 200
Fetching StockTwits symbol: TSLA
status: 200
Fetching StockTwits symbol: AVGO
status: 200
Fetching StockTwits symbol: AMD
status: 200
Fetching StockTwits symbol: ORCL
status: 200
Fetching StockTwits symbol: ADBE
status: 200
Fetching StockTwits symbol: CRM
status: 200
Fetching StockTwits symbol: NFLX
status: 200
Fetching StockTwits symbol: INTC
status: 200
Fetching StockTwits symbol: QCOM
status: 200
Fetching StockTwits symbol: TXN
status: 200
Fetching StockTwits symbol: MU
status: 200
Fetching StockTwits symbol: AMAT
status: 200
Fetching StockTwits symbol: LRCX
status: 200
{'seen': 600, 'kept': 552, 'upserted': 95, 'modified': 457}
===== 5m rolling social counts =====
{"ok":true,"counts":{"StockTwits":552,"Bluesky":34},"rows":[{"_id":"StockTwits","count":552},{"_id":"Bluesky","count":34}],"total":586,"window_minutes":5,"since_sec":1781249381,"now_sec":1781249681}

===== PUBLIC SOCIAL COLLECTOR RUN Fri Jun 12 02:38:04 MDT 2026 =====
--- Reddit public finance RSS ---
Fetching https://www.reddit.com/r/stocks/new/.rss
Fetching https://www.reddit.com/r/StockMarket/new/.rss
Failed StockMarket: 429 Client Error: Too Many Requests for url: https://www.reddit.com/r/StockMarket/new/.rss
Fetching https://www.reddit.com/r/investing/new/.rss
Failed investing: 429 Client Error: Too Many Requests for url: https://www.reddit.com/r/investing/new/.rss
Fetching https://www.reddit.com/r/SecurityAnalysis/new/.rss
Failed SecurityAnalysis: 429 Client Error: Too Many Requests for url: https://www.reddit.com/r/SecurityAnalysis/new/.rss
{'seen': 15, 'kept': 15, 'upserted': 1, 'modified': 14}
--- Bluesky public search API ---
Fetching Bluesky query: stocks
status: 200
Fetching Bluesky query: earnings
status: 200
Fetching Bluesky query: stock market
status: 200
Fetching Bluesky query: short squeeze
status: 200
Fetching Bluesky query: IPO
status: 200
Fetching Bluesky query: merger acquisition
status: 200
Fetching Bluesky query: FDA approval stock
status: 200
Fetching Bluesky query: SEC investigation stock
status: 200
Fetching Bluesky query: options trading
status: 200
Fetching Bluesky query: $AAPL
status: 200
Fetching Bluesky query: $TSLA
status: 403
<html><body><h1>403 Forbidden</h1>
Request forbidden by administrative rules.
</body></html>


Fetching Bluesky query: $NVDA
status: 403
<html><body><h1>403 Forbidden</h1>
Request forbidden by administrative rules.
</body></html>


Fetching Bluesky query: $AMD
status: 403
<html><body><h1>403 Forbidden</h1>
Request forbidden by administrative rules.
</body></html>


{'seen': 199, 'kept': 174, 'upserted': 85, 'modified': 89}
--- StockTwits public symbol streams ---
Fetching StockTwits symbol: AAPL
status: 200
Fetching StockTwits symbol: MSFT
status: 200
Fetching StockTwits symbol: NVDA
status: 200
Fetching StockTwits symbol: AMZN
status: 200
Fetching StockTwits symbol: META
status: 200
Fetching StockTwits symbol: GOOGL
status: 200
Fetching StockTwits symbol: GOOG
status: 200
Fetching StockTwits symbol: TSLA
status: 200
Fetching StockTwits symbol: AVGO
status: 200
Fetching StockTwits symbol: AMD
status: 200
Fetching StockTwits symbol: ORCL
status: 200
Fetching StockTwits symbol: ADBE
status: 200
Fetching StockTwits symbol: CRM
status: 200
Fetching StockTwits symbol: NFLX
status: 200
Fetching StockTwits symbol: INTC
status: 200
Fetching StockTwits symbol: QCOM
status: 200
Fetching StockTwits symbol: TXN
status: 200
Fetching StockTwits symbol: MU
status: 200
Fetching StockTwits symbol: AMAT
status: 200
Fetching StockTwits symbol: LRCX
status: 200
{'seen': 599, 'kept': 539, 'upserted': 77, 'modified': 462}
===== 5m rolling social counts =====
{"ok":true,"counts":{"StockTwits":539,"Bluesky":174,"Reddit":15},"rows":[{"_id":"StockTwits","count":539},{"_id":"Bluesky","count":174},{"_id":"Reddit","count":15}],"total":728,"window_minutes":5,"since_sec":1781253201,"now_sec":1781253501}

===== PUBLIC SOCIAL COLLECTOR RUN Fri Jun 12 04:23:12 MDT 2026 =====
--- Reddit public finance RSS ---
Fetching https://www.reddit.com/r/stocks/new/.rss
Fetching https://www.reddit.com/r/StockMarket/new/.rss
Failed StockMarket: 429 Client Error: Too Many Requests for url: https://www.reddit.com/r/StockMarket/new/.rss
Fetching https://www.reddit.com/r/investing/new/.rss
Failed investing: 429 Client Error: Too Many Requests for url: https://www.reddit.com/r/investing/new/.rss
Fetching https://www.reddit.com/r/SecurityAnalysis/new/.rss
Failed SecurityAnalysis: 429 Client Error: Too Many Requests for url: https://www.reddit.com/r/SecurityAnalysis/new/.rss
{'seen': 15, 'kept': 15, 'upserted': 3, 'modified': 12}
--- Bluesky public search API ---
Fetching Bluesky query: stocks
status: 200
Fetching Bluesky query: earnings
status: 200
Fetching Bluesky query: stock market
status: 200
Fetching Bluesky query: short squeeze
status: 200
Fetching Bluesky query: IPO
status: 200
Fetching Bluesky query: merger acquisition
status: 200
Fetching Bluesky query: FDA approval stock
status: 200
Fetching Bluesky query: SEC investigation stock
status: 200
Fetching Bluesky query: options trading
status: 200
Fetching Bluesky query: $AAPL
status: 200
Fetching Bluesky query: $TSLA
status: 403
<html><body><h1>403 Forbidden</h1>
Request forbidden by administrative rules.
</body></html>


Fetching Bluesky query: $NVDA
status: 403
<html><body><h1>403 Forbidden</h1>
Request forbidden by administrative rules.
</body></html>


Fetching Bluesky query: $AMD
status: 403
<html><body><h1>403 Forbidden</h1>
Request forbidden by administrative rules.
</body></html>


{'seen': 199, 'kept': 176, 'upserted': 89, 'modified': 87}
--- StockTwits public symbol streams ---
Fetching StockTwits symbol: AAPL
status: 200
Fetching StockTwits symbol: MSFT
status: 200
Fetching StockTwits symbol: NVDA
status: 200
Fetching StockTwits symbol: AMZN
status: 200
Fetching StockTwits symbol: META
status: 200
Fetching StockTwits symbol: GOOGL
status: 200
Fetching StockTwits symbol: GOOG
status: 200
Fetching StockTwits symbol: TSLA
status: 200
Fetching StockTwits symbol: AVGO
status: 200
Fetching StockTwits symbol: AMD
status: 200
Fetching StockTwits symbol: ORCL
status: 200
Fetching StockTwits symbol: ADBE
status: 200
Fetching StockTwits symbol: CRM
status: 200
Fetching StockTwits symbol: NFLX
status: 200
Fetching StockTwits symbol: INTC
status: 200
Fetching StockTwits symbol: QCOM
status: 200
Fetching StockTwits symbol: TXN
status: 200
Fetching StockTwits symbol: MU
status: 200
Fetching StockTwits symbol: AMAT
status: 200
Fetching StockTwits symbol: LRCX
status: 200
{'seen': 599, 'kept': 532, 'upserted': 128, 'modified': 404}
===== 5m rolling social counts =====
{"ok":true,"counts":{"StockTwits":532,"Bluesky":176,"Reddit":15},"rows":[{"_id":"StockTwits","count":532},{"_id":"Bluesky","count":176},{"_id":"Reddit","count":15}],"total":723,"window_minutes":5,"since_sec":1781259508,"now_sec":1781259808}

===== PUBLIC SOCIAL COLLECTOR RUN Fri Jun 12 05:40:49 MDT 2026 =====
--- Reddit public finance RSS ---
Fetching https://www.reddit.com/r/stocks/new/.rss
Fetching https://www.reddit.com/r/StockMarket/new/.rss
Failed StockMarket: 429 Client Error: Too Many Requests for url: https://www.reddit.com/r/StockMarket/new/.rss
Fetching https://www.reddit.com/r/investing/new/.rss
Failed investing: 429 Client Error: Too Many Requests for url: https://www.reddit.com/r/investing/new/.rss
Fetching https://www.reddit.com/r/SecurityAnalysis/new/.rss
Failed SecurityAnalysis: 429 Client Error: Too Many Requests for url: https://www.reddit.com/r/SecurityAnalysis/new/.rss
{'seen': 15, 'kept': 15, 'upserted': 2, 'modified': 13}
--- Bluesky public search API ---
Fetching Bluesky query: stocks
status: 200
Fetching Bluesky query: earnings
status: 200
Fetching Bluesky query: stock market
status: 200
Fetching Bluesky query: short squeeze
status: 200
Fetching Bluesky query: IPO
status: 200
Fetching Bluesky query: merger acquisition
status: 200
Fetching Bluesky query: FDA approval stock
status: 200
Fetching Bluesky query: SEC investigation stock
status: 200
Fetching Bluesky query: options trading
status: 200
Fetching Bluesky query: $AAPL
status: 200
Fetching Bluesky query: $TSLA
status: 403
<html><body><h1>403 Forbidden</h1>
Request forbidden by administrative rules.
</body></html>


Fetching Bluesky query: $NVDA
status: 403
<html><body><h1>403 Forbidden</h1>
Request forbidden by administrative rules.
</body></html>


Fetching Bluesky query: $AMD
status: 403
<html><body><h1>403 Forbidden</h1>
Request forbidden by administrative rules.
</body></html>


{'seen': 199, 'kept': 175, 'upserted': 83, 'modified': 92}
--- StockTwits public symbol streams ---
Fetching StockTwits symbol: AAPL
status: 200
Fetching StockTwits symbol: MSFT
status: 200
Fetching StockTwits symbol: NVDA
status: 200
Fetching StockTwits symbol: AMZN
status: 200
Fetching StockTwits symbol: META
status: 200
Fetching StockTwits symbol: GOOGL
status: 200
Fetching StockTwits symbol: GOOG
status: 200
Fetching StockTwits symbol: TSLA
status: 200
Fetching StockTwits symbol: AVGO
status: 200
Fetching StockTwits symbol: AMD
status: 200
Fetching StockTwits symbol: ORCL
status: 200
Fetching StockTwits symbol: ADBE
status: 200
Fetching StockTwits symbol: CRM
status: 200
Fetching StockTwits symbol: NFLX
status: 200
Fetching StockTwits symbol: INTC
status: 200
Fetching StockTwits symbol: QCOM
status: 200
Fetching StockTwits symbol: TXN
status: 200
Fetching StockTwits symbol: MU
status: 200
Fetching StockTwits symbol: AMAT
status: 200
Fetching StockTwits symbol: LRCX
status: 200
{'seen': 600, 'kept': 544, 'upserted': 200, 'modified': 344}
===== 5m rolling social counts =====
{"ok":true,"counts":{"StockTwits":544,"Bluesky":175,"Reddit":15},"rows":[{"_id":"StockTwits","count":544},{"_id":"Bluesky","count":175},{"_id":"Reddit","count":15}],"total":734,"window_minutes":5,"since_sec":1781263091,"now_sec":1781263391}

===== PUBLIC SOCIAL COLLECTOR RUN Fri Jun 12 05:42:07 MDT 2026 =====
--- Reddit public finance RSS ---
Fetching https://www.reddit.com/r/stocks/new/.rss
Fetching https://www.reddit.com/r/StockMarket/new/.rss
Failed StockMarket: 429 Client Error: Too Many Requests for url: https://www.reddit.com/r/StockMarket/new/.rss
Fetching https://www.reddit.com/r/investing/new/.rss
Failed investing: 429 Client Error: Too Many Requests for url: https://www.reddit.com/r/investing/new/.rss
Fetching https://www.reddit.com/r/SecurityAnalysis/new/.rss
Failed SecurityAnalysis: 429 Client Error: Too Many Requests for url: https://www.reddit.com/r/SecurityAnalysis/new/.rss
{'seen': 15, 'kept': 15, 'upserted': 0, 'modified': 15}
--- Bluesky public search API ---
Fetching Bluesky query: stocks
status: 200
Fetching Bluesky query: earnings
status: 200
Fetching Bluesky query: stock market
status: 200
Fetching Bluesky query: short squeeze
status: 200
Fetching Bluesky query: IPO
status: 200
Fetching Bluesky query: merger acquisition
status: 200
Fetching Bluesky query: FDA approval stock
status: 200
Fetching Bluesky query: SEC investigation stock
status: 200
Fetching Bluesky query: options trading
status: 200
Fetching Bluesky query: $AAPL
Bluesky $AAPL: SKIP HTTPSConnectionPool(host='api.bsky.app', port=443): Read timed out. (read timeout=25)
Fetching Bluesky query: $TSLA
status: 200
Fetching Bluesky query: $NVDA
status: 200
Fetching Bluesky query: $AMD
Bluesky $AMD: SKIP HTTPSConnectionPool(host='api.bsky.app', port=443): Read timed out. (read timeout=25)
{'seen': 218, 'kept': 192, 'upserted': 36, 'modified': 156}
--- StockTwits public symbol streams ---
Fetching StockTwits symbol: AAPL
status: 200
Fetching StockTwits symbol: MSFT
status: 200
Fetching StockTwits symbol: NVDA
status: 200
Fetching StockTwits symbol: AMZN
StockTwits AMZN: SKIP HTTPSConnectionPool(host='api.stocktwits.com', port=443): Read timed out. (read timeout=25)
Fetching StockTwits symbol: META
status: 200
Fetching StockTwits symbol: GOOGL
status: 200
Fetching StockTwits symbol: GOOG
status: 200
Fetching StockTwits symbol: TSLA
status: 200
Fetching StockTwits symbol: AVGO
status: 200
Fetching StockTwits symbol: AMD
status: 200
Fetching StockTwits symbol: ORCL
status: 200
Fetching StockTwits symbol: ADBE
status: 200
Fetching StockTwits symbol: CRM
status: 200
Fetching StockTwits symbol: NFLX
status: 200
Fetching StockTwits symbol: INTC
status: 200
Fetching StockTwits symbol: QCOM
status: 200
Fetching StockTwits symbol: TXN
status: 200
Fetching StockTwits symbol: MU
status: 200
Fetching StockTwits symbol: AMAT
status: 200
Fetching StockTwits symbol: LRCX
status: 200
{'seen': 570, 'kept': 529, 'upserted': 230, 'modified': 299}
===== 5m rolling social counts =====
{"ok":true,"counts":{"StockTwits":442},"rows":[{"_id":"StockTwits","count":442}],"total":442,"window_minutes":5,"since_sec":1781268680,"now_sec":1781268980}

===== PUBLIC SOCIAL COLLECTOR RUN Fri Jun 12 07:31:25 MDT 2026 =====
--- Reddit public finance RSS ---
Fetching https://www.reddit.com/r/stocks/new/.rss
Fetching https://www.reddit.com/r/StockMarket/new/.rss
Failed StockMarket: 429 Client Error: Too Many Requests for url: https://www.reddit.com/r/StockMarket/new/.rss
Fetching https://www.reddit.com/r/investing/new/.rss
Failed investing: 429 Client Error: Too Many Requests for url: https://www.reddit.com/r/investing/new/.rss
Fetching https://www.reddit.com/r/SecurityAnalysis/new/.rss
Failed SecurityAnalysis: 429 Client Error: Too Many Requests for url: https://www.reddit.com/r/SecurityAnalysis/new/.rss
{'seen': 15, 'kept': 15, 'upserted': 2, 'modified': 13}
--- Bluesky public search API ---
Fetching Bluesky query: stocks
status: 200
Fetching Bluesky query: earnings
status: 200
Fetching Bluesky query: stock market
Bluesky stock market: SKIP HTTPSConnectionPool(host='api.bsky.app', port=443): Read timed out. (read timeout=25)
Fetching Bluesky query: short squeeze
status: 200
Fetching Bluesky query: IPO
status: 200
Fetching Bluesky query: merger acquisition
status: 200
Fetching Bluesky query: FDA approval stock
status: 200
Fetching Bluesky query: SEC investigation stock
status: 200
Fetching Bluesky query: options trading
status: 502
{"error":"InternalServerError","message":"Upstream server responded with a 500 error"}
Fetching Bluesky query: $AAPL
status: 502
{"error":"InternalServerError","message":"Upstream server responded with a 500 error"}
Fetching Bluesky query: $TSLA
status: 502
{"error":"InternalServerError","message":"Upstream server responded with a 500 error"}
Fetching Bluesky query: $NVDA
status: 502
{"error":"InternalServerError","message":"Upstream server responded with a 500 error"}
Fetching Bluesky query: $AMD
status: 502
{"error":"InternalServerError","message":"Upstream server responded with a 500 error"}
{'seen': 96, 'kept': 91, 'upserted': 56, 'modified': 35}
--- StockTwits public symbol streams ---
Fetching StockTwits symbol: AAPL
status: 200
Fetching StockTwits symbol: MSFT
status: 200
Fetching StockTwits symbol: NVDA
status: 200
Fetching StockTwits symbol: AMZN
status: 200
Fetching StockTwits symbol: META
status: 200
Fetching StockTwits symbol: GOOGL
status: 200
Fetching StockTwits symbol: GOOG
status: 200
Fetching StockTwits symbol: TSLA
status: 200
Fetching StockTwits symbol: AVGO
status: 200
Fetching StockTwits symbol: AMD
status: 200
Fetching StockTwits symbol: ORCL
status: 200
Fetching StockTwits symbol: ADBE
status: 200
Fetching StockTwits symbol: CRM
status: 200
Fetching StockTwits symbol: NFLX
status: 200
Fetching StockTwits symbol: INTC
status: 200
Fetching StockTwits symbol: QCOM
status: 200
Fetching StockTwits symbol: TXN
status: 200
Fetching StockTwits symbol: MU
status: 200
Fetching StockTwits symbol: AMAT
status: 200
Fetching StockTwits symbol: LRCX
status: 200
{'seen': 600, 'kept': 551, 'upserted': 366, 'modified': 185}
===== 5m rolling social counts =====
{"ok":true,"counts":{"StockTwits":551,"Bluesky":53},"rows":[{"_id":"StockTwits","count":551},{"_id":"Bluesky","count":53}],"total":604,"window_minutes":5,"since_sec":1781272574,"now_sec":1781272874}

===== PUBLIC SOCIAL COLLECTOR RUN Fri Jun 12 08:29:10 MDT 2026 =====
--- Reddit public finance RSS ---
Fetching https://www.reddit.com/r/stocks/new/.rss
Fetching https://www.reddit.com/r/StockMarket/new/.rss
Failed StockMarket: 429 Client Error: Too Many Requests for url: https://www.reddit.com/r/StockMarket/new/.rss
Fetching https://www.reddit.com/r/investing/new/.rss
Failed investing: 429 Client Error: Too Many Requests for url: https://www.reddit.com/r/investing/new/.rss
Fetching https://www.reddit.com/r/SecurityAnalysis/new/.rss
Failed SecurityAnalysis: 429 Client Error: Too Many Requests for url: https://www.reddit.com/r/SecurityAnalysis/new/.rss
{'seen': 15, 'kept': 15, 'upserted': 0, 'modified': 15}
--- Bluesky public search API ---
Fetching Bluesky query: stocks
status: 200
Fetching Bluesky query: earnings
status: 200
Fetching Bluesky query: stock market
status: 200
Fetching Bluesky query: short squeeze
status: 200
Fetching Bluesky query: IPO
status: 200
Fetching Bluesky query: merger acquisition
Bluesky merger acquisition: SKIP HTTPSConnectionPool(host='api.bsky.app', port=443): Read timed out. (read timeout=25)
Fetching Bluesky query: FDA approval stock
status: 200
Fetching Bluesky query: SEC investigation stock
status: 200
Fetching Bluesky query: options trading
status: 200
Fetching Bluesky query: $AAPL
status: 200
Fetching Bluesky query: $TSLA
status: 200
Fetching Bluesky query: $NVDA
status: 200
Fetching Bluesky query: $AMD
status: 200
{'seen': 238, 'kept': 187, 'upserted': 117, 'modified': 70}
--- StockTwits public symbol streams ---
Fetching StockTwits symbol: AAPL
status: 200
Fetching StockTwits symbol: MSFT
status: 200
Fetching StockTwits symbol: NVDA
status: 200
Fetching StockTwits symbol: AMZN
StockTwits AMZN: SKIP HTTPSConnectionPool(host='api.stocktwits.com', port=443): Read timed out. (read timeout=25)
Fetching StockTwits symbol: META
status: 200
Fetching StockTwits symbol: GOOGL
status: 200
Fetching StockTwits symbol: GOOG
status: 200
Fetching StockTwits symbol: TSLA
status: 200
Fetching StockTwits symbol: AVGO
status: 200
Fetching StockTwits symbol: AMD
status: 200
Fetching StockTwits symbol: ORCL
status: 200
Fetching StockTwits symbol: ADBE
status: 200
Fetching StockTwits symbol: CRM
status: 200
Fetching StockTwits symbol: NFLX
status: 200
Fetching StockTwits symbol: INTC
status: 200
Fetching StockTwits symbol: QCOM
status: 200
Fetching StockTwits symbol: TXN
status: 200
Fetching StockTwits symbol: MU
status: 200
Fetching StockTwits symbol: AMAT
status: 200
Fetching StockTwits symbol: LRCX
status: 200
{'seen': 570, 'kept': 532, 'upserted': 342, 'modified': 190}
===== 5m rolling social counts =====
{"ok":true,"counts":{"StockTwits":532,"Bluesky":89},"rows":[{"_id":"StockTwits","count":532},{"_id":"Bluesky","count":89}],"total":621,"window_minutes":5,"since_sec":1781275323,"now_sec":1781275623}
